t,id,class,x,y,yaw,v,length,width
0.05,1,tractor,93.057,3.592,-0.0227,7.192,5.5,2.2
0.05,2,truck,154.211,0.330,0.0300,9.033,9.0,2.5
0.05,3,bus,56.267,26.756,-0.1842,14.073,11.0,2.6
0.05,4,car,-58.641,-3.609,-0.0065,27.175,4.2,1.8
0.05,5,twowheeler,349.686,4.930,3.0595,7.292,2.0,0.8
0.05,6,car,330.000,4.300,0.0500,0.000,4.2,1.8
0.05,7,pedestrian,420.000,7.500,-1.5708,0.000,0.5,0.5
0.15,1,tractor,93.777,3.617,-0.0105,7.192,5.5,2.2
0.15,2,truck,155.114,0.270,-0.0300,9.033,9.0,2.5
0.15,3,bus,57.643,26.463,-0.2257,14.073,11.0,2.6
0.15,4,car,-55.924,-3.558,0.0152,27.175,4.2,1.8
0.15,5,twowheeler,348.971,4.913,3.1901,7.015,2.0,0.8
0.15,6,car,330.000,4.300,0.0500,0.000,4.2,1.8
0.15,7,pedestrian,420.000,7.500,-1.5708,0.000,0.5,0.5
0.25,1,tractor,94.496,3.588,-0.0184,7.192,5.5,2.2
0.25,2,truck,156.018,0.270,0.0300,9.033,9.0,2.5
0.25,3,bus,59.012,26.129,-0.2274,14.073,11.0,2.6
0.25,4,car,-53.206,-3.525,0.0221,27.175,4.2,1.8
0.25,5,twowheeler,348.282,4.960,3.0531,6.764,2.0,0.8
0.25,6,car,330.000,4.300,0.0500,0.000,4.2,1.8
0.25,7,pedestrian,420.000,7.500,-1.5708,0.000,0.5,0.5
0.35,1,tractor,95.215,3.623,0.0832,7.192,5.5,2.2
0.35,2,truck,156.921,0.238,-0.0134,9.033,9.0,2.5
0.35,3,bus,60.389,25.836,-0.1891,14.073,11.0,2.6
0.35,4,car,-50.489,-3.465,0.0221,27.175,4.2,1.8
0.35,5,twowheeler,347.618,5.011,3.0770,6.531,2.0,0.8
0.35,6,car,330.000,4.300,0.0500,0.000,4.2,1.8
0.35,7,pedestrian,420.000,7.500,-1.5708,0.000,0.5,0.5
0.45,1,tractor,95.934,3.683,0.0832,7.192,5.5,2.2
0.45,2,truck,157.824,0.238,-0.0300,9.033,9.0,2.5
0.45,3,bus,61.767,25.554,-0.1977,14.073,11.0,2.6
0.45,4,car,-47.771,-3.405,0.0221,27.175,4.2,1.8
0.45,5,twowheeler,346.976,5.020,3.1362,6.314,2.0,0.8
0.45,6,car,330.000,4.300,0.0500,0.000,4.2,1.8
0.45,7,pedestrian,420.000,7.500,-1.5708,0.000,0.5,0.5
0.55,1,tractor,96.653,3.680,0.0754,7.192,5.5,2.2
0.55,2,truck,158.727,0.276,0.0173,9.033,9.0,2.5
0.55,3,bus,63.147,25.278,-0.1674,14.073,11.0,2.6
0.55,4,car,-45.054,-3.345,0.0221,27.175,4.2,1.8
0.55,5,twowheeler,346.355,5.013,3.0650,6.108,2.0,0.8
0.55,6,car,330.000,4.300,0.0500,0.000,4.2,1.8
0.55,7,pedestrian,420.000,7.500,-1.5708,0.000,0.5,0.5
0.65,1,tractor,97.373,3.680,-0.0832,7.192,5.5,2.2
0.65,2,truck,159.631,0.319,0.0300,9.033,9.0,2.5
0.65,3,bus,64.532,25.028,-0.1674,14.073,11.0,2.6
0.65,4,car,-42.336,-3.405,-0.0221,27.175,4.2,1.8
0.65,5,twowheeler,345.754,5.015,3.0404,5.912,2.0,0.8
0.65,6,car,330.000,4.300,0.0500,0.000,4.2,1.8
0.65,7,pedestrian,420.000,7.500,-1.5708,0.000,0.5,0.5
0.75,1,tractor,98.092,3.643,-0.0199,7.192,5.5,2.2
0.75,2,truck,160.534,0.319,0.0300,9.033,9.0,2.5
0.75,3,bus,65.915,24.767,-0.1960,14.073,11.0,2.6
0.75,4,car,-39.618,-3.345,0.0221,27.175,4.2,1.8
0.75,5,twowheeler,345.172,4.968,3.2013,5.722,2.0,0.8
0.75,6,car,330.000,4.300,0.0500,0.000,4.2,1.8
0.75,7,pedestrian,420.000,7.500,-1.5708,0.000,0.5,0.5
0.85,1,tractor,98.811,3.650,0.0665,7.192,5.5,2.2
0.85,2,truck,161.437,0.285,-0.0300,9.033,9.0,2.5
0.85,3,bus,67.306,24.545,-0.1674,14.073,11.0,2.6
0.85,4,car,-36.901,-3.285,0.0221,27.175,4.2,1.8
0.85,5,twowheeler,344.609,4.982,3.1660,5.538,2.0,0.8
0.85,6,car,330.000,4.300,0.0500,0.000,4.2,1.8
0.85,7,pedestrian,420.000,7.500,-1.5708,0.000,0.5,0.5
0.95,1,tractor,99.530,3.590,-0.0832,7.192,5.5,2.2
0.95,2,truck,162.341,0.334,0.0300,9.033,9.0,2.5
0.95,3,bus,68.684,24.261,-0.2010,14.073,11.0,2.6
0.95,4,car,-34.183,-3.225,0.0221,27.175,4.2,1.8
0.95,5,twowheeler,344.064,4.985,3.2053,5.357,2.0,0.8
0.95,6,car,330.000,4.300,0.0500,0.000,4.2,1.8
0.95,7,pedestrian,420.000,7.500,-1.5708,0.000,0.5,0.5
1.05,1,tractor,100.249,3.553,-0.0195,7.192,5.5,2.2
1.05,2,truck,163.244,0.394,0.0300,9.033,9.0,2.5
1.05,3,bus,70.061,23.965,-0.2182,14.073,11.0,2.6
1.05,4,car,-31.466,-3.179,0.0122,27.175,4.2,1.8
1.05,5,twowheeler,343.537,4.985,3.2569,5.180,2.0,0.8
1.05,6,car,330.000,4.300,0.0500,0.000,4.2,1.8
1.05,7,pedestrian,420.000,7.500,-1.5708,0.000,0.5,0.5
1.15,1,tractor,100.968,3.529,-0.0832,7.192,5.5,2.2
1.15,2,truck,164.147,0.454,0.0300,9.033,9.0,2.5
1.15,3,bus,71.443,23.702,-0.1674,14.073,11.0,2.6
1.15,4,car,-28.748,-3.152,0.0221,27.175,4.2,1.8
1.15,5,twowheeler,343.028,4.989,3.2458,5.004,2.0,0.8
1.15,6,car,330.000,4.300,0.0500,0.000,4.2,1.8
1.15,7,pedestrian,420.000,7.500,-1.5708,0.000,0.5,0.5
1.25,1,tractor,101.688,3.562,0.0652,7.192,5.5,2.2
1.25,2,truck,165.051,0.514,0.0300,9.033,9.0,2.5
1.25,3,bus,72.817,23.394,-0.2221,14.073,11.0,2.6
1.25,4,car,-26.031,-3.092,0.0221,27.175,4.2,1.8
1.25,5,twowheeler,342.537,4.947,3.1944,4.829,2.0,0.8
1.25,6,car,330.000,4.300,0.0500,0.000,4.2,1.8
1.25,7,pedestrian,420.000,7.500,-1.5708,0.000,0.5,0.5
1.35,1,tractor,102.407,3.622,0.0832,7.192,5.5,2.2
1.35,2,truck,165.954,0.574,0.0300,9.033,9.0,2.5
1.35,3,bus,74.204,23.153,-0.1674,14.073,11.0,2.6
1.35,4,car,-23.313,-3.092,-0.0221,27.175,4.2,1.8
1.35,5,twowheeler,342.062,4.921,3.1481,4.655,2.0,0.8
1.35,6,car,330.000,4.300,0.0500,0.000,4.2,1.8
1.35,7,pedestrian,420.000,7.500,-1.5708,0.000,0.5,0.5
1.45,1,tractor,103.126,3.682,0.0832,7.192,5.5,2.2
1.45,2,truck,166.857,0.634,0.0300,9.033,9.0,2.5
1.45,3,bus,75.584,22.879,-0.2205,14.073,11.0,2.6
1.45,4,car,-20.596,-3.092,-0.0221,27.175,4.2,1.8
1.45,5,twowheeler,341.606,4.926,3.0210,4.481,2.0,0.8
1.45,6,car,330.000,4.300,0.0500,0.000,4.2,1.8
1.45,7,pedestrian,420.000,7.500,-1.5708,0.000,0.5,0.5
1.55,1,tractor,103.845,3.739,0.0741,7.192,5.5,2.2
1.55,2,truck,167.760,0.634,-0.0300,9.033,9.0,2.5
1.55,3,bus,76.970,22.633,-0.1674,14.073,11.0,2.6
1.55,4,car,-17.878,-3.088,-0.0173,27.175,4.2,1.8
1.55,5,twowheeler,341.166,4.910,3.2273,4.307,2.0,0.8
1.55,6,car,330.000,4.300,0.0500,0.000,4.2,1.8
1.55,7,pedestrian,420.000,7.500,-1.5708,0.000,0.5,0.5
1.65,1,tractor,104.564,3.681,-0.0775,7.192,5.5,2.2
1.65,2,truck,168.664,0.650,0.0300,9.033,9.0,2.5
1.65,3,bus,78.357,22.392,-0.1837,14.073,11.0,2.6
1.65,4,car,-15.161,-3.140,-0.0166,27.175,4.2,1.8
1.65,5,twowheeler,340.744,4.861,3.2857,4.133,2.0,0.8
1.65,6,car,330.000,4.300,0.0500,0.000,4.2,1.8
1.65,7,pedestrian,420.000,7.500,-1.5708,0.000,0.5,0.5
1.75,1,tractor,105.283,3.704,0.0832,7.192,5.5,2.2
1.75,2,truck,169.567,0.590,-0.0300,9.033,9.0,2.5
1.75,3,bus,79.742,22.140,-0.1674,14.073,11.0,2.6
1.75,4,car,-12.443,-3.151,-0.0221,27.175,4.2,1.8
1.75,5,twowheeler,340.339,4.801,3.2916,3.959,2.0,0.8
1.75,6,car,330.000,4.300,0.0500,0.000,4.2,1.8
1.75,7,pedestrian,420.000,7.500,-1.5708,0.000,0.5,0.5
1.85,1,tractor,106.003,3.764,0.0832,7.192,5.5,2.2
1.85,2,truck,170.470,0.530,-0.0300,9.033,9.0,2.5
1.85,3,bus,81.124,21.872,-0.1900,14.073,11.0,2.6
1.85,4,car,-9.726,-3.139,0.0221,27.175,4.2,1.8
1.85,5,twowheeler,339.952,4.789,3.2353,3.785,2.0,0.8
1.85,6,car,330.000,4.300,0.0500,0.000,4.2,1.8
1.85,7,pedestrian,420.000,7.500,-1.5708,0.000,0.5,0.5
1.95,1,tractor,106.722,3.824,0.0832,7.192,5.5,2.2
1.95,2,truck,171.374,0.530,0.0300,9.033,9.0,2.5
1.95,3,bus,82.509,21.626,-0.1674,14.073,11.0,2.6
1.95,4,car,-7.008,-3.093,0.0119,27.175,4.2,1.8
1.95,5,twowheeler,339.583,4.729,3.2916,3.611,2.0,0.8
1.95,6,car,330.000,4.300,0.0500,0.000,4.2,1.8
1.95,7,pedestrian,420.000,7.500,-1.5708,0.000,0.5,0.5
2.05,1,tractor,107.441,3.884,0.0832,7.192,5.5,2.2
2.05,2,truck,172.277,0.590,0.0300,9.033,9.0,2.5
2.05,3,bus,83.889,21.346,-0.2274,14.073,11.0,2.6
2.05,4,car,-4.291,-3.153,-0.0221,27.175,4.2,1.8
2.05,5,twowheeler,339.230,4.724,3.0782,3.437,2.0,0.8
2.05,6,car,330.000,4.300,0.0500,0.000,4.2,1.8
2.05,7,pedestrian,420.000,7.500,-1.5708,0.000,0.5,0.5
2.15,1,tractor,108.160,3.944,0.0832,7.192,5.5,2.2
2.15,2,truck,173.180,0.650,0.0300,9.033,9.0,2.5
2.15,3,bus,85.270,21.076,-0.1674,14.073,11.0,2.6
2.15,4,car,-1.573,-3.213,-0.0221,27.175,4.2,1.8
2.15,5,twowheeler,338.895,4.729,3.0465,3.263,2.0,0.8
2.15,6,car,330.000,4.300,0.0500,0.000,4.2,1.8
2.15,7,pedestrian,420.000,7.500,-1.5708,0.000,0.5,0.5
2.25,1,tractor,108.879,3.923,-0.0501,7.192,5.5,2.2
2.25,2,truck,174.084,0.710,0.0300,9.033,9.0,2.5
2.25,3,bus,86.646,20.782,-0.2274,14.073,11.0,2.6
2.25,4,car,1.145,-3.273,-0.0221,27.175,4.2,1.8
2.25,5,twowheeler,338.577,4.749,3.1965,3.091,2.0,0.8
2.25,6,car,330.000,4.300,0.0500,0.000,4.2,1.8
2.25,7,pedestrian,420.000,7.500,-1.5708,0.000,0.5,0.5
2.35,1,tractor,109.598,3.896,-0.0832,7.192,5.5,2.2
2.35,2,truck,174.987,0.734,-0.0139,9.033,9.0,2.5
2.35,3,bus,88.025,20.499,-0.2072,14.073,11.0,2.6
2.35,4,car,3.862,-3.333,-0.0221,27.175,4.2,1.8
2.35,5,twowheeler,338.277,4.770,3.0316,2.920,2.0,0.8
2.35,6,car,330.000,4.300,0.0500,0.000,4.2,1.8
2.35,7,pedestrian,420.000,7.500,-1.5708,0.000,0.5,0.5
2.45,1,tractor,110.318,3.883,-0.0832,7.192,5.5,2.2
2.45,2,truck,175.890,0.679,-0.0300,9.033,9.0,2.5
2.45,3,bus,89.405,20.224,-0.1750,14.073,11.0,2.6
2.45,4,car,6.580,-3.333,0.0221,27.175,4.2,1.8
2.45,5,twowheeler,337.993,4.763,3.0773,2.751,2.0,0.8
2.45,6,car,330.000,4.300,0.0500,0.000,4.2,1.8
2.45,7,pedestrian,420.000,7.500,-1.5708,0.000,0.5,0.5
2.55,1,tractor,111.037,3.927,0.0383,7.192,5.5,2.2
2.55,2,truck,176.794,0.619,-0.0300,9.033,9.0,2.5
2.55,3,bus,90.790,19.974,-0.1842,14.073,11.0,2.6
2.55,4,car,9.297,-3.273,0.0221,27.175,4.2,1.8
2.55,5,twowheeler,337.727,4.787,3.1891,2.584,2.0,0.8
2.55,6,car,330.000,4.300,0.0500,0.000,4.2,1.8
2.55,7,pedestrian,420.000,7.500,-1.5708,0.000,0.5,0.5
2.65,1,tractor,111.756,3.872,-0.0687,7.192,5.5,2.2
2.65,2,truck,177.697,0.559,-0.0300,9.033,9.0,2.5
2.65,3,bus,92.173,19.713,-0.1674,14.073,11.0,2.6
2.65,4,car,12.015,-3.213,0.0221,27.175,4.2,1.8
2.65,5,twowheeler,337.476,4.847,2.9916,2.421,2.0,0.8
2.65,6,car,330.000,4.300,0.0500,0.000,4.2,1.8
2.65,7,pedestrian,420.000,7.500,-1.5708,0.000,0.5,0.5
2.75,1,tractor,112.475,3.812,-0.0832,7.192,5.5,2.2
2.75,2,truck,178.600,0.619,0.0300,9.033,9.0,2.5
2.75,3,bus,93.544,19.392,-0.2189,14.073,11.0,2.6
2.75,4,car,14.732,-3.213,0.0221,27.175,4.2,1.8
2.75,5,twowheeler,337.242,4.814,3.1619,2.261,2.0,0.8
2.75,6,car,330.000,4.300,0.0500,0.000,4.2,1.8
2.75,7,pedestrian,420.000,7.500,-1.5708,0.000,0.5,0.5
2.85,1,tractor,113.194,3.752,-0.0832,7.192,5.5,2.2
2.85,2,truck,179.503,0.679,0.0300,9.033,9.0,2.5
2.85,3,bus,94.930,19.144,-0.1919,14.073,11.0,2.6
2.85,4,car,17.450,-3.176,0.0049,27.175,4.2,1.8
2.85,5,twowheeler,337.024,4.874,2.9916,2.104,2.0,0.8
2.85,6,car,330.000,4.300,0.0500,0.000,4.2,1.8
2.85,7,pedestrian,420.000,7.500,-1.5708,0.000,0.5,0.5
2.95,1,tractor,113.914,3.767,0.0759,7.192,5.5,2.2
2.95,2,truck,180.407,0.739,0.0300,9.033,9.0,2.5
2.95,3,bus,96.303,18.835,-0.2031,14.073,11.0,2.6
2.95,4,car,20.167,-3.236,-0.0221,27.175,4.2,1.8
2.95,5,twowheeler,336.821,4.934,2.9916,1.952,2.0,0.8
2.95,6,car,330.000,4.300,0.0500,0.000,4.2,1.8
2.95,7,pedestrian,420.000,7.500,-1.5708,0.000,0.5,0.5
3.05,1,tractor,114.633,3.753,-0.0780,7.192,5.5,2.2
3.05,2,truck,181.310,0.799,0.0300,9.033,9.0,2.5
3.05,3,bus,97.683,18.558,-0.2253,14.073,11.0,2.6
3.05,4,car,22.885,-3.296,-0.0221,27.175,4.2,1.8
3.05,5,twowheeler,336.633,4.942,3.1906,1.805,2.0,0.8
3.05,6,car,330.000,4.300,0.0500,0.000,4.2,1.8
3.05,7,pedestrian,420.000,7.500,-1.5708,0.000,0.5,0.5
3.15,1,tractor,115.352,3.756,-0.0629,7.192,5.5,2.2
3.15,2,truck,182.213,0.739,-0.0300,9.033,9.0,2.5
3.15,3,bus,99.071,18.320,-0.1846,14.073,11.0,2.6
3.15,4,car,25.602,-3.356,-0.0221,27.175,4.2,1.8
3.15,5,twowheeler,336.460,4.955,3.0666,1.664,2.0,0.8
3.15,6,car,330.000,4.300,0.0500,0.000,4.2,1.8
3.15,7,pedestrian,420.000,7.500,-1.5708,0.000,0.5,0.5
3.25,1,tractor,116.071,3.726,-0.0001,7.192,5.5,2.2
3.25,2,truck,183.117,0.679,-0.0300,9.033,9.0,2.5
3.25,3,bus,100.452,18.073,-0.1910,14.073,11.0,2.6
3.25,4,car,28.320,-3.416,-0.0221,27.175,4.2,1.8
3.25,5,twowheeler,336.301,4.923,3.1591,1.528,2.0,0.8
3.25,6,car,330.000,4.300,0.0500,0.000,4.2,1.8
3.25,7,pedestrian,420.000,7.500,-1.5708,0.000,0.5,0.5
3.35,1,tractor,116.790,3.746,0.0405,7.192,5.5,2.2
3.35,2,truck,184.020,0.666,-0.0300,9.033,9.0,2.5
3.35,3,bus,101.832,17.790,-0.2032,14.073,11.0,2.6
3.35,4,car,31.037,-3.423,-0.0221,27.175,4.2,1.8
3.35,5,twowheeler,336.154,4.886,3.2916,1.398,2.0,0.8
3.35,6,car,330.000,4.300,0.0500,0.000,4.2,1.8
3.35,7,pedestrian,420.000,7.500,-1.5708,0.000,0.5,0.5
3.45,1,tractor,117.509,3.777,0.0832,7.192,5.5,2.2
3.45,2,truck,184.923,0.726,0.0300,9.033,9.0,2.5
3.45,3,bus,103.208,17.488,-0.2032,14.073,11.0,2.6
3.45,4,car,33.755,-3.467,-0.0221,27.175,4.2,1.8
3.45,5,twowheeler,336.021,4.841,3.2653,1.274,2.0,0.8
3.45,6,car,330.000,4.300,0.0500,0.000,4.2,1.8
3.45,7,pedestrian,420.000,7.500,-1.5708,0.000,0.5,0.5
3.55,1,tractor,118.229,3.808,0.0832,7.192,5.5,2.2
3.55,2,truck,185.827,0.786,0.0300,9.033,9.0,2.5
3.55,3,bus,104.585,17.195,-0.2032,14.073,11.0,2.6
3.55,4,car,36.473,-3.511,-0.0153,27.175,4.2,1.8
3.55,5,twowheeler,335.899,4.827,3.0598,1.156,2.0,0.8
3.55,6,car,330.000,4.300,0.0500,0.000,4.2,1.8
3.55,7,pedestrian,420.000,7.500,-1.5708,0.000,0.5,0.5
3.65,1,tractor,118.948,3.849,0.0832,7.192,5.5,2.2
3.65,2,truck,186.730,0.838,0.0300,9.033,9.0,2.5
3.65,3,bus,105.968,16.932,-0.2032,14.073,11.0,2.6
3.65,4,car,39.190,-3.499,0.0221,27.175,4.2,1.8
3.65,5,twowheeler,335.789,4.884,2.9916,1.045,2.0,0.8
3.65,6,car,330.000,4.300,0.0500,0.000,4.2,1.8
3.65,7,pedestrian,420.000,7.500,-1.5708,0.000,0.5,0.5
3.75,1,tractor,119.667,3.887,0.0743,7.192,5.5,2.2
3.75,2,truck,187.633,0.844,-0.0300,9.033,9.0,2.5
3.75,3,bus,107.357,16.708,-0.1880,14.073,11.0,2.6
3.75,4,car,41.908,-3.559,-0.0221,27.175,4.2,1.8
3.75,5,twowheeler,335.690,4.825,3.2916,0.941,2.0,0.8
3.75,6,car,330.000,4.300,0.0500,0.000,4.2,1.8
3.75,7,pedestrian,420.000,7.500,-1.5708,0.000,0.5,0.5
3.85,1,tractor,120.386,3.845,-0.0678,7.192,5.5,2.2
3.85,2,truck,188.537,0.901,0.0300,9.033,9.0,2.5
3.85,3,bus,108.745,16.477,-0.1606,14.073,11.0,2.6
3.85,4,car,44.625,-3.619,-0.0221,27.175,4.2,1.8
3.85,5,twowheeler,335.601,4.770,3.2916,0.844,2.0,0.8
3.85,6,car,330.000,4.300,0.0500,0.000,4.2,1.8
3.85,7,pedestrian,420.000,7.500,-1.5708,0.000,0.5,0.5
3.95,1,tractor,121.105,3.896,0.0832,7.192,5.5,2.2
3.95,2,truck,189.440,0.876,0.0115,9.033,9.0,2.5
3.95,3,bus,110.131,16.230,-0.1982,14.073,11.0,2.6
3.95,4,car,47.343,-3.559,0.0221,27.175,4.2,1.8
3.95,5,twowheeler,335.521,4.720,3.2916,0.753,2.0,0.8
3.95,6,car,330.000,4.300,0.0500,0.000,4.2,1.8
3.95,7,pedestrian,420.000,7.500,-1.5708,0.000,0.5,0.5
4.05,1,tractor,121.824,3.865,-0.0832,7.192,5.5,2.2
4.05,2,truck,190.343,0.936,0.0300,9.033,9.0,2.5
4.05,3,bus,111.516,15.982,-0.1766,14.073,11.0,2.6
4.05,4,car,50.060,-3.499,0.0221,27.175,4.2,1.8
4.05,5,twowheeler,335.450,4.703,3.1847,0.668,2.0,0.8
4.05,6,car,330.000,4.300,0.0500,0.000,4.2,1.8
4.05,7,pedestrian,420.000,7.500,-1.5708,0.000,0.5,0.5
4.15,1,tractor,122.544,3.805,-0.0832,7.192,5.5,2.2
4.15,2,truck,191.246,0.996,0.0300,9.033,9.0,2.5
4.15,3,bus,112.892,15.680,-0.2032,14.073,11.0,2.6
4.15,4,car,52.778,-3.458,0.0083,27.175,4.2,1.8
4.15,5,twowheeler,335.387,4.694,3.2913,0.590,2.0,0.8
4.15,6,car,330.000,4.300,0.0500,0.000,4.2,1.8
4.15,7,pedestrian,420.000,7.500,-1.5708,0.000,0.5,0.5
4.25,1,tractor,123.263,3.745,-0.0832,7.192,5.5,2.2
4.25,2,truck,192.150,0.936,-0.0300,9.033,9.0,2.5
4.25,3,bus,114.283,15.462,-0.1432,14.073,11.0,2.6
4.25,4,car,55.495,-3.432,0.0221,27.175,4.2,1.8
4.25,5,twowheeler,335.332,4.667,3.2175,0.519,2.0,0.8
4.25,6,car,330.000,4.300,0.0500,0.000,4.2,1.8
4.25,7,pedestrian,420.000,7.500,-1.5708,0.000,0.5,0.5
4.35,1,tractor,123.982,3.691,-0.0832,7.192,5.5,2.2
4.35,2,truck,193.053,0.994,0.0300,9.033,9.0,2.5
4.35,3,bus,115.664,15.192,-0.2032,14.073,11.0,2.6
4.35,4,car,58.213,-3.432,0.0221,27.175,4.2,1.8
4.35,5,twowheeler,335.283,4.696,3.0257,0.453,2.0,0.8
4.35,6,car,330.000,4.300,0.0500,0.000,4.2,1.8
4.35,7,pedestrian,420.000,7.500,-1.5708,0.000,0.5,0.5
4.45,1,tractor,124.701,3.631,-0.0832,7.192,5.5,2.2
4.45,2,truck,193.956,0.994,-0.0300,9.033,9.0,2.5
4.45,3,bus,117.053,14.966,-0.1605,14.073,11.0,2.6
4.45,4,car,60.930,-3.372,0.0221,27.175,4.2,1.8
4.45,5,twowheeler,335.241,4.722,3.0406,0.393,2.0,0.8
4.45,6,car,330.000,4.300,0.0500,0.000,4.2,1.8
4.45,7,pedestrian,420.000,7.500,-1.5708,0.000,0.5,0.5
4.55,1,tractor,125.420,3.571,-0.0832,7.192,5.5,2.2
4.55,2,truck,194.860,1.013,0.0300,9.033,9.0,2.5
4.55,3,bus,118.440,14.727,-0.1982,14.073,11.0,2.6
4.55,4,car,63.638,-3.369,-0.0083,26.775,4.2,1.8
4.55,5,twowheeler,335.204,4.745,3.0542,0.338,2.0,0.8
4.55,6,car,330.000,4.300,0.0500,0.000,4.2,1.8
4.55,7,pedestrian,420.000,7.500,-1.5708,0.000,0.5,0.5
4.65,1,tractor,126.139,3.571,0.0826,7.192,5.5,2.2
4.65,2,truck,195.763,1.032,0.0300,9.033,9.0,2.5
4.65,3,bus,119.825,14.479,-0.1858,14.073,11.0,2.6
4.65,4,car,66.275,-3.429,-0.0231,25.975,4.2,1.8
4.65,5,twowheeler,335.173,4.764,3.0666,0.289,2.0,0.8
4.65,6,car,330.000,4.300,0.0500,0.000,4.2,1.8
4.65,7,pedestrian,420.000,7.500,-1.5708,0.000,0.5,0.5
4.75,1,tractor,126.859,3.511,-0.0832,7.192,5.5,2.2
4.75,2,truck,196.666,1.015,-0.0300,9.033,9.0,2.5
4.75,3,bus,121.206,14.207,-0.2032,14.073,11.0,2.6
4.75,4,car,68.833,-3.489,-0.0238,25.175,4.2,1.8
4.75,5,twowheeler,335.146,4.764,3.1416,0.245,2.0,0.8
4.75,6,car,330.000,4.300,0.0500,0.000,4.2,1.8
4.75,7,pedestrian,420.000,7.500,-1.5708,0.000,0.5,0.5
4.85,1,tractor,127.578,3.559,0.0832,7.192,5.5,2.2
4.85,2,truck,197.570,0.999,-0.0300,9.033,9.0,2.5
4.85,3,bus,122.594,13.970,-0.1432,14.073,11.0,2.6
4.85,4,car,71.311,-3.549,-0.0246,24.375,4.2,1.8
4.85,5,twowheeler,335.124,4.764,3.1416,0.205,2.0,0.8
4.85,6,car,330.000,4.300,0.0500,0.000,4.2,1.8
4.85,7,pedestrian,420.000,7.500,-1.5708,0.000,0.5,0.5
4.95,1,tractor,128.297,3.552,-0.0832,7.192,5.5,2.2
4.95,2,truck,198.473,1.022,-0.0155,9.033,9.0,2.5
4.95,3,bus,123.978,13.715,-0.1806,14.073,11.0,2.6
4.95,4,car,73.708,-3.609,-0.0254,23.575,4.2,1.8
4.95,5,twowheeler,335.105,4.764,3.1416,0.170,2.0,0.8
4.95,6,car,330.000,4.300,0.0500,0.000,4.2,1.8
4.95,7,pedestrian,420.000,7.500,-1.5708,0.000,0.5,0.5
5.05,1,tractor,129.016,3.586,0.0832,7.192,5.5,2.2
5.05,2,truck,199.376,0.962,-0.0300,9.033,9.0,2.5
5.05,3,bus,125.363,13.467,-0.1652,14.073,11.0,2.6
5.05,4,car,76.028,-3.669,-0.0263,22.844,4.2,1.8
5.05,5,twowheeler,335.090,4.764,3.1416,0.138,2.0,0.8
5.05,6,car,330.000,4.300,0.0500,0.000,4.2,1.8
5.05,7,pedestrian,420.000,7.500,-1.5708,0.000,0.5,0.5
5.15,1,tractor,129.735,3.568,-0.0832,7.192,5.5,2.2
5.15,2,truck,200.279,0.902,-0.0300,9.033,9.0,2.5
5.15,3,bus,126.749,13.224,-0.1432,14.073,11.0,2.6
5.15,4,car,78.280,-3.699,0.0000,22.176,4.2,1.8
5.15,5,twowheeler,335.077,4.764,3.1416,0.111,2.0,0.8
5.15,6,car,330.000,4.300,0.0500,0.000,4.2,1.8
5.15,7,pedestrian,420.000,7.500,-1.5708,0.000,0.5,0.5
5.25,1,tractor,130.455,3.563,-0.0832,7.192,5.5,2.2
5.25,2,truck,201.183,0.842,-0.0300,9.033,9.0,2.5
5.25,3,bus,128.146,13.041,-0.1432,14.073,11.0,2.6
5.25,4,car,80.462,-3.699,0.0000,21.476,4.2,1.8
5.25,5,twowheeler,335.068,4.764,3.1416,0.087,2.0,0.8
5.25,6,car,330.000,4.300,0.0500,0.000,4.2,1.8
5.25,7,pedestrian,420.000,7.500,-1.5708,0.000,0.5,0.5
5.35,1,tractor,131.174,3.563,0.0832,7.192,5.5,2.2
5.35,2,truck,202.086,0.782,-0.0300,9.033,9.0,2.5
5.35,3,bus,129.542,12.857,-0.1432,14.073,11.0,2.6
5.35,4,car,82.575,-3.699,0.0000,20.776,4.2,1.8
5.35,5,twowheeler,335.060,4.764,3.1416,0.066,2.0,0.8
5.35,6,car,330.000,4.300,0.0500,0.000,4.2,1.8
5.35,7,pedestrian,420.000,7.500,-1.5708,0.000,0.5,0.5
5.45,1,tractor,131.893,3.623,0.0832,7.192,5.5,2.2
5.45,2,truck,202.989,0.722,-0.0300,9.033,9.0,2.5
5.45,3,bus,130.939,12.674,-0.1432,14.073,11.0,2.6
5.45,4,car,84.618,-3.699,0.0000,20.076,4.2,1.8
5.45,5,twowheeler,335.054,4.764,3.1416,0.047,2.0,0.8
5.45,6,car,330.000,4.300,0.0500,0.000,4.2,1.8
5.45,7,pedestrian,420.000,7.500,-1.5708,0.000,0.5,0.5
5.55,1,tractor,132.612,3.673,0.0560,7.192,5.5,2.2
5.55,2,truck,203.893,0.773,0.0300,9.033,9.0,2.5
5.55,3,bus,132.336,12.490,-0.1432,14.073,11.0,2.6
5.55,4,car,86.590,-3.699,0.0000,19.376,4.2,1.8
5.55,5,twowheeler,335.050,4.764,3.1416,0.032,2.0,0.8
5.55,6,car,330.000,4.300,0.0500,0.000,4.2,1.8
5.55,7,pedestrian,420.000,7.500,-1.5708,0.000,0.5,0.5
5.65,1,tractor,133.331,3.733,0.0832,7.192,5.5,2.2
5.65,2,truck,204.796,0.833,0.0300,9.033,9.0,2.5
5.65,3,bus,133.722,12.248,-0.2032,14.073,11.0,2.6
5.65,4,car,88.493,-3.699,0.0000,18.676,4.2,1.8
5.65,5,twowheeler,335.048,4.764,3.1416,0.018,2.0,0.8
5.65,6,car,330.000,4.300,0.0500,0.000,4.2,1.8
5.65,7,pedestrian,420.000,7.500,-1.5708,0.000,0.5,0.5
5.75,1,tractor,134.050,3.764,0.0031,7.192,5.5,2.2
5.75,2,truck,205.699,0.848,-0.0039,9.033,9.0,2.5
5.75,3,bus,135.114,12.037,-0.1432,14.073,11.0,2.6
5.75,4,car,90.325,-3.699,0.0000,17.976,4.2,1.8
5.75,5,twowheeler,335.047,4.764,3.1416,0.007,2.0,0.8
5.75,6,car,330.000,4.300,0.0500,0.000,4.2,1.8
5.75,7,pedestrian,420.000,7.500,-1.5708,0.000,0.5,0.5
5.85,1,tractor,134.770,3.780,0.0832,7.192,5.5,2.2
5.85,2,truck,206.603,0.854,-0.0261,9.033,9.0,2.5
5.85,3,bus,136.499,11.787,-0.1515,14.073,11.0,2.6
5.85,4,car,92.088,-3.699,0.0000,17.276,4.2,1.8
5.85,5,twowheeler,335.046,4.764,3.1416,0.000,2.0,0.8
5.85,6,car,330.000,4.300,0.0500,0.000,4.2,1.8
5.85,7,pedestrian,420.000,7.500,-1.5708,0.000,0.5,0.5
5.95,1,tractor,135.489,3.720,-0.0832,7.192,5.5,2.2
5.95,2,truck,207.506,0.875,0.0300,9.033,9.0,2.5
5.95,3,bus,137.880,11.517,-0.1922,14.073,11.0,2.6
5.95,4,car,93.781,-3.699,0.0000,16.576,4.2,1.8
5.95,5,twowheeler,335.046,4.764,3.1416,0.000,2.0,0.8
5.95,6,car,330.000,4.300,0.0500,0.000,4.2,1.8
5.95,7,pedestrian,420.000,7.500,-1.5708,0.000,0.5,0.5
6.05,1,tractor,136.208,3.734,0.0161,7.192,5.5,2.2
6.05,2,truck,208.409,0.883,0.0300,9.033,9.0,2.5
6.05,3,bus,139.274,11.316,-0.1460,14.073,11.0,2.6
6.05,4,car,95.403,-3.699,0.0000,15.876,4.2,1.8
6.05,5,twowheeler,335.046,4.764,3.1416,0.000,2.0,0.8
6.05,6,car,330.000,4.300,0.0500,0.000,4.2,1.8
6.05,7,pedestrian,420.000,7.500,-1.5708,0.000,0.5,0.5
6.15,1,tractor,136.927,3.695,-0.0255,7.192,5.5,2.2
6.15,2,truck,209.313,0.927,0.0300,9.033,9.0,2.5
6.15,3,bus,140.659,11.066,-0.1903,14.073,11.0,2.6
6.15,4,car,96.966,-3.729,-0.0385,15.570,4.2,1.8
6.15,5,twowheeler,335.046,4.764,3.1416,0.000,2.0,0.8
6.15,6,car,330.000,4.300,0.0500,0.000,4.2,1.8
6.15,7,pedestrian,420.000,7.500,-1.5708,0.000,0.5,0.5
6.25,1,tractor,137.646,3.714,-0.0291,7.192,5.5,2.2
6.25,2,truck,210.216,0.947,-0.0232,9.033,9.0,2.5
6.25,3,bus,142.042,10.807,-0.1786,14.073,11.0,2.6
6.25,4,car,98.527,-3.789,-0.0383,15.652,4.2,1.8
6.25,5,twowheeler,335.046,4.764,3.1416,0.000,2.0,0.8
6.25,6,car,330.000,4.300,0.0500,0.000,4.2,1.8
6.25,7,pedestrian,420.000,7.500,-1.5708,0.000,0.5,0.5
6.35,1,tractor,138.365,3.667,-0.0832,7.192,5.5,2.2
6.35,2,truck,211.119,0.893,-0.0300,9.033,9.0,2.5
6.35,3,bus,143.432,10.584,-0.1522,14.073,11.0,2.6
6.35,4,car,100.096,-3.849,-0.0381,15.726,4.2,1.8
6.35,5,twowheeler,335.046,4.764,3.1416,0.000,2.0,0.8
6.35,6,car,330.000,4.300,0.0500,0.000,4.2,1.8
6.35,7,pedestrian,420.000,7.500,-1.5708,0.000,0.5,0.5
6.45,1,tractor,139.085,3.636,-0.0832,7.192,5.5,2.2
6.45,2,truck,212.022,0.872,-0.0300,9.033,9.0,2.5
6.45,3,bus,144.824,10.375,-0.1477,14.073,11.0,2.6
6.45,4,car,101.672,-3.909,-0.0380,15.794,4.2,1.8
6.45,5,twowheeler,335.046,4.764,3.1416,0.000,2.0,0.8
6.45,6,car,330.000,4.300,0.0500,0.000,4.2,1.8
6.45,7,pedestrian,420.000,7.500,-1.5708,0.000,0.5,0.5
6.55,1,tractor,139.804,3.594,-0.0312,7.192,5.5,2.2
6.55,2,truck,212.926,0.812,-0.0300,9.033,9.0,2.5
6.55,3,bus,146.207,10.115,-0.2032,14.073,11.0,2.6
6.55,4,car,103.254,-3.969,-0.0378,15.858,4.2,1.8
6.55,5,twowheeler,335.046,4.764,3.1416,0.000,2.0,0.8
6.55,6,car,330.000,4.300,0.0500,0.000,4.2,1.8
6.55,7,pedestrian,420.000,7.500,-1.5708,0.000,0.5,0.5
6.65,1,tractor,140.523,3.587,-0.0832,7.192,5.5,2.2
6.65,2,truck,213.829,0.844,0.0300,9.033,9.0,2.5
6.65,3,bus,147.586,9.831,-0.2032,14.073,11.0,2.6
6.65,4,car,104.843,-4.029,-0.0377,15.917,4.2,1.8
6.65,5,twowheeler,335.046,4.764,3.1416,0.000,2.0,0.8
6.65,6,car,330.000,4.300,0.0500,0.000,4.2,1.8
6.65,7,pedestrian,420.000,7.500,-1.5708,0.000,0.5,0.5
6.75,1,tractor,141.242,3.647,0.0832,7.192,5.5,2.2
6.75,2,truck,214.732,0.784,-0.0300,9.033,9.0,2.5
6.75,3,bus,148.971,9.583,-0.1781,14.073,11.0,2.6
6.75,4,car,106.438,-4.089,-0.0375,15.972,4.2,1.8
6.75,5,twowheeler,335.046,4.764,3.1416,0.000,2.0,0.8
6.75,6,car,330.000,4.300,0.0500,0.000,4.2,1.8
6.75,7,pedestrian,420.000,7.500,-1.5708,0.000,0.5,0.5
6.85,1,tractor,141.961,3.642,0.0002,7.192,5.5,2.2
6.85,2,truck,215.636,0.724,-0.0300,9.033,9.0,2.5
6.85,3,bus,150.353,9.315,-0.1925,14.073,11.0,2.6
6.85,4,car,108.037,-4.149,-0.0374,16.021,4.2,1.8
6.85,5,twowheeler,335.046,4.764,3.1416,0.000,2.0,0.8
6.85,6,car,330.000,4.300,0.0500,0.000,4.2,1.8
6.85,7,pedestrian,420.000,7.500,-1.5708,0.000,0.5,0.5
6.95,1,tractor,142.681,3.642,-0.0832,7.192,5.5,2.2
6.95,2,truck,216.539,0.664,-0.0300,9.033,9.0,2.5
6.95,3,bus,151.732,9.030,-0.1918,14.073,11.0,2.6
6.95,4,car,109.642,-4.209,-0.0373,16.063,4.2,1.8
6.95,5,twowheeler,335.046,4.764,3.1416,0.000,2.0,0.8
6.95,6,car,330.000,4.300,0.0500,0.000,4.2,1.8
6.95,7,pedestrian,420.000,7.500,-1.5708,0.000,0.5,0.5
7.05,1,tractor,143.400,3.613,0.0015,7.192,5.5,2.2
7.05,2,truck,217.442,0.609,-0.0300,9.033,9.0,2.5
7.05,3,bus,153.123,8.813,-0.1432,14.073,11.0,2.6
7.05,4,car,111.250,-4.269,-0.0373,16.098,4.2,1.8
7.05,5,twowheeler,335.046,4.764,3.1416,0.000,2.0,0.8
7.05,6,car,330.000,4.300,0.0500,0.000,4.2,1.8
7.05,7,pedestrian,420.000,7.500,-1.5708,0.000,0.5,0.5
7.15,1,tractor,144.119,3.629,-0.0372,7.192,5.5,2.2
7.15,2,truck,218.346,0.561,-0.0300,9.033,9.0,2.5
7.15,3,bus,154.513,8.591,-0.1652,14.073,11.0,2.6
7.15,4,car,112.861,-4.329,-0.0372,16.124,4.2,1.8
7.15,5,twowheeler,335.046,4.764,3.1416,0.000,2.0,0.8
7.15,6,car,330.000,4.300,0.0500,0.000,4.2,1.8
7.15,7,pedestrian,420.000,7.500,-1.5708,0.000,0.5,0.5
7.25,1,tractor,144.838,3.569,-0.0832,7.192,5.5,2.2
7.25,2,truck,219.249,0.561,0.0300,9.033,9.0,2.5
7.25,3,bus,155.895,8.325,-0.1902,14.073,11.0,2.6
7.25,4,car,114.474,-4.389,-0.0372,16.141,4.2,1.8
7.25,5,twowheeler,335.046,4.764,3.1416,0.000,2.0,0.8
7.25,6,car,330.000,4.300,0.0500,0.000,4.2,1.8
7.25,7,pedestrian,420.000,7.500,-1.5708,0.000,0.5,0.5
7.35,1,tractor,145.557,3.509,-0.0832,7.192,5.5,2.2
7.35,2,truck,220.152,0.553,0.0300,9.033,9.0,2.5
7.35,3,bus,157.286,8.109,-0.1432,14.073,11.0,2.6
7.35,4,car,116.089,-4.449,-0.0371,16.149,4.2,1.8
7.35,5,twowheeler,335.046,4.764,3.1416,0.000,2.0,0.8
7.35,6,car,330.000,4.300,0.0500,0.000,4.2,1.8
7.35,7,pedestrian,420.000,7.500,-1.5708,0.000,0.5,0.5
7.45,1,tractor,146.276,3.487,-0.0049,7.192,5.5,2.2
7.45,2,truck,221.056,0.613,0.0300,9.033,9.0,2.5
7.45,3,bus,158.677,7.893,-0.1488,14.073,11.0,2.6
7.45,4,car,117.710,-4.509,-0.0368,16.280,4.2,1.8
7.45,5,twowheeler,335.046,4.764,3.1416,0.000,2.0,0.8
7.45,6,car,330.000,4.300,0.0500,0.000,4.2,1.8
7.45,7,pedestrian,420.000,7.500,-1.5708,0.000,0.5,0.5
7.55,1,tractor,146.996,3.446,-0.0832,7.192,5.5,2.2
7.55,2,truck,221.959,0.653,0.0221,9.033,9.0,2.5
7.55,3,bus,160.058,7.698,-0.0770,14.073,11.0,2.6
7.55,4,car,119.345,-4.569,-0.0365,16.410,4.2,1.8
7.55,5,twowheeler,335.046,4.764,3.1416,0.000,2.0,0.8
7.55,6,car,330.000,4.300,0.0500,0.000,4.2,1.8
7.55,7,pedestrian,420.000,7.500,-1.5708,0.000,0.5,0.5
7.65,1,tractor,147.715,3.446,0.0832,7.192,5.5,2.2
7.65,2,truck,222.862,0.593,-0.0300,9.033,9.0,2.5
7.65,3,bus,161.453,7.525,-0.1272,14.073,11.0,2.6
7.65,4,car,120.992,-4.629,-0.0363,16.540,4.2,1.8
7.65,5,twowheeler,335.046,4.764,3.1416,0.000,2.0,0.8
7.65,6,car,330.000,4.300,0.0500,0.000,4.2,1.8
7.65,7,pedestrian,420.000,7.500,-1.5708,0.000,0.5,0.5
7.75,1,tractor,148.434,3.415,-0.0045,7.192,5.5,2.2
7.75,2,truck,223.765,0.533,-0.0300,9.033,9.0,2.5
7.75,3,bus,162.849,7.346,-0.1151,14.073,11.0,2.6
7.75,4,car,122.642,-4.619,0.0000,16.255,4.2,1.8
7.75,5,twowheeler,335.046,4.764,3.1416,0.000,2.0,0.8
7.75,6,car,330.000,4.300,0.0500,0.000,4.2,1.8
7.75,7,pedestrian,420.000,7.500,-1.5708,0.000,0.5,0.5
7.85,1,tractor,149.153,3.401,0.0149,7.192,5.5,2.2
7.85,2,truck,224.669,0.473,-0.0300,9.033,9.0,2.5
7.85,3,bus,164.250,7.213,-0.0866,14.073,11.0,2.6
7.85,4,car,124.274,-4.559,0.0366,16.386,4.2,1.8
7.85,5,twowheeler,335.046,4.764,3.1416,0.000,2.0,0.8
7.85,6,car,330.000,4.300,0.0500,0.000,4.2,1.8
7.85,7,pedestrian,420.000,7.500,-1.5708,0.000,0.5,0.5
7.95,1,tractor,149.872,3.428,-0.0058,7.192,5.5,2.2
7.95,2,truck,225.572,0.421,-0.0300,9.033,9.0,2.5
7.95,3,bus,165.649,7.061,-0.1135,14.073,11.0,2.6
7.95,4,car,125.888,-4.529,0.0372,16.101,4.2,1.8
7.95,5,twowheeler,335.046,4.764,3.1416,0.000,2.0,0.8
7.95,6,car,330.000,4.300,0.0500,0.000,4.2,1.8
7.95,7,pedestrian,420.000,7.500,-1.5708,0.000,0.5,0.5
8.05,1,tractor,150.591,3.411,-0.0832,7.192,5.5,2.2
8.05,2,truck,226.475,0.361,-0.0300,9.033,9.0,2.5
8.05,3,bus,167.046,6.885,-0.1272,14.073,11.0,2.6
8.05,4,car,127.505,-4.469,0.0369,16.233,4.2,1.8
8.05,5,twowheeler,335.046,4.764,3.1416,0.000,2.0,0.8
8.05,6,car,330.000,4.300,0.0500,0.000,4.2,1.8
8.05,7,pedestrian,420.000,7.500,-1.5708,0.000,0.5,0.5
8.15,1,tractor,151.311,3.390,-0.0095,7.192,5.5,2.2
8.15,2,truck,227.379,0.376,0.0300,9.033,9.0,2.5
8.15,3,bus,168.438,6.659,-0.1272,14.073,11.0,2.6
8.15,4,car,129.104,-4.439,0.0376,15.949,4.2,1.8
8.15,5,twowheeler,335.046,4.764,3.1416,0.000,2.0,0.8
8.15,6,car,330.000,4.300,0.0500,0.000,4.2,1.8
8.15,7,pedestrian,420.000,7.500,-1.5708,0.000,0.5,0.5
8.25,1,tractor,152.030,3.450,0.0832,7.192,5.5,2.2
8.25,2,truck,228.282,0.374,0.0300,9.033,9.0,2.5
8.25,3,bus,169.830,6.433,-0.1272,14.073,11.0,2.6
8.25,4,car,130.705,-4.379,0.0373,16.081,4.2,1.8
8.25,5,twowheeler,335.046,4.764,3.1416,0.000,2.0,0.8
8.25,6,car,330.000,4.300,0.0500,0.000,4.2,1.8
8.25,7,pedestrian,420.000,7.500,-1.5708,0.000,0.5,0.5
8.35,1,tractor,152.749,3.509,0.0832,7.192,5.5,2.2
8.35,2,truck,229.185,0.434,0.0300,9.033,9.0,2.5
8.35,3,bus,171.222,6.206,-0.1272,14.073,11.0,2.6
8.35,4,car,132.289,-4.360,0.0246,15.798,4.2,1.8
8.35,5,twowheeler,335.046,4.764,3.1416,0.000,2.0,0.8
8.35,6,car,330.000,4.300,0.0500,0.000,4.2,1.8
8.35,7,pedestrian,420.000,7.500,-1.5708,0.000,0.5,0.5
8.45,1,tractor,153.468,3.493,0.0120,7.192,5.5,2.2
8.45,2,truck,230.089,0.455,-0.0196,9.033,9.0,2.5
8.45,3,bus,172.614,5.980,-0.1272,14.073,11.0,2.6
8.45,4,car,133.875,-4.387,0.0038,15.930,4.2,1.8
8.45,5,twowheeler,335.046,4.764,3.1416,0.000,2.0,0.8
8.45,6,car,330.000,4.300,0.0500,0.000,4.2,1.8
8.45,7,pedestrian,420.000,7.500,-1.5708,0.000,0.5,0.5
8.55,1,tractor,154.187,3.484,-0.0833,7.187,5.5,2.2
8.55,2,truck,230.992,0.395,-0.0300,9.033,9.0,2.5
8.55,3,bus,174.006,5.754,-0.1272,14.073,11.0,2.6
8.55,4,car,135.475,-4.447,-0.0373,16.063,4.2,1.8
8.55,5,twowheeler,335.046,4.764,3.1416,0.000,2.0,0.8
8.55,6,car,330.000,4.300,0.0500,0.000,4.2,1.8
8.55,7,pedestrian,420.000,7.500,-1.5708,0.000,0.5,0.5
8.65,1,tractor,154.906,3.444,-0.0294,7.183,5.5,2.2
8.65,2,truck,231.895,0.335,-0.0300,9.033,9.0,2.5
8.65,3,bus,175.398,5.528,-0.1272,14.073,11.0,2.6
8.65,4,car,137.088,-4.387,0.0370,16.194,4.2,1.8
8.65,5,twowheeler,335.046,4.764,3.1416,0.000,2.0,0.8
8.65,6,car,330.000,4.300,0.0500,0.000,4.2,1.8
8.65,7,pedestrian,420.000,7.500,-1.5708,0.000,0.5,0.5
8.75,1,tractor,155.624,3.481,0.0834,7.180,5.5,2.2
8.75,2,truck,232.798,0.275,-0.0300,9.033,9.0,2.5
8.75,3,bus,176.790,5.302,-0.1272,14.073,11.0,2.6
8.75,4,car,138.714,-4.327,0.0367,16.325,4.2,1.8
8.75,5,twowheeler,335.046,4.764,3.1416,0.000,2.0,0.8
8.75,6,car,330.000,4.300,0.0500,0.000,4.2,1.8
8.75,7,pedestrian,420.000,7.500,-1.5708,0.000,0.5,0.5
8.85,1,tractor,156.342,3.541,0.0834,7.177,5.5,2.2
8.85,2,truck,233.702,0.335,0.0300,9.033,9.0,2.5
8.85,3,bus,178.182,5.076,-0.1272,14.073,11.0,2.6
8.85,4,car,140.353,-4.334,-0.0364,16.455,4.2,1.8
8.85,5,twowheeler,335.046,4.764,3.1416,0.000,2.0,0.8
8.85,6,car,330.000,4.300,0.0500,0.000,4.2,1.8
8.85,7,pedestrian,420.000,7.500,-1.5708,0.000,0.5,0.5
8.95,1,tractor,157.059,3.594,0.0634,7.176,5.5,2.2
8.95,2,truck,234.605,0.340,0.0300,9.033,9.0,2.5
8.95,3,bus,179.574,4.850,-0.1272,14.073,11.0,2.6
8.95,4,car,142.005,-4.274,0.0362,16.585,4.2,1.8
8.95,5,twowheeler,335.046,4.764,3.1416,0.000,2.0,0.8
8.95,6,car,330.000,4.300,0.0500,0.000,4.2,1.8
8.95,7,pedestrian,420.000,7.500,-1.5708,0.000,0.5,0.5
9.05,1,tractor,157.777,3.583,-0.0054,7.174,5.5,2.2
9.05,2,truck,235.508,0.400,0.0300,9.033,9.0,2.5
9.05,3,bus,180.966,4.623,-0.1272,14.073,11.0,2.6
9.05,4,car,143.670,-4.214,0.0359,16.714,4.2,1.8
9.05,5,twowheeler,335.046,4.764,3.1416,0.000,2.0,0.8
9.05,6,car,330.000,4.300,0.0500,0.000,4.2,1.8
9.05,7,pedestrian,420.000,7.500,-1.5708,0.000,0.5,0.5
9.15,1,tractor,158.494,3.643,0.0835,7.173,5.5,2.2
9.15,2,truck,236.412,0.400,-0.0300,9.033,9.0,2.5
9.15,3,bus,182.358,4.397,-0.1272,14.073,11.0,2.6
9.15,4,car,145.347,-4.154,0.0356,16.842,4.2,1.8
9.15,5,twowheeler,335.046,4.764,3.1416,0.000,2.0,0.8
9.15,6,car,330.000,4.300,0.0500,0.000,4.2,1.8
9.15,7,pedestrian,420.000,7.500,-1.5708,0.000,0.5,0.5
9.25,1,tractor,159.211,3.642,0.0801,7.172,5.5,2.2
9.25,2,truck,237.315,0.340,-0.0300,9.033,9.0,2.5
9.25,3,bus,183.750,4.171,-0.1272,14.073,11.0,2.6
9.25,4,car,147.038,-4.094,0.0353,16.970,4.2,1.8
9.25,5,twowheeler,335.046,4.764,3.1416,0.000,2.0,0.8
9.25,6,car,330.000,4.300,0.0500,0.000,4.2,1.8
9.25,7,pedestrian,420.000,7.500,-1.5708,0.000,0.5,0.5
9.35,1,tractor,159.928,3.664,0.0624,7.172,5.5,2.2
9.35,2,truck,238.218,0.280,-0.0300,9.033,9.0,2.5
9.35,3,bus,185.141,3.945,-0.1272,14.073,11.0,2.6
9.35,4,car,148.741,-4.034,0.0351,17.097,4.2,1.8
9.35,5,twowheeler,335.046,4.764,3.1416,0.000,2.0,0.8
9.35,6,car,330.000,4.300,0.0500,0.000,4.2,1.8
9.35,7,pedestrian,420.000,7.500,-1.5708,0.000,0.5,0.5
9.45,1,tractor,160.646,3.604,-0.0835,7.171,5.5,2.2
9.45,2,truck,239.122,0.220,-0.0300,9.033,9.0,2.5
9.45,3,bus,186.533,3.719,-0.1272,14.073,11.0,2.6
9.45,4,car,150.457,-4.034,-0.0348,17.223,4.2,1.8
9.45,5,twowheeler,335.046,4.764,3.1416,0.000,2.0,0.8
9.45,6,car,330.000,4.300,0.0500,0.000,4.2,1.8
9.45,7,pedestrian,420.000,7.500,-1.5708,0.000,0.5,0.5
9.55,1,tractor,161.363,3.619,0.0835,7.171,5.5,2.2
9.55,2,truck,240.025,0.160,-0.0300,9.033,9.0,2.5
9.55,3,bus,187.925,3.493,-0.1272,14.073,11.0,2.6
9.55,4,car,152.186,-4.060,-0.0346,17.349,4.2,1.8
9.55,5,twowheeler,335.046,4.764,3.1416,0.000,2.0,0.8
9.55,6,car,330.000,4.300,0.0500,0.000,4.2,1.8
9.55,7,pedestrian,420.000,7.500,-1.5708,0.000,0.5,0.5
9.65,1,tractor,162.080,3.679,0.0835,7.171,5.5,2.2
9.65,2,truck,240.928,0.100,-0.0300,9.033,9.0,2.5
9.65,3,bus,189.317,3.267,-0.1272,14.073,11.0,2.6
9.65,4,car,153.927,-4.120,-0.0343,17.474,4.2,1.8
9.65,5,twowheeler,335.046,4.764,3.1416,0.000,2.0,0.8
9.65,6,car,330.000,4.300,0.0500,0.000,4.2,1.8
9.65,7,pedestrian,420.000,7.500,-1.5708,0.000,0.5,0.5
9.75,1,tractor,162.797,3.619,-0.0835,7.171,5.5,2.2
9.75,2,truck,241.832,0.057,-0.0294,9.033,9.0,2.5
9.75,3,bus,190.709,3.040,-0.1272,14.073,11.0,2.6
9.75,4,car,155.681,-4.140,0.0111,17.598,4.2,1.8
9.75,5,twowheeler,335.046,4.764,3.1416,0.000,2.0,0.8
9.75,6,car,330.000,4.300,0.0500,0.000,4.2,1.8
9.75,7,pedestrian,420.000,7.500,-1.5708,0.000,0.5,0.5
9.85,1,tractor,163.514,3.619,0.0835,7.171,5.5,2.2
9.85,2,truck,242.735,0.023,-0.0081,9.033,9.0,2.5
9.85,3,bus,192.101,2.814,-0.1272,14.073,11.0,2.6
9.85,4,car,157.447,-4.080,0.0338,17.722,4.2,1.8
9.85,5,twowheeler,335.046,4.764,3.1416,0.000,2.0,0.8
9.85,6,car,330.000,4.300,0.0500,0.000,4.2,1.8
9.85,7,pedestrian,420.000,7.500,-1.5708,0.000,0.5,0.5
9.95,1,tractor,164.231,3.593,0.0103,7.172,5.5,2.2
9.95,2,truck,243.638,-0.037,-0.0300,9.033,9.0,2.5
9.95,3,bus,193.493,2.588,-0.1272,14.073,11.0,2.6
9.95,4,car,159.194,-4.063,0.0190,17.434,4.2,1.8
9.95,5,twowheeler,335.046,4.764,3.1416,0.000,2.0,0.8
9.95,6,car,330.000,4.300,0.0500,0.000,4.2,1.8
9.95,7,pedestrian,420.000,7.500,-1.5708,0.000,0.5,0.5
10.05,1,tractor,164.948,3.644,0.0676,7.172,5.5,2.2
10.05,2,truck,244.541,-0.037,0.0300,9.033,9.0,2.5
10.05,3,bus,194.885,2.362,-0.1272,14.073,11.0,2.6
10.05,4,car,160.903,-4.063,0.0000,16.734,4.2,1.8
10.05,5,twowheeler,335.046,4.764,3.1416,0.000,2.0,0.8
10.05,6,car,330.000,4.300,0.0500,0.000,4.2,1.8
10.05,7,pedestrian,420.000,7.500,-1.5708,0.000,0.5,0.5
10.15,1,tractor,165.666,3.704,0.0835,7.172,5.5,2.2
10.15,2,truck,245.445,0.023,0.0300,9.033,9.0,2.5
10.15,3,bus,196.277,2.136,-0.1272,14.073,11.0,2.6
10.15,4,car,162.541,-4.063,0.0000,16.034,4.2,1.8
10.15,5,twowheeler,335.046,4.764,3.1416,0.000,2.0,0.8
10.15,6,car,330.000,4.300,0.0500,0.000,4.2,1.8
10.15,7,pedestrian,420.000,7.500,-1.5708,0.000,0.5,0.5
10.25,1,tractor,166.383,3.704,0.0835,7.173,5.5,2.2
10.25,2,truck,246.348,0.083,0.0300,9.033,9.0,2.5
10.25,3,bus,197.669,1.910,-0.1272,14.073,11.0,2.6
10.25,4,car,164.151,-4.114,-0.0253,16.166,4.2,1.8
10.25,5,twowheeler,335.046,4.764,3.1416,0.000,2.0,0.8
10.25,6,car,330.000,4.300,0.0500,0.000,4.2,1.8
10.25,7,pedestrian,420.000,7.500,-1.5708,0.000,0.5,0.5
10.35,1,tractor,167.100,3.682,-0.0835,7.173,5.5,2.2
10.35,2,truck,247.251,0.143,0.0300,9.033,9.0,2.5
10.35,3,bus,199.069,1.683,-0.1232,14.073,11.0,2.6
10.35,4,car,165.774,-4.174,-0.0368,16.297,4.2,1.8
10.35,5,twowheeler,335.046,4.764,3.1416,0.000,2.0,0.8
10.35,6,car,330.000,4.300,0.0500,0.000,4.2,1.8
10.35,7,pedestrian,420.000,7.500,-1.5708,0.000,0.5,0.5
10.45,1,tractor,167.817,3.643,-0.0834,7.174,5.5,2.2
10.45,2,truck,248.155,0.083,-0.0300,9.033,9.0,2.5
10.45,3,bus,200.659,1.512,-0.0300,14.073,11.0,2.6
10.45,4,car,167.410,-4.234,-0.0365,16.427,4.2,1.8
10.45,5,twowheeler,335.046,4.764,3.1416,0.000,2.0,0.8
10.45,6,car,330.000,4.300,0.0500,0.000,4.2,1.8
10.45,7,pedestrian,420.000,7.500,-1.5708,0.000,0.5,0.5
10.55,1,tractor,168.535,3.583,-0.0834,7.174,5.5,2.2
10.55,2,truck,249.058,0.023,-0.0300,9.033,9.0,2.5
10.55,3,bus,202.067,1.422,-0.0300,14.073,11.0,2.6
10.55,4,car,169.060,-4.264,-0.0001,16.557,4.2,1.8
10.55,5,twowheeler,335.046,4.764,3.1416,0.000,2.0,0.8
10.55,6,car,330.000,4.300,0.0500,0.000,4.2,1.8
10.55,7,pedestrian,420.000,7.500,-1.5708,0.000,0.5,0.5
10.65,1,tractor,169.252,3.633,0.0560,7.175,5.5,2.2
10.65,2,truck,249.961,-0.037,-0.0300,9.033,9.0,2.5
10.65,3,bus,203.474,1.332,-0.0300,14.073,11.0,2.6
10.65,4,car,170.711,-4.294,0.0000,16.272,4.2,1.8
10.65,5,twowheeler,335.046,4.764,3.1416,0.000,2.0,0.8
10.65,6,car,330.000,4.300,0.0500,0.000,4.2,1.8
10.65,7,pedestrian,420.000,7.500,-1.5708,0.000,0.5,0.5
10.75,1,tractor,169.970,3.663,0.0834,7.175,5.5,2.2
10.75,2,truck,250.865,-0.007,0.0300,9.033,9.0,2.5
10.75,3,bus,204.881,1.242,-0.0300,14.073,11.0,2.6
10.75,4,car,172.335,-4.294,0.0000,15.987,4.2,1.8
10.75,5,twowheeler,335.046,4.764,3.1416,0.000,2.0,0.8
10.75,6,car,330.000,4.300,0.0500,0.000,4.2,1.8
10.75,7,pedestrian,420.000,7.500,-1.5708,0.000,0.5,0.5
10.85,1,tractor,170.687,3.723,0.0834,7.176,5.5,2.2
10.85,2,truck,251.768,0.053,0.0300,9.033,9.0,2.5
10.85,3,bus,206.288,1.152,-0.0300,14.073,11.0,2.6
10.85,4,car,173.898,-4.294,0.0000,15.287,4.2,1.8
10.85,5,twowheeler,335.046,4.764,3.1416,0.000,2.0,0.8
10.85,6,car,330.000,4.300,0.0500,0.000,4.2,1.8
10.85,7,pedestrian,420.000,7.500,-1.5708,0.000,0.5,0.5
10.95,1,tractor,171.405,3.759,0.0172,7.177,5.5,2.2
10.95,2,truck,252.671,0.113,0.0300,9.033,9.0,2.5
10.95,3,bus,207.696,1.062,-0.0300,14.073,11.0,2.6
10.95,4,car,175.392,-4.294,0.0000,14.587,4.2,1.8
10.95,5,twowheeler,335.046,4.764,3.1416,0.000,2.0,0.8
10.95,6,car,330.000,4.300,0.0500,0.000,4.2,1.8
10.95,7,pedestrian,420.000,7.500,-1.5708,0.000,0.5,0.5
11.05,1,tractor,172.123,3.699,-0.0834,7.178,5.5,2.2
11.05,2,truck,253.575,0.173,0.0300,9.033,9.0,2.5
11.05,3,bus,209.103,0.972,-0.0300,14.073,11.0,2.6
11.05,4,car,176.816,-4.294,0.0000,13.887,4.2,1.8
11.05,5,twowheeler,335.046,4.764,3.1416,0.000,2.0,0.8
11.05,6,car,330.000,4.300,0.0500,0.000,4.2,1.8
11.05,7,pedestrian,420.000,7.500,-1.5708,0.000,0.5,0.5
11.15,1,tractor,172.841,3.639,-0.0834,7.179,5.5,2.2
11.15,2,truck,254.478,0.233,0.0300,9.033,9.0,2.5
11.15,3,bus,210.510,0.882,-0.0300,14.073,11.0,2.6
11.15,4,car,178.179,-4.324,-0.0442,13.559,4.2,1.8
11.15,5,twowheeler,335.046,4.764,3.1416,0.000,2.0,0.8
11.15,6,car,330.000,4.300,0.0500,0.000,4.2,1.8
11.15,7,pedestrian,420.000,7.500,-1.5708,0.000,0.5,0.5
11.25,1,tractor,173.559,3.651,0.0057,7.180,5.5,2.2
11.25,2,truck,255.381,0.233,-0.0300,9.033,9.0,2.5
11.25,3,bus,211.918,0.792,-0.0300,14.073,11.0,2.6
11.25,4,car,179.537,-4.342,-0.0050,13.605,4.2,1.8
11.25,5,twowheeler,335.046,4.764,3.1416,0.000,2.0,0.8
11.25,6,car,330.000,4.300,0.0500,0.000,4.2,1.8
11.25,7,pedestrian,420.000,7.500,-1.5708,0.000,0.5,0.5
11.35,1,tractor,174.277,3.591,-0.0834,7.181,5.5,2.2
11.35,2,truck,256.284,0.184,-0.0300,9.033,9.0,2.5
11.35,3,bus,213.325,0.702,-0.0300,14.073,11.0,2.6
11.35,4,car,180.891,-4.372,0.0000,13.279,4.2,1.8
11.35,5,twowheeler,335.046,4.764,3.1416,0.000,2.0,0.8
11.35,6,car,330.000,4.300,0.0500,0.000,4.2,1.8
11.35,7,pedestrian,420.000,7.500,-1.5708,0.000,0.5,0.5
11.45,1,tractor,174.995,3.538,-0.0646,7.182,5.5,2.2
11.45,2,truck,257.188,0.144,-0.0231,9.033,9.0,2.5
11.45,3,bus,214.732,0.612,-0.0300,14.073,11.0,2.6
11.45,4,car,182.193,-4.402,-0.0462,12.974,4.2,1.8
11.45,5,twowheeler,335.046,4.764,3.1416,0.000,2.0,0.8
11.45,6,car,330.000,4.300,0.0500,0.000,4.2,1.8
11.45,7,pedestrian,420.000,7.500,-1.5708,0.000,0.5,0.5
11.55,1,tractor,175.713,3.577,0.0250,7.183,5.5,2.2
11.55,2,truck,258.091,0.144,0.0300,9.033,9.0,2.5
11.55,3,bus,216.140,0.522,-0.0300,14.073,11.0,2.6
11.55,4,car,183.495,-4.462,-0.0459,13.061,4.2,1.8
11.55,5,twowheeler,335.046,4.764,3.1416,0.000,2.0,0.8
11.55,6,car,330.000,4.300,0.0500,0.000,4.2,1.8
11.55,7,pedestrian,420.000,7.500,-1.5708,0.000,0.5,0.5
11.65,1,tractor,176.431,3.637,0.0833,7.184,5.5,2.2
11.65,2,truck,258.994,0.084,-0.0300,9.033,9.0,2.5
11.65,3,bus,217.547,0.432,-0.0300,14.073,11.0,2.6
11.65,4,car,184.806,-4.522,-0.0456,13.147,4.2,1.8
11.65,5,twowheeler,335.046,4.764,3.1416,0.000,2.0,0.8
11.65,6,car,330.000,4.300,0.0500,0.000,4.2,1.8
11.65,7,pedestrian,420.000,7.500,-1.5708,0.000,0.5,0.5
11.75,1,tractor,177.150,3.635,-0.0833,7.184,5.5,2.2
11.75,2,truck,259.898,0.028,-0.0300,9.033,9.0,2.5
11.75,3,bus,218.954,0.342,-0.0300,14.073,11.0,2.6
11.75,4,car,186.124,-4.582,-0.0453,13.230,4.2,1.8
11.75,5,twowheeler,335.046,4.764,3.1416,0.000,2.0,0.8
11.75,6,car,330.000,4.300,0.0500,0.000,4.2,1.8
11.75,7,pedestrian,420.000,7.500,-1.5708,0.000,0.5,0.5
11.85,1,tractor,177.868,3.641,-0.0659,7.185,5.5,2.2
11.85,2,truck,260.801,-0.018,-0.0300,9.033,9.0,2.5
11.85,3,bus,220.362,0.280,-0.0241,14.073,11.0,2.6
11.85,4,car,187.451,-4.642,-0.0451,13.310,4.2,1.8
11.85,5,twowheeler,335.046,4.764,3.1416,0.000,2.0,0.8
11.85,6,car,330.000,4.300,0.0500,0.000,4.2,1.8
11.85,7,pedestrian,420.000,7.500,-1.5708,0.000,0.5,0.5
11.95,1,tractor,178.587,3.701,0.0833,7.185,5.5,2.2
11.95,2,truck,261.704,-0.042,-0.0137,9.033,9.0,2.5
11.95,3,bus,221.769,0.266,-0.0300,14.073,11.0,2.6
11.95,4,car,188.776,-4.672,0.0000,12.998,4.2,1.8
11.95,5,twowheeler,335.046,4.764,3.1416,0.000,2.0,0.8
11.95,6,car,330.000,4.300,0.0500,0.000,4.2,1.8
11.95,7,pedestrian,420.000,7.500,-1.5708,0.000,0.5,0.5
12.05,1,tractor,179.305,3.753,0.0611,7.186,5.5,2.2
12.05,2,truck,262.608,-0.040,-0.0300,9.033,9.0,2.5
12.05,3,bus,223.176,0.309,0.0300,14.073,11.0,2.6
12.05,4,car,190.051,-4.642,0.0472,12.699,4.2,1.8
12.05,5,twowheeler,335.046,4.764,3.1416,0.000,2.0,0.8
12.05,6,car,330.000,4.300,0.0500,0.000,4.2,1.8
12.05,7,pedestrian,420.000,7.500,-1.5708,0.000,0.5,0.5
12.15,1,tractor,180.024,3.790,0.0209,7.186,5.5,2.2
12.15,2,truck,263.511,0.020,0.0300,9.033,9.0,2.5
12.15,3,bus,224.573,0.306,-0.0196,13.864,11.0,2.6
12.15,4,car,191.326,-4.638,0.0468,12.799,4.2,1.8
12.15,5,twowheeler,335.046,4.764,3.1416,0.000,2.0,0.8
12.15,6,car,330.000,4.300,0.0500,0.000,4.2,1.8
12.15,7,pedestrian,420.000,7.500,-1.5708,0.000,0.5,0.5
12.25,1,tractor,180.743,3.780,-0.0833,7.187,5.5,2.2
12.25,2,truck,264.414,0.080,0.0300,9.033,9.0,2.5
12.25,3,bus,225.950,0.283,-0.0265,13.671,11.0,2.6
12.25,4,car,192.611,-4.578,0.0465,12.896,4.2,1.8
12.25,5,twowheeler,335.046,4.764,3.1416,0.000,2.0,0.8
12.25,6,car,330.000,4.300,0.0500,0.000,4.2,1.8
12.25,7,pedestrian,420.000,7.500,-1.5708,0.000,0.5,0.5
12.35,1,tractor,181.461,3.797,0.0797,7.187,5.5,2.2
12.35,2,truck,265.317,0.140,0.0300,9.033,9.0,2.5
12.35,3,bus,227.308,0.288,0.0133,13.491,11.0,2.6
12.35,4,car,193.905,-4.588,0.0316,12.990,4.2,1.8
12.35,5,twowheeler,335.046,4.764,3.1416,0.000,2.0,0.8
12.35,6,car,330.000,4.300,0.0500,0.000,4.2,1.8
12.35,7,pedestrian,420.000,7.500,-1.5708,0.000,0.5,0.5
12.45,1,tractor,182.180,3.773,-0.0833,7.188,5.5,2.2
12.45,2,truck,266.221,0.200,0.0300,9.033,9.0,2.5
12.45,3,bus,228.648,0.283,0.0050,13.323,11.0,2.6
12.45,4,car,195.209,-4.538,0.0458,13.079,4.2,1.8
12.45,5,twowheeler,335.046,4.764,3.1416,0.000,2.0,0.8
12.45,6,car,330.000,4.300,0.0500,0.000,4.2,1.8
12.45,7,pedestrian,420.000,7.500,-1.5708,0.000,0.5,0.5
12.55,1,tractor,182.899,3.713,-0.0833,7.188,5.5,2.2
12.55,2,truck,267.124,0.247,0.0300,9.033,9.0,2.5
12.55,3,bus,229.973,0.277,-0.0026,13.166,11.0,2.6
12.55,4,car,196.521,-4.478,0.0455,13.166,4.2,1.8
12.55,5,twowheeler,335.046,4.764,3.1416,0.000,2.0,0.8
12.55,6,car,330.000,4.300,0.0500,0.000,4.2,1.8
12.55,7,pedestrian,420.000,7.500,-1.5708,0.000,0.5,0.5
12.65,1,tractor,183.618,3.653,-0.0833,7.188,5.5,2.2
12.65,2,truck,268.027,0.195,-0.0300,9.033,9.0,2.5
12.65,3,bus,231.282,0.231,-0.0017,13.018,11.0,2.6
12.65,4,car,197.842,-4.418,0.0453,13.251,4.2,1.8
12.65,5,twowheeler,335.046,4.764,3.1416,0.000,2.0,0.8
12.65,6,car,330.000,4.300,0.0500,0.000,4.2,1.8
12.65,7,pedestrian,420.000,7.500,-1.5708,0.000,0.5,0.5
12.75,1,tractor,184.336,3.642,-0.0269,7.189,5.5,2.2
12.75,2,truck,268.931,0.203,0.0300,9.033,9.0,2.5
12.75,3,bus,232.577,0.274,0.0300,12.880,11.0,2.6
12.75,4,car,199.171,-4.358,0.0450,13.331,4.2,1.8
12.75,5,twowheeler,335.046,4.764,3.1416,0.000,2.0,0.8
12.75,6,car,330.000,4.300,0.0500,0.000,4.2,1.8
12.75,7,pedestrian,420.000,7.500,-1.5708,0.000,0.5,0.5
12.85,1,tractor,185.055,3.591,-0.0779,7.189,5.5,2.2
12.85,2,truck,269.834,0.263,0.0300,9.033,9.0,2.5
12.85,3,bus,233.858,0.316,0.0300,12.749,11.0,2.6
12.85,4,car,200.508,-4.358,-0.0447,13.409,4.2,1.8
12.85,5,twowheeler,335.046,4.764,3.1416,0.000,2.0,0.8
12.85,6,car,330.000,4.300,0.0500,0.000,4.2,1.8
12.85,7,pedestrian,420.000,7.500,-1.5708,0.000,0.5,0.5
12.95,1,tractor,185.774,3.580,-0.0168,7.189,5.5,2.2
12.95,2,truck,270.737,0.323,0.0300,9.033,9.0,2.5
12.95,3,bus,235.127,0.312,0.0187,12.625,11.0,2.6
12.95,4,car,201.853,-4.414,-0.0374,13.484,4.2,1.8
12.95,5,twowheeler,335.046,4.764,3.1416,0.000,2.0,0.8
12.95,6,car,330.000,4.300,0.0500,0.000,4.2,1.8
12.95,7,pedestrian,420.000,7.500,-1.5708,0.000,0.5,0.5
13.05,1,tractor,186.493,3.520,-0.0833,7.189,5.5,2.2
13.05,2,truck,271.641,0.357,0.0300,9.033,9.0,2.5
13.05,3,bus,236.383,0.373,0.0300,12.509,11.0,2.6
13.05,4,car,203.205,-4.434,0.0136,13.553,4.2,1.8
13.05,5,twowheeler,335.046,4.764,3.1416,0.000,2.0,0.8
13.05,6,car,330.000,4.300,0.0500,0.000,4.2,1.8
13.05,7,pedestrian,420.000,7.500,-1.5708,0.000,0.5,0.5
13.15,1,tractor,187.212,3.533,0.0345,7.189,5.5,2.2
13.15,2,truck,272.544,0.297,-0.0300,9.033,9.0,2.5
13.15,3,bus,237.629,0.393,0.0252,12.398,11.0,2.6
13.15,4,car,204.563,-4.446,-0.0440,13.616,4.2,1.8
13.15,5,twowheeler,335.046,4.764,3.1416,0.000,2.0,0.8
13.15,6,car,330.000,4.300,0.0500,0.000,4.2,1.8
13.15,7,pedestrian,420.000,7.500,-1.5708,0.000,0.5,0.5
13.25,1,tractor,187.931,3.564,0.0023,7.190,5.5,2.2
13.25,2,truck,273.447,0.321,-0.0131,9.033,9.0,2.5
13.25,3,bus,238.863,0.414,-0.0120,12.292,11.0,2.6
13.25,4,car,205.927,-4.441,0.0174,13.669,4.2,1.8
13.25,5,twowheeler,335.046,4.764,3.1416,0.000,2.0,0.8
13.25,6,car,330.000,4.300,0.0500,0.000,4.2,1.8
13.25,7,pedestrian,420.000,7.500,-1.5708,0.000,0.5,0.5
13.35,1,tractor,188.650,3.531,-0.0071,7.190,5.5,2.2
13.35,2,truck,274.351,0.381,0.0300,9.033,9.0,2.5
13.35,3,bus,240.087,0.409,-0.0135,12.192,11.0,2.6
13.35,4,car,207.297,-4.438,-0.0361,13.715,4.2,1.8
13.35,5,twowheeler,335.046,4.764,3.1416,0.000,2.0,0.8
13.35,6,car,330.000,4.300,0.0500,0.000,4.2,1.8
13.35,7,pedestrian,420.000,7.500,-1.5708,0.000,0.5,0.5
13.45,1,tractor,189.369,3.520,-0.0833,7.190,5.5,2.2
13.45,2,truck,275.254,0.325,-0.0300,9.033,9.0,2.5
13.45,3,bus,241.302,0.427,0.0300,12.096,11.0,2.6
13.45,4,car,208.670,-4.438,0.0436,13.753,4.2,1.8
13.45,5,twowheeler,335.046,4.764,3.1416,0.000,2.0,0.8
13.45,6,car,330.000,4.300,0.0500,0.000,4.2,1.8
13.45,7,pedestrian,420.000,7.500,-1.5708,0.000,0.5,0.5
13.55,1,tractor,190.088,3.580,0.0833,7.190,5.5,2.2
13.55,2,truck,276.157,0.359,0.0300,9.033,9.0,2.5
13.55,3,bus,242.507,0.377,-0.0300,12.005,11.0,2.6
13.55,4,car,210.047,-4.438,-0.0435,13.784,4.2,1.8
13.55,5,twowheeler,335.046,4.764,3.1416,0.000,2.0,0.8
13.55,6,car,330.000,4.300,0.0500,0.000,4.2,1.8
13.55,7,pedestrian,420.000,7.500,-1.5708,0.000,0.5,0.5
13.65,1,tractor,190.807,3.622,0.0557,7.190,5.5,2.2
13.65,2,truck,277.060,0.344,-0.0300,9.033,9.0,2.5
13.65,3,bus,243.703,0.392,0.0300,11.917,11.0,2.6
13.65,4,car,211.427,-4.470,-0.0434,13.804,4.2,1.8
13.65,5,twowheeler,335.046,4.764,3.1416,0.000,2.0,0.8
13.65,6,car,330.000,4.300,0.0500,0.000,4.2,1.8
13.65,7,pedestrian,420.000,7.500,-1.5708,0.000,0.5,0.5
13.75,1,tractor,191.526,3.573,-0.0833,7.190,5.5,2.2
13.75,2,truck,277.964,0.284,-0.0300,9.033,9.0,2.5
13.75,3,bus,244.890,0.392,0.0275,11.833,11.0,2.6
13.75,4,car,212.807,-4.470,-0.0433,13.813,4.2,1.8
13.75,5,twowheeler,335.046,4.764,3.1416,0.000,2.0,0.8
13.75,6,car,330.000,4.300,0.0500,0.000,4.2,1.8
13.75,7,pedestrian,420.000,7.500,-1.5708,0.000,0.5,0.5
13.85,1,tractor,192.245,3.573,0.0833,7.190,5.5,2.2
13.85,2,truck,278.867,0.224,-0.0300,9.033,9.0,2.5
13.85,3,bus,246.069,0.384,0.0300,11.752,11.0,2.6
13.85,4,car,214.189,-4.470,0.0434,13.811,4.2,1.8
13.85,5,twowheeler,335.046,4.764,3.1416,0.000,2.0,0.8
13.85,6,car,330.000,4.300,0.0500,0.000,4.2,1.8
13.85,7,pedestrian,420.000,7.500,-1.5708,0.000,0.5,0.5
13.95,1,tractor,192.964,3.573,-0.0832,7.191,5.5,2.2
13.95,2,truck,279.770,0.204,-0.0300,9.033,9.0,2.5
13.95,3,bus,247.241,0.365,-0.0031,11.675,11.0,2.6
13.95,4,car,215.569,-4.487,-0.0048,13.796,4.2,1.8
13.95,5,twowheeler,335.046,4.764,3.1416,0.000,2.0,0.8
13.95,6,car,330.000,4.300,0.0500,0.000,4.2,1.8
13.95,7,pedestrian,420.000,7.500,-1.5708,0.000,0.5,0.5
14.05,1,tractor,193.683,3.523,-0.0832,7.191,5.5,2.2
14.05,2,truck,280.674,0.188,0.0300,9.033,9.0,2.5
14.05,3,bus,248.404,0.322,-0.0300,11.601,11.0,2.6
14.05,4,car,216.947,-4.427,0.0436,13.768,4.2,1.8
14.05,5,twowheeler,335.046,4.764,3.1416,0.000,2.0,0.8
14.05,6,car,330.000,4.300,0.0500,0.000,4.2,1.8
14.05,7,pedestrian,420.000,7.500,-1.5708,0.000,0.5,0.5
14.15,1,tractor,194.402,3.523,-0.0832,7.191,5.5,2.2
14.15,2,truck,281.577,0.149,-0.0300,9.033,9.0,2.5
14.15,3,bus,249.561,0.367,0.0300,11.529,11.0,2.6
14.15,4,car,218.322,-4.427,-0.0437,13.727,4.2,1.8
14.15,5,twowheeler,335.046,4.764,3.1416,0.000,2.0,0.8
14.15,6,car,330.000,4.300,0.0500,0.000,4.2,1.8
14.15,7,pedestrian,420.000,7.500,-1.5708,0.000,0.5,0.5
14.25,1,tractor,195.121,3.537,0.0006,7.191,5.5,2.2
14.25,2,truck,282.480,0.089,-0.0300,9.033,9.0,2.5
14.25,3,bus,250.710,0.381,-0.0112,11.460,11.0,2.6
14.25,4,car,219.692,-4.427,0.0439,13.672,4.2,1.8
14.25,5,twowheeler,335.046,4.764,3.1416,0.000,2.0,0.8
14.25,6,car,330.000,4.300,0.0500,0.000,4.2,1.8
14.25,7,pedestrian,420.000,7.500,-1.5708,0.000,0.5,0.5
14.35,1,tractor,195.840,3.477,-0.0832,7.191,5.5,2.2
14.35,2,truck,283.384,0.029,-0.0300,9.033,9.0,2.5
14.35,3,bus,251.853,0.363,-0.0300,11.393,11.0,2.6
14.35,4,car,221.056,-4.389,0.0120,13.603,4.2,1.8
14.35,5,twowheeler,335.046,4.764,3.1416,0.000,2.0,0.8
14.35,6,car,330.000,4.300,0.0500,0.000,4.2,1.8
14.35,7,pedestrian,420.000,7.500,-1.5708,0.000,0.5,0.5
14.45,1,tractor,196.560,3.417,-0.0832,7.191,5.5,2.2
14.45,2,truck,284.287,-0.031,-0.0300,9.033,9.0,2.5
14.45,3,bus,252.989,0.347,-0.0128,11.329,11.0,2.6
14.45,4,car,222.412,-4.419,-0.0443,13.521,4.2,1.8
14.45,5,twowheeler,335.046,4.764,3.1416,0.000,2.0,0.8
14.45,6,car,330.000,4.300,0.0500,0.000,4.2,1.8
14.45,7,pedestrian,420.000,7.500,-1.5708,0.000,0.5,0.5
14.55,1,tractor,197.279,3.364,-0.0832,7.191,5.5,2.2
14.55,2,truck,285.190,-0.091,-0.0300,9.033,9.0,2.5
14.55,3,bus,254.119,0.307,-0.0300,11.267,11.0,2.6
14.55,4,car,223.760,-4.479,-0.0446,13.433,4.2,1.8
14.55,5,twowheeler,335.046,4.764,3.1416,0.000,2.0,0.8
14.55,6,car,330.000,4.300,0.0500,0.000,4.2,1.8
14.55,7,pedestrian,420.000,7.500,-1.5708,0.000,0.5,0.5
14.65,1,tractor,197.998,3.310,-0.0832,7.191,5.5,2.2
14.65,2,truck,286.094,-0.151,-0.0300,9.033,9.0,2.5
14.65,3,bus,255.243,0.349,0.0174,11.206,11.0,2.6
14.65,4,car,225.099,-4.479,-0.0100,13.339,4.2,1.8
14.65,5,twowheeler,335.046,4.764,3.1416,0.000,2.0,0.8
14.65,6,car,330.000,4.300,0.0500,0.000,4.2,1.8
14.65,7,pedestrian,420.000,7.500,-1.5708,0.000,0.5,0.5
14.75,1,tractor,198.717,3.370,0.0832,7.191,5.5,2.2
14.75,2,truck,286.997,-0.211,-0.0300,9.033,9.0,2.5
14.75,3,bus,256.360,0.320,0.0288,11.148,11.0,2.6
14.75,4,car,226.428,-4.430,0.0453,13.239,4.2,1.8
14.75,5,twowheeler,335.046,4.764,3.1416,0.000,2.0,0.8
14.75,6,car,330.000,4.300,0.0500,0.000,4.2,1.8
14.75,7,pedestrian,420.000,7.500,-1.5708,0.000,0.5,0.5
14.85,1,tractor,199.436,3.426,0.0725,7.191,5.5,2.2
14.85,2,truck,287.900,-0.271,-0.0300,9.033,9.0,2.5
14.85,3,bus,257.472,0.323,-0.0064,11.091,11.0,2.6
14.85,4,car,227.746,-4.461,-0.0457,13.132,4.2,1.8
14.85,5,twowheeler,335.046,4.764,3.1416,0.000,2.0,0.8
14.85,6,car,330.000,4.300,0.0500,0.000,4.2,1.8
14.85,7,pedestrian,420.000,7.500,-1.5708,0.000,0.5,0.5
14.95,1,tractor,200.155,3.426,0.0832,7.191,5.5,2.2
14.95,2,truck,288.803,-0.331,-0.0300,9.033,9.0,2.5
14.95,3,bus,258.579,0.279,-0.0242,11.036,11.0,2.6
14.95,4,car,229.054,-4.521,-0.0461,13.018,4.2,1.8
14.95,5,twowheeler,335.046,4.764,3.1416,0.000,2.0,0.8
14.95,6,car,330.000,4.300,0.0500,0.000,4.2,1.8
14.95,7,pedestrian,420.000,7.500,-1.5708,0.000,0.5,0.5
15.05,1,tractor,200.874,3.441,-0.0414,7.191,5.5,2.2
15.05,2,truck,289.707,-0.391,-0.0300,9.033,9.0,2.5
15.05,3,bus,259.680,0.278,-0.0041,10.983,11.0,2.6
15.05,4,car,230.350,-4.513,0.0465,12.901,4.2,1.8
15.05,5,twowheeler,335.046,4.764,3.1416,0.000,2.0,0.8
15.05,6,car,330.000,4.300,0.0500,0.000,4.2,1.8
15.05,7,pedestrian,420.000,7.500,-1.5708,0.000,0.5,0.5
15.15,1,tractor,201.593,3.442,0.0832,7.191,5.5,2.2
15.15,2,truck,290.610,-0.391,-0.0300,9.033,9.0,2.5
15.15,3,bus,260.775,0.240,-0.0297,10.931,11.0,2.6
15.15,4,car,231.634,-4.497,-0.0227,12.781,4.2,1.8
15.15,5,twowheeler,335.046,4.764,3.1416,0.000,2.0,0.8
15.15,6,car,330.000,4.300,0.0500,0.000,4.2,1.8
15.15,7,pedestrian,420.000,7.500,-1.5708,0.000,0.5,0.5
15.25,1,tractor,202.313,3.502,0.0832,7.191,5.5,2.2
15.25,2,truck,291.513,-0.331,0.0300,9.033,9.0,2.5
15.25,3,bus,261.866,0.251,-0.0021,10.881,11.0,2.6
15.25,4,car,232.906,-4.515,0.0199,12.657,4.2,1.8
15.25,5,twowheeler,335.046,4.764,3.1416,0.000,2.0,0.8
15.25,6,car,330.000,4.300,0.0500,0.000,4.2,1.8
15.25,7,pedestrian,420.000,7.500,-1.5708,0.000,0.5,0.5
15.35,1,tractor,203.032,3.562,0.0832,7.191,5.5,2.2
15.35,2,truck,292.417,-0.271,0.0300,9.033,9.0,2.5
15.35,3,bus,262.952,0.258,0.0300,10.832,11.0,2.6
15.35,4,car,234.165,-4.515,0.0479,12.529,4.2,1.8
15.35,5,twowheeler,335.046,4.764,3.1416,0.000,2.0,0.8
15.35,6,car,330.000,4.300,0.0500,0.000,4.2,1.8
15.35,7,pedestrian,420.000,7.500,-1.5708,0.000,0.5,0.5
15.45,1,tractor,203.751,3.622,0.0832,7.191,5.5,2.2
15.45,2,truck,293.320,-0.211,0.0300,9.033,9.0,2.5
15.45,3,bus,264.032,0.281,0.0300,10.784,11.0,2.6
15.45,4,car,235.411,-4.571,-0.0428,12.397,4.2,1.8
15.45,5,twowheeler,335.046,4.764,3.1416,0.000,2.0,0.8
15.45,6,car,330.000,4.300,0.0500,0.000,4.2,1.8
15.45,7,pedestrian,420.000,7.500,-1.5708,0.000,0.5,0.5
15.55,1,tractor,204.470,3.622,-0.0832,7.191,5.5,2.2
15.55,2,truck,294.223,-0.212,-0.0300,9.033,9.0,2.5
15.55,3,bus,265.108,0.219,-0.0300,10.738,11.0,2.6
15.55,4,car,236.644,-4.627,-0.0489,12.263,4.2,1.8
15.55,5,twowheeler,335.046,4.764,3.1416,0.000,2.0,0.8
15.55,6,car,330.000,4.300,0.0500,0.000,4.2,1.8
15.55,7,pedestrian,420.000,7.500,-1.5708,0.000,0.5,0.5
15.65,1,tractor,205.189,3.562,-0.0832,7.191,5.5,2.2
15.65,2,truck,295.127,-0.272,-0.0300,9.033,9.0,2.5
15.65,3,bus,266.180,0.229,0.0001,10.693,11.0,2.6
15.65,4,car,237.843,-4.597,0.0506,11.859,4.2,1.8
15.65,5,twowheeler,335.046,4.764,3.1416,0.000,2.0,0.8
15.65,6,car,330.000,4.300,0.0500,0.000,4.2,1.8
15.65,7,pedestrian,420.000,7.500,-1.5708,0.000,0.5,0.5
15.75,1,tractor,205.908,3.562,0.0832,7.191,5.5,2.2
15.75,2,truck,296.030,-0.326,-0.0300,9.033,9.0,2.5
15.75,3,bus,267.247,0.208,-0.0156,10.649,11.0,2.6
15.75,4,car,239.024,-4.580,-0.0214,11.749,4.2,1.8
15.75,5,twowheeler,335.046,4.764,3.1416,0.000,2.0,0.8
15.75,6,car,330.000,4.300,0.0500,0.000,4.2,1.8
15.75,7,pedestrian,420.000,7.500,-1.5708,0.000,0.5,0.5
15.85,1,tractor,206.627,3.622,0.0832,7.192,5.5,2.2
15.85,2,truck,296.933,-0.369,-0.0300,9.033,9.0,2.5
15.85,3,bus,268.310,0.221,0.0300,10.606,11.0,2.6
15.85,4,car,240.193,-4.624,-0.0248,11.636,4.2,1.8
15.85,5,twowheeler,335.046,4.764,3.1416,0.000,2.0,0.8
15.85,6,car,330.000,4.300,0.0500,0.000,4.2,1.8
15.85,7,pedestrian,420.000,7.500,-1.5708,0.000,0.5,0.5
15.95,1,tractor,207.347,3.676,0.0684,7.192,5.5,2.2
15.95,2,truck,297.836,-0.389,0.0226,9.033,9.0,2.5
15.95,3,bus,269.368,0.223,0.0107,10.564,11.0,2.6
15.95,4,car,241.351,-4.684,-0.0520,11.520,4.2,1.8
15.95,5,twowheeler,335.046,4.764,3.1416,0.000,2.0,0.8
15.95,6,car,330.000,4.300,0.0500,0.000,4.2,1.8
15.95,7,pedestrian,420.000,7.500,-1.5708,0.000,0.5,0.5
16.05,1,tractor,208.066,3.693,0.0789,7.192,5.5,2.2
16.05,2,truck,298.740,-0.428,-0.0187,9.033,9.0,2.5
16.05,3,bus,270.423,0.245,0.0300,10.524,11.0,2.6
16.05,4,car,242.497,-4.744,-0.0526,11.400,4.2,1.8
16.05,5,twowheeler,335.046,4.764,3.1416,0.000,2.0,0.8
16.05,6,car,330.000,4.300,0.0500,0.000,4.2,1.8
16.05,7,pedestrian,420.000,7.500,-1.5708,0.000,0.5,0.5
16.15,1,tractor,208.785,3.633,-0.0832,7.192,5.5,2.2
16.15,2,truck,299.643,-0.445,-0.0300,9.033,9.0,2.5
16.15,3,bus,271.473,0.261,0.0300,10.484,11.0,2.6
16.15,4,car,243.631,-4.702,0.0216,11.280,4.2,1.8
16.15,5,twowheeler,335.046,4.764,3.1416,0.000,2.0,0.8
16.15,6,car,330.000,4.300,0.0500,0.000,4.2,1.8
16.15,7,pedestrian,420.000,7.500,-1.5708,0.000,0.5,0.5
16.25,1,tractor,209.504,3.573,-0.0832,7.192,5.5,2.2
16.25,2,truck,300.546,-0.453,0.0300,9.033,9.0,2.5
16.25,3,bus,272.520,0.265,-0.0261,10.445,11.0,2.6
16.25,4,car,244.745,-4.732,0.0000,10.872,4.2,1.8
16.25,5,twowheeler,335.046,4.764,3.1416,0.000,2.0,0.8
16.25,6,car,330.000,4.300,0.0500,0.000,4.2,1.8
16.25,7,pedestrian,420.000,7.500,-1.5708,0.000,0.5,0.5
16.35,1,tractor,210.223,3.513,-0.0832,7.192,5.5,2.2
16.35,2,truck,301.450,-0.513,-0.0300,9.033,9.0,2.5
16.35,3,bus,273.562,0.231,-0.0300,10.407,11.0,2.6
16.35,4,car,245.829,-4.792,-0.0555,10.798,4.2,1.8
16.35,5,twowheeler,335.046,4.764,3.1416,0.000,2.0,0.8
16.35,6,car,330.000,4.300,0.0500,0.000,4.2,1.8
16.35,7,pedestrian,420.000,7.500,-1.5708,0.000,0.5,0.5
16.45,1,tractor,210.942,3.453,-0.0832,7.192,5.5,2.2
16.45,2,truck,302.353,-0.551,-0.0192,9.033,9.0,2.5
16.45,3,bus,274.601,0.228,-0.0181,10.370,11.0,2.6
16.45,4,car,246.905,-4.852,-0.0558,10.732,4.2,1.8
16.45,5,twowheeler,335.046,4.764,3.1416,0.000,2.0,0.8
16.45,6,car,330.000,4.300,0.0500,0.000,4.2,1.8
16.45,7,pedestrian,420.000,7.500,-1.5708,0.000,0.5,0.5
16.55,1,tractor,211.662,3.393,-0.0832,7.192,5.5,2.2
16.55,2,truck,303.256,-0.491,0.0300,9.033,9.0,2.5
16.55,3,bus,275.636,0.246,-0.0034,10.334,11.0,2.6
16.55,4,car,247.976,-4.884,-0.0033,10.672,4.2,1.8
16.55,5,twowheeler,335.046,4.764,3.1416,0.000,2.0,0.8
16.55,6,car,330.000,4.300,0.0500,0.000,4.2,1.8
16.55,7,pedestrian,420.000,7.500,-1.5708,0.000,0.5,0.5
16.65,1,tractor,212.381,3.408,0.0832,7.192,5.5,2.2
16.65,2,truck,304.160,-0.439,0.0300,9.033,9.0,2.5
16.65,3,bus,276.668,0.304,0.0300,10.298,11.0,2.6
16.65,4,car,249.040,-4.944,-0.0564,10.620,4.2,1.8
16.65,5,twowheeler,335.046,4.764,3.1416,0.000,2.0,0.8
16.65,6,car,330.000,4.300,0.0500,0.000,4.2,1.8
16.65,7,pedestrian,420.000,7.500,-1.5708,0.000,0.5,0.5
16.75,1,tractor,213.100,3.468,0.0832,7.192,5.5,2.2
16.75,2,truck,305.063,-0.499,-0.0300,9.033,9.0,2.5
16.75,3,bus,277.696,0.245,-0.0300,10.264,11.0,2.6
16.75,4,car,250.100,-4.955,0.0249,10.573,4.2,1.8
16.75,5,twowheeler,335.046,4.764,3.1416,0.000,2.0,0.8
16.75,6,car,330.000,4.300,0.0500,0.000,4.2,1.8
16.75,7,pedestrian,420.000,7.500,-1.5708,0.000,0.5,0.5
16.85,1,tractor,213.819,3.468,0.0832,7.192,5.5,2.2
16.85,2,truck,305.966,-0.468,0.0039,9.033,9.0,2.5
16.85,3,bus,278.721,0.204,-0.0300,10.230,11.0,2.6
16.85,4,car,251.155,-5.011,-0.0479,10.532,4.2,1.8
16.85,5,twowheeler,335.046,4.764,3.1416,0.000,2.0,0.8
16.85,6,car,330.000,4.300,0.0500,0.000,4.2,1.8
16.85,7,pedestrian,420.000,7.500,-1.5708,0.000,0.5,0.5
16.95,1,tractor,214.538,3.505,0.0832,7.192,5.5,2.2
16.95,2,truck,306.870,-0.408,0.0300,9.033,9.0,2.5
16.95,3,bus,279.742,0.208,0.0300,10.197,11.0,2.6
16.95,4,car,252.206,-4.974,0.0130,10.496,4.2,1.8
16.95,5,twowheeler,335.046,4.764,3.1416,0.000,2.0,0.8
16.95,6,car,330.000,4.300,0.0500,0.000,4.2,1.8
16.95,7,pedestrian,420.000,7.500,-1.5708,0.000,0.5,0.5
17.05,1,tractor,215.257,3.549,0.0832,7.192,5.5,2.2
17.05,2,truck,307.773,-0.348,0.0300,9.033,9.0,2.5
17.05,3,bus,280.760,0.209,-0.0096,10.165,11.0,2.6
17.05,4,car,253.254,-4.983,-0.0573,10.464,4.2,1.8
17.05,5,twowheeler,335.046,4.764,3.1416,0.000,2.0,0.8
17.05,6,car,330.000,4.300,0.0500,0.000,4.2,1.8
17.05,7,pedestrian,420.000,7.500,-1.5708,0.000,0.5,0.5
17.15,1,tractor,215.977,3.494,-0.0703,7.192,5.5,2.2
17.15,2,truck,308.676,-0.288,0.0300,9.033,9.0,2.5
17.15,3,bus,281.775,0.164,-0.0300,10.134,11.0,2.6
17.15,4,car,254.300,-5.043,-0.0574,10.442,4.2,1.8
17.15,5,twowheeler,335.046,4.764,3.1416,0.000,2.0,0.8
17.15,6,car,330.000,4.300,0.0500,0.000,4.2,1.8
17.15,7,pedestrian,420.000,7.500,-1.5708,0.000,0.5,0.5
17.25,1,tractor,216.696,3.535,0.0563,7.192,5.5,2.2
17.25,2,truck,309.579,-0.228,0.0300,9.033,9.0,2.5
17.25,3,bus,282.787,0.181,0.0254,10.103,11.0,2.6
17.25,4,car,255.318,-5.073,-0.0593,10.100,4.2,1.8
17.25,5,twowheeler,335.046,4.764,3.1416,0.000,2.0,0.8
17.25,6,car,330.000,4.300,0.0500,0.000,4.2,1.8
17.25,7,pedestrian,420.000,7.500,-1.5708,0.000,0.5,0.5
17.35,1,tractor,217.415,3.500,-0.0832,7.192,5.5,2.2
17.35,2,truck,310.483,-0.168,0.0300,9.033,9.0,2.5
17.35,3,bus,283.796,0.193,0.0050,10.073,11.0,2.6
17.35,4,car,256.329,-5.133,-0.0592,10.121,4.2,1.8
17.35,5,twowheeler,335.046,4.764,3.1416,0.000,2.0,0.8
17.35,6,car,330.000,4.300,0.0500,0.000,4.2,1.8
17.35,7,pedestrian,420.000,7.500,-1.5708,0.000,0.5,0.5
17.45,1,tractor,218.134,3.504,0.0832,7.192,5.5,2.2
17.45,2,truck,311.386,-0.108,0.0300,9.033,9.0,2.5
17.45,3,bus,284.801,0.214,-0.0257,10.044,11.0,2.6
17.45,4,car,257.342,-5.133,0.0591,10.146,4.2,1.8
17.45,5,twowheeler,335.046,4.764,3.1416,0.000,2.0,0.8
17.45,6,car,330.000,4.300,0.0500,0.000,4.2,1.8
17.45,7,pedestrian,420.000,7.500,-1.5708,0.000,0.5,0.5
17.55,1,tractor,218.853,3.444,-0.0832,7.192,5.5,2.2
17.55,2,truck,312.289,-0.048,0.0300,9.033,9.0,2.5
17.55,3,bus,285.804,0.158,-0.0300,10.015,11.0,2.6
17.55,4,car,258.358,-5.073,0.0589,10.175,4.2,1.8
17.55,5,twowheeler,335.046,4.764,3.1416,0.000,2.0,0.8
17.55,6,car,330.000,4.300,0.0500,0.000,4.2,1.8
17.55,7,pedestrian,420.000,7.500,-1.5708,0.000,0.5,0.5
17.65,1,tractor,219.572,3.418,0.0105,7.192,5.5,2.2
17.65,2,truck,313.193,0.012,0.0300,9.033,9.0,2.5
17.65,3,bus,286.804,0.196,-0.0136,9.987,11.0,2.6
17.65,4,car,259.377,-5.013,0.0587,10.207,4.2,1.8
17.65,5,twowheeler,335.046,4.764,3.1416,0.000,2.0,0.8
17.65,6,car,330.000,4.300,0.0500,0.000,4.2,1.8
17.65,7,pedestrian,420.000,7.500,-1.5708,0.000,0.5,0.5
17.75,1,tractor,220.292,3.417,-0.0832,7.192,5.5,2.2
17.75,2,truck,314.096,0.072,0.0300,9.033,9.0,2.5
17.75,3,bus,287.802,0.228,0.0300,9.960,11.0,2.6
17.75,4,car,260.400,-4.964,0.0585,10.241,4.2,1.8
17.75,5,twowheeler,335.046,4.764,3.1416,0.000,2.0,0.8
17.75,6,car,330.000,4.300,0.0500,0.000,4.2,1.8
17.75,7,pedestrian,420.000,7.500,-1.5708,0.000,0.5,0.5
17.85,1,tractor,221.011,3.451,0.0700,7.192,5.5,2.2
17.85,2,truck,314.999,0.132,0.0300,9.033,9.0,2.5
17.85,3,bus,288.796,0.234,-0.0300,9.933,11.0,2.6
17.85,4,car,261.425,-4.924,0.0409,10.273,4.2,1.8
17.85,5,twowheeler,335.046,4.764,3.1416,0.000,2.0,0.8
17.85,6,car,330.000,4.300,0.0500,0.000,4.2,1.8
17.85,7,pedestrian,420.000,7.500,-1.5708,0.000,0.5,0.5
17.95,1,tractor,221.730,3.391,-0.0832,7.192,5.5,2.2
17.95,2,truck,315.903,0.132,-0.0300,9.033,9.0,2.5
17.95,3,bus,289.788,0.227,-0.0048,9.907,11.0,2.6
17.95,4,car,262.454,-4.864,0.0582,10.299,4.2,1.8
17.95,5,twowheeler,335.046,4.764,3.1416,0.000,2.0,0.8
17.95,6,car,330.000,4.300,0.0500,0.000,4.2,1.8
17.95,7,pedestrian,420.000,7.500,-1.5708,0.000,0.5,0.5
18.05,1,tractor,222.449,3.331,-0.0832,7.192,5.5,2.2
18.05,2,truck,316.806,0.192,0.0300,9.033,9.0,2.5
18.05,3,bus,290.778,0.278,0.0300,9.881,11.0,2.6
18.05,4,car,263.485,-4.864,-0.0581,10.317,4.2,1.8
18.05,5,twowheeler,335.046,4.764,3.1416,0.000,2.0,0.8
18.05,6,car,330.000,4.300,0.0500,0.000,4.2,1.8
18.05,7,pedestrian,420.000,7.500,-1.5708,0.000,0.5,0.5
18.15,1,tractor,223.168,3.331,0.0832,7.192,5.5,2.2
18.15,2,truck,317.709,0.190,0.0300,9.033,9.0,2.5
18.15,3,bus,291.765,0.303,0.0017,9.856,11.0,2.6
18.15,4,car,264.517,-4.804,0.0580,10.327,4.2,1.8
18.15,5,twowheeler,335.046,4.764,3.1416,0.000,2.0,0.8
18.15,6,car,330.000,4.300,0.0500,0.000,4.2,1.8
18.15,7,pedestrian,420.000,7.500,-1.5708,0.000,0.5,0.5
18.25,1,tractor,223.887,3.354,0.0832,7.192,5.5,2.2
18.25,2,truck,318.613,0.194,0.0300,9.033,9.0,2.5
18.25,3,bus,292.749,0.284,0.0300,9.832,11.0,2.6
18.25,4,car,265.550,-4.852,-0.0580,10.327,4.2,1.8
18.25,5,twowheeler,335.046,4.764,3.1416,0.000,2.0,0.8
18.25,6,car,330.000,4.300,0.0500,0.000,4.2,1.8
18.25,7,pedestrian,420.000,7.500,-1.5708,0.000,0.5,0.5
18.35,1,tractor,224.607,3.414,0.0832,7.192,5.5,2.2
18.35,2,truck,319.516,0.194,-0.0300,9.033,9.0,2.5
18.35,3,bus,293.731,0.328,0.0279,9.808,11.0,2.6
18.35,4,car,266.582,-4.861,-0.0581,10.316,4.2,1.8
18.35,5,twowheeler,335.046,4.764,3.1416,0.000,2.0,0.8
18.35,6,car,330.000,4.300,0.0500,0.000,4.2,1.8
18.35,7,pedestrian,420.000,7.500,-1.5708,0.000,0.5,0.5
18.45,1,tractor,225.326,3.414,-0.0832,7.192,5.5,2.2
18.45,2,truck,320.419,0.160,-0.0077,9.033,9.0,2.5
18.45,3,bus,294.711,0.329,-0.0056,9.785,11.0,2.6
18.45,4,car,267.613,-4.894,-0.0071,10.297,4.2,1.8
18.45,5,twowheeler,335.046,4.764,3.1416,0.000,2.0,0.8
18.45,6,car,330.000,4.300,0.0500,0.000,4.2,1.8
18.45,7,pedestrian,420.000,7.500,-1.5708,0.000,0.5,0.5
18.55,1,tractor,226.045,3.422,0.0832,7.192,5.5,2.2
18.55,2,truck,321.322,0.153,-0.0300,9.033,9.0,2.5
18.55,3,bus,295.688,0.333,-0.0300,9.762,11.0,2.6
18.55,4,car,268.641,-4.865,0.0166,10.272,4.2,1.8
18.55,5,twowheeler,335.046,4.764,3.1416,0.000,2.0,0.8
18.55,6,car,330.000,4.300,0.0500,0.000,4.2,1.8
18.55,7,pedestrian,420.000,7.500,-1.5708,0.000,0.5,0.5
18.65,1,tractor,226.764,3.408,-0.0504,7.192,5.5,2.2
18.65,2,truck,322.226,0.121,-0.0300,9.033,9.0,2.5
18.65,3,bus,296.663,0.316,-0.0121,9.740,11.0,2.6
18.65,4,car,269.667,-4.925,-0.0585,10.246,4.2,1.8
18.65,5,twowheeler,335.046,4.764,3.1416,0.000,2.0,0.8
18.65,6,car,330.000,4.300,0.0500,0.000,4.2,1.8
18.65,7,pedestrian,420.000,7.500,-1.5708,0.000,0.5,0.5
18.75,1,tractor,227.483,3.351,-0.0758,7.192,5.5,2.2
18.75,2,truck,323.129,0.091,-0.0077,9.033,9.0,2.5
18.75,3,bus,297.636,0.249,-0.0300,9.719,11.0,2.6
18.75,4,car,270.691,-4.926,0.0113,10.222,4.2,1.8
18.75,5,twowheeler,335.046,4.764,3.1416,0.000,2.0,0.8
18.75,6,car,330.000,4.300,0.0500,0.000,4.2,1.8
18.75,7,pedestrian,420.000,7.500,-1.5708,0.000,0.5,0.5
18.85,1,tractor,228.202,3.319,-0.0832,7.192,5.5,2.2
18.85,2,truck,324.032,0.091,-0.0300,9.033,9.0,2.5
18.85,3,bus,298.607,0.302,0.0300,9.698,11.0,2.6
18.85,4,car,271.712,-4.881,0.0379,10.197,4.2,1.8
18.85,5,twowheeler,335.046,4.764,3.1416,0.000,2.0,0.8
18.85,6,car,330.000,4.300,0.0500,0.000,4.2,1.8
18.85,7,pedestrian,420.000,7.500,-1.5708,0.000,0.5,0.5
18.95,1,tractor,228.922,3.335,-0.0396,7.192,5.5,2.2
18.95,2,truck,324.936,0.151,0.0300,9.033,9.0,2.5
18.95,3,bus,299.576,0.337,0.0300,9.677,11.0,2.6
18.95,4,car,272.730,-4.907,-0.0589,10.171,4.2,1.8
18.95,5,twowheeler,335.046,4.764,3.1416,0.000,2.0,0.8
18.95,6,car,330.000,4.300,0.0500,0.000,4.2,1.8
18.95,7,pedestrian,420.000,7.500,-1.5708,0.000,0.5,0.5
19.05,1,tractor,229.641,3.304,-0.0832,7.192,5.5,2.2
19.05,2,truck,325.839,0.103,-0.0300,9.033,9.0,2.5
19.05,3,bus,300.542,0.372,0.0300,9.657,11.0,2.6
19.05,4,car,273.746,-4.942,-0.0591,10.143,4.2,1.8
19.05,5,twowheeler,335.046,4.764,3.1416,0.000,2.0,0.8
19.05,6,car,330.000,4.300,0.0500,0.000,4.2,1.8
19.05,7,pedestrian,420.000,7.500,-1.5708,0.000,0.5,0.5
19.15,1,tractor,230.360,3.344,0.0832,7.192,5.5,2.2
19.15,2,truck,326.742,0.163,0.0300,9.033,9.0,2.5
19.15,3,bus,301.507,0.396,-0.0086,9.638,11.0,2.6
19.15,4,car,274.759,-4.957,-0.0032,10.113,4.2,1.8
19.15,5,twowheeler,335.046,4.764,3.1416,0.000,2.0,0.8
19.15,6,car,330.000,4.300,0.0500,0.000,4.2,1.8
19.15,7,pedestrian,420.000,7.500,-1.5708,0.000,0.5,0.5
19.25,1,tractor,231.079,3.404,0.0832,7.192,5.5,2.2
19.25,2,truck,327.646,0.223,0.0300,9.033,9.0,2.5
19.25,3,bus,302.470,0.335,-0.0300,9.618,11.0,2.6
19.25,4,car,275.768,-5.017,-0.0594,10.081,4.2,1.8
19.25,5,twowheeler,335.046,4.764,3.1416,0.000,2.0,0.8
19.25,6,car,330.000,4.300,0.0500,0.000,4.2,1.8
19.25,7,pedestrian,420.000,7.500,-1.5708,0.000,0.5,0.5
19.35,1,tractor,231.798,3.404,-0.0832,7.192,5.5,2.2
19.35,2,truck,328.549,0.223,-0.0300,9.033,9.0,2.5
19.35,3,bus,303.431,0.328,0.0300,9.600,11.0,2.6
19.35,4,car,276.775,-5.051,-0.0597,10.046,4.2,1.8
19.35,5,twowheeler,335.046,4.764,3.1416,0.000,2.0,0.8
19.35,6,car,330.000,4.300,0.0500,0.000,4.2,1.8
19.35,7,pedestrian,420.000,7.500,-1.5708,0.000,0.5,0.5
19.45,1,tractor,232.517,3.419,0.0780,7.192,5.5,2.2
19.45,2,truck,329.452,0.163,-0.0300,9.033,9.0,2.5
19.45,3,bus,304.390,0.331,-0.0102,9.582,11.0,2.6
19.45,4,car,277.769,-5.081,0.0000,9.677,4.2,1.8
19.45,5,twowheeler,335.046,4.764,3.1416,0.000,2.0,0.8
19.45,6,car,330.000,4.300,0.0500,0.000,4.2,1.8
19.45,7,pedestrian,420.000,7.500,-1.5708,0.000,0.5,0.5
19.55,1,tractor,233.237,3.458,0.0832,7.192,5.5,2.2
19.55,2,truck,330.355,0.163,-0.0300,9.033,9.0,2.5
19.55,3,bus,305.347,0.349,0.0267,9.564,11.0,2.6
19.55,4,car,278.736,-5.081,0.0620,9.663,4.2,1.8
19.55,5,twowheeler,335.046,4.764,3.1416,0.000,2.0,0.8
19.55,6,car,330.000,4.300,0.0500,0.000,4.2,1.8
19.55,7,pedestrian,420.000,7.500,-1.5708,0.000,0.5,0.5
19.65,1,tractor,233.956,3.481,0.0832,7.192,5.5,2.2
19.65,2,truck,331.259,0.179,-0.0007,9.033,9.0,2.5
19.65,3,bus,306.303,0.339,0.0050,9.547,11.0,2.6
19.65,4,car,279.702,-5.081,-0.0621,9.652,4.2,1.8
19.65,5,twowheeler,335.046,4.764,3.1416,0.000,2.0,0.8
19.65,6,car,330.000,4.300,0.0500,0.000,4.2,1.8
19.65,7,pedestrian,420.000,7.500,-1.5708,0.000,0.5,0.5
19.75,1,tractor,234.675,3.522,0.0287,7.192,5.5,2.2
19.75,2,truck,332.162,0.179,0.0300,9.033,9.0,2.5
19.75,3,bus,307.257,0.338,0.0281,9.530,11.0,2.6
19.75,4,car,280.667,-5.063,-0.0250,9.647,4.2,1.8
19.75,5,twowheeler,335.046,4.764,3.1416,0.000,2.0,0.8
19.75,6,car,330.000,4.300,0.0500,0.000,4.2,1.8
19.75,7,pedestrian,420.000,7.500,-1.5708,0.000,0.5,0.5
19.85,1,tractor,235.394,3.528,0.0832,7.192,5.5,2.2
19.85,2,truck,333.065,0.119,-0.0300,9.033,9.0,2.5
19.85,3,bus,308.209,0.310,-0.0179,9.514,11.0,2.6
19.85,4,car,281.631,-5.101,-0.0383,9.648,4.2,1.8
19.85,5,twowheeler,335.046,4.764,3.1416,0.000,2.0,0.8
19.85,6,car,330.000,4.300,0.0500,0.000,4.2,1.8
19.85,7,pedestrian,420.000,7.500,-1.5708,0.000,0.5,0.5
19.95,1,tractor,236.113,3.493,-0.0571,7.192,5.5,2.2
19.95,2,truck,333.969,0.059,-0.0300,9.033,9.0,2.5
19.95,3,bus,309.159,0.309,0.0221,9.498,11.0,2.6
19.95,4,car,282.596,-5.089,0.0481,9.653,4.2,1.8
19.95,5,twowheeler,335.046,4.764,3.1416,0.000,2.0,0.8
19.95,6,car,330.000,4.300,0.0500,0.000,4.2,1.8
19.95,7,pedestrian,420.000,7.500,-1.5708,0.000,0.5,0.5
20.05,1,tractor,236.832,3.550,0.0832,7.192,5.5,2.2
20.05,2,truck,334.872,-0.001,-0.0300,9.033,9.0,2.5
20.05,3,bus,310.109,0.312,-0.0300,9.483,11.0,2.6
20.05,4,car,283.562,-5.091,-0.0620,9.661,4.2,1.8
20.05,5,twowheeler,335.046,4.764,3.1416,0.000,2.0,0.8
20.05,6,car,330.000,4.300,0.0500,0.000,4.2,1.8
20.05,7,pedestrian,420.000,7.500,-1.5708,0.000,0.5,0.5
20.15,1,tractor,237.552,3.610,0.0832,7.192,5.5,2.2
20.15,2,truck,335.775,-0.061,-0.0300,9.033,9.0,2.5
20.15,3,bus,311.056,0.328,0.0300,9.468,11.0,2.6
20.15,4,car,284.529,-5.131,-0.0219,9.671,4.2,1.8
20.15,5,twowheeler,335.046,4.764,3.1416,0.000,2.0,0.8
20.15,6,car,330.000,4.300,0.0500,0.000,4.2,1.8
20.15,7,pedestrian,420.000,7.500,-1.5708,0.000,0.5,0.5
20.25,1,tractor,238.271,3.600,0.0536,7.192,5.5,2.2
20.25,2,truck,336.679,-0.121,-0.0300,9.033,9.0,2.5
20.25,3,bus,312.002,0.332,-0.0090,9.453,11.0,2.6
20.25,4,car,285.496,-5.074,0.0616,9.680,4.2,1.8
20.25,5,twowheeler,335.046,4.764,3.1416,0.000,2.0,0.8
20.25,6,car,330.000,4.300,0.0500,0.000,4.2,1.8
20.25,7,pedestrian,420.000,7.500,-1.5708,0.000,0.5,0.5
20.35,1,tractor,238.990,3.660,0.0832,7.192,5.5,2.2
20.35,2,truck,337.582,-0.181,-0.0300,9.033,9.0,2.5
20.35,3,bus,312.947,0.324,0.0300,9.439,11.0,2.6
20.35,4,car,286.465,-5.024,0.0411,9.690,4.2,1.8
20.35,5,twowheeler,335.046,4.764,3.1416,0.000,2.0,0.8
20.35,6,car,330.000,4.300,0.0500,0.000,4.2,1.8
20.35,7,pedestrian,420.000,7.500,-1.5708,0.000,0.5,0.5
20.45,1,tractor,239.709,3.720,0.0832,7.192,5.5,2.2
20.45,2,truck,338.485,-0.241,-0.0300,9.033,9.0,2.5
20.45,3,bus,313.890,0.347,-0.0293,9.425,11.0,2.6
20.45,4,car,287.434,-4.980,0.0618,9.704,4.2,1.8
20.45,5,twowheeler,335.046,4.764,3.1416,0.000,2.0,0.8
20.45,6,car,330.000,4.300,0.0500,0.000,4.2,1.8
20.45,7,pedestrian,420.000,7.500,-1.5708,0.000,0.5,0.5
20.55,1,tractor,240.428,3.780,0.0832,7.192,5.5,2.2
20.55,2,truck,339.389,-0.241,-0.0300,9.033,9.0,2.5
20.55,3,bus,314.832,0.337,0.0286,9.411,11.0,2.6
20.55,4,car,288.406,-4.920,0.0616,9.724,4.2,1.8
20.55,5,twowheeler,335.046,4.764,3.1416,0.000,2.0,0.8
20.55,6,car,330.000,4.300,0.0500,0.000,4.2,1.8
20.55,7,pedestrian,420.000,7.500,-1.5708,0.000,0.5,0.5
20.65,1,tractor,241.148,3.840,0.0832,7.192,5.5,2.2
20.65,2,truck,340.292,-0.291,-0.0300,9.033,9.0,2.5
20.65,3,bus,315.772,0.384,0.0300,9.398,11.0,2.6
20.65,4,car,289.379,-4.872,0.0376,9.750,4.2,1.8
20.65,5,twowheeler,335.046,4.764,3.1416,0.000,2.0,0.8
20.65,6,car,330.000,4.300,0.0500,0.000,4.2,1.8
20.65,7,pedestrian,420.000,7.500,-1.5708,0.000,0.5,0.5
20.75,1,tractor,241.867,3.886,0.0832,7.192,5.5,2.2
20.75,2,truck,341.195,-0.291,0.0300,9.033,9.0,2.5
20.75,3,bus,316.711,0.376,-0.0300,9.386,11.0,2.6
20.75,4,car,290.356,-4.812,0.0613,9.779,4.2,1.8
20.75,5,twowheeler,335.046,4.764,3.1416,0.000,2.0,0.8
20.75,6,car,330.000,4.300,0.0500,0.000,4.2,1.8
20.75,7,pedestrian,420.000,7.500,-1.5708,0.000,0.5,0.5
20.85,1,tractor,242.586,3.874,-0.0445,7.192,5.5,2.2
20.85,2,truck,342.098,-0.231,0.0300,9.033,9.0,2.5
20.85,3,bus,317.649,0.398,0.0300,9.373,11.0,2.6
20.85,4,car,291.335,-4.752,0.0611,9.814,4.2,1.8
20.85,5,twowheeler,335.046,4.764,3.1416,0.000,2.0,0.8
20.85,6,car,330.000,4.300,0.0500,0.000,4.2,1.8
20.85,7,pedestrian,420.000,7.500,-1.5708,0.000,0.5,0.5
20.95,1,tractor,243.305,3.862,-0.0265,7.192,5.5,2.2
20.95,2,truck,343.002,-0.171,0.0300,9.033,9.0,2.5
20.95,3,bus,318.586,0.381,-0.0300,9.361,11.0,2.6
20.95,4,car,292.319,-4.692,0.0608,9.854,4.2,1.8
20.95,5,twowheeler,335.046,4.764,3.1416,0.000,2.0,0.8
20.95,6,car,330.000,4.300,0.0500,0.000,4.2,1.8
20.95,7,pedestrian,420.000,7.500,-1.5708,0.000,0.5,0.5
21.05,1,tractor,244.024,3.878,0.0346,7.192,5.5,2.2
21.05,2,truck,343.905,-0.111,0.0300,9.033,9.0,2.5
21.05,3,bus,319.521,0.407,0.0300,9.350,11.0,2.6
21.05,4,car,293.307,-4.652,0.0193,9.902,4.2,1.8
21.05,5,twowheeler,335.046,4.764,3.1416,0.000,2.0,0.8
21.05,6,car,330.000,4.300,0.0500,0.000,4.2,1.8
21.05,7,pedestrian,420.000,7.500,-1.5708,0.000,0.5,0.5
21.15,1,tractor,244.743,3.854,-0.0251,7.192,5.5,2.2
21.15,2,truck,344.808,-0.051,0.0300,9.033,9.0,2.5
21.15,3,bus,320.456,0.397,-0.0126,9.338,11.0,2.6
21.15,4,car,294.300,-4.645,-0.0376,9.957,4.2,1.8
21.15,5,twowheeler,335.046,4.764,3.1416,0.000,2.0,0.8
21.15,6,car,330.000,4.300,0.0500,0.000,4.2,1.8
21.15,7,pedestrian,420.000,7.500,-1.5708,0.000,0.5,0.5
21.25,1,tractor,245.463,3.854,0.0832,7.192,5.5,2.2
21.25,2,truck,345.712,0.009,0.0300,9.033,9.0,2.5
21.25,3,bus,321.389,0.387,0.0170,9.327,11.0,2.6
21.25,4,car,295.298,-4.633,0.0598,10.015,4.2,1.8
21.25,5,twowheeler,335.046,4.764,3.1416,0.000,2.0,0.8
21.25,6,car,330.000,4.300,0.0500,0.000,4.2,1.8
21.25,7,pedestrian,420.000,7.500,-1.5708,0.000,0.5,0.5
21.35,1,tractor,246.182,3.914,0.0832,7.192,5.5,2.2
21.35,2,truck,346.615,0.069,0.0300,9.033,9.0,2.5
21.35,3,bus,322.321,0.391,0.0170,9.317,11.0,2.6
21.35,4,car,296.302,-4.634,-0.0595,10.071,4.2,1.8
21.35,5,twowheeler,335.046,4.764,3.1416,0.000,2.0,0.8
21.35,6,car,330.000,4.300,0.0500,0.000,4.2,1.8
21.35,7,pedestrian,420.000,7.500,-1.5708,0.000,0.5,0.5
21.45,1,tractor,246.901,3.958,0.0397,7.192,5.5,2.2
21.45,2,truck,347.518,0.129,0.0300,9.033,9.0,2.5
21.45,3,bus,323.252,0.426,0.0300,9.306,11.0,2.6
21.45,4,car,297.312,-4.690,-0.0592,10.129,4.2,1.8
21.45,5,twowheeler,335.046,4.764,3.1416,0.000,2.0,0.8
21.45,6,car,330.000,4.300,0.0500,0.000,4.2,1.8
21.45,7,pedestrian,420.000,7.500,-1.5708,0.000,0.5,0.5
21.55,1,tractor,247.620,3.898,-0.0832,7.192,5.5,2.2
21.55,2,truck,348.422,0.189,0.0300,9.033,9.0,2.5
21.55,3,bus,324.183,0.422,0.0300,9.296,11.0,2.6
21.55,4,car,298.328,-4.750,-0.0588,10.184,4.2,1.8
21.55,5,twowheeler,335.046,4.764,3.1416,0.000,2.0,0.8
21.55,6,car,330.000,4.300,0.0500,0.000,4.2,1.8
21.55,7,pedestrian,420.000,7.500,-1.5708,0.000,0.5,0.5
21.65,1,tractor,248.339,3.867,-0.0030,7.192,5.5,2.2
21.65,2,truck,349.325,0.249,0.0300,9.033,9.0,2.5
21.65,3,bus,325.112,0.409,0.0087,9.287,11.0,2.6
21.65,4,car,299.349,-4.800,-0.0391,10.234,4.2,1.8
21.65,5,twowheeler,335.046,4.764,3.1416,0.000,2.0,0.8
21.65,6,car,330.000,4.300,0.0500,0.000,4.2,1.8
21.65,7,pedestrian,420.000,7.500,-1.5708,0.000,0.5,0.5
21.75,1,tractor,249.058,3.807,-0.0832,7.192,5.5,2.2
21.75,2,truck,350.228,0.280,0.0028,9.033,9.0,2.5
21.75,3,bus,326.040,0.396,-0.0300,9.277,11.0,2.6
21.75,4,car,300.375,-4.800,-0.0583,10.277,4.2,1.8
21.75,5,twowheeler,335.046,4.764,3.1416,0.000,2.0,0.8
21.75,6,car,330.000,4.300,0.0500,0.000,4.2,1.8
21.75,7,pedestrian,420.000,7.500,-1.5708,0.000,0.5,0.5
21.85,1,tractor,249.778,3.798,0.0193,7.192,5.5,2.2
21.85,2,truck,351.132,0.323,0.0300,9.033,9.0,2.5
21.85,3,bus,326.967,0.389,0.0083,9.268,11.0,2.6
21.85,4,car,301.404,-4.740,0.0581,10.312,4.2,1.8
21.85,5,twowheeler,335.046,4.764,3.1416,0.000,2.0,0.8
21.85,6,car,330.000,4.300,0.0500,0.000,4.2,1.8
21.85,7,pedestrian,420.000,7.500,-1.5708,0.000,0.5,0.5
21.95,1,tractor,250.497,3.738,-0.0832,7.192,5.5,2.2
21.95,2,truck,352.035,0.383,0.0300,9.033,9.0,2.5
21.95,3,bus,327.894,0.381,-0.0098,9.259,11.0,2.6
21.95,4,car,302.437,-4.680,0.0580,10.341,4.2,1.8
21.95,5,twowheeler,335.046,4.764,3.1416,0.000,2.0,0.8
21.95,6,car,330.000,4.300,0.0500,0.000,4.2,1.8
21.95,7,pedestrian,420.000,7.500,-1.5708,0.000,0.5,0.5
22.05,1,tractor,251.216,3.678,-0.0832,7.192,5.5,2.2
22.05,2,truck,352.938,0.374,-0.0300,9.033,9.0,2.5
22.05,3,bus,328.819,0.396,-0.0300,9.251,11.0,2.6
22.05,4,car,303.472,-4.647,0.0046,10.367,4.2,1.8
22.05,5,twowheeler,335.046,4.764,3.1416,0.000,2.0,0.8
22.05,6,car,330.000,4.300,0.0500,0.000,4.2,1.8
22.05,7,pedestrian,420.000,7.500,-1.5708,0.000,0.5,0.5
22.15,1,tractor,251.935,3.618,-0.0832,7.192,5.5,2.2
22.15,2,truck,353.841,0.348,-0.0300,9.033,9.0,2.5
22.15,3,bus,329.744,0.372,-0.0300,9.242,11.0,2.6
22.15,4,car,304.510,-4.677,-0.0244,10.386,4.2,1.8
22.15,5,twowheeler,335.046,4.764,3.1416,0.000,2.0,0.8
22.15,6,car,330.000,4.300,0.0500,0.000,4.2,1.8
22.15,7,pedestrian,420.000,7.500,-1.5708,0.000,0.5,0.5
22.25,1,tractor,252.654,3.618,0.0832,7.192,5.5,2.2
22.25,2,truck,354.745,0.288,-0.0300,9.033,9.0,2.5
22.25,3,bus,330.668,0.367,-0.0300,9.234,11.0,2.6
22.25,4,car,305.549,-4.665,0.0563,10.397,4.2,1.8
22.25,5,twowheeler,335.046,4.764,3.1416,0.000,2.0,0.8
22.25,6,car,330.000,4.300,0.0500,0.000,4.2,1.8
22.25,7,pedestrian,420.000,7.500,-1.5708,0.000,0.5,0.5
22.35,1,tractor,253.374,3.678,0.0832,7.192,5.5,2.2
22.35,2,truck,355.648,0.309,-0.0183,9.033,9.0,2.5
22.35,3,bus,331.591,0.333,-0.0300,9.227,11.0,2.6
22.35,4,car,306.589,-4.725,-0.0576,10.396,4.2,1.8
22.35,5,twowheeler,335.046,4.764,3.1416,0.000,2.0,0.8
22.35,6,car,330.000,4.300,0.0500,0.000,4.2,1.8
22.35,7,pedestrian,420.000,7.500,-1.5708,0.000,0.5,0.5
22.45,1,tractor,254.093,3.652,0.0132,7.192,5.5,2.2
22.45,2,truck,356.551,0.369,0.0300,9.033,9.0,2.5
22.45,3,bus,332.513,0.325,0.0057,9.219,11.0,2.6
22.45,4,car,307.628,-4.722,0.0577,10.380,4.2,1.8
22.45,5,twowheeler,335.046,4.764,3.1416,0.000,2.0,0.8
22.45,6,car,330.000,4.300,0.0500,0.000,4.2,1.8
22.45,7,pedestrian,420.000,7.500,-1.5708,0.000,0.5,0.5
22.55,1,tractor,254.812,3.652,-0.0832,7.192,5.5,2.2
22.55,2,truck,357.455,0.429,0.0300,9.033,9.0,2.5
22.55,3,bus,333.434,0.349,0.0300,9.212,11.0,2.6
22.55,4,car,308.664,-4.721,-0.0566,10.349,4.2,1.8
22.55,5,twowheeler,335.046,4.764,3.1416,0.000,2.0,0.8
22.55,6,car,330.000,4.300,0.0500,0.000,4.2,1.8
22.55,7,pedestrian,420.000,7.500,-1.5708,0.000,0.5,0.5
22.65,1,tractor,255.531,3.652,-0.0651,7.192,5.5,2.2
22.65,2,truck,358.358,0.489,0.0300,9.033,9.0,2.5
22.65,3,bus,334.355,0.367,0.0192,9.205,11.0,2.6
22.65,4,car,309.697,-4.661,0.0582,10.299,4.2,1.8
22.65,5,twowheeler,335.046,4.764,3.1416,0.000,2.0,0.8
22.65,6,car,330.000,4.300,0.0500,0.000,4.2,1.8
22.65,7,pedestrian,420.000,7.500,-1.5708,0.000,0.5,0.5
22.75,1,tractor,256.250,3.656,0.0832,7.192,5.5,2.2
22.75,2,truck,359.261,0.489,-0.0300,9.033,9.0,2.5
22.75,3,bus,335.275,0.347,-0.0300,9.198,11.0,2.6
22.75,4,car,310.724,-4.601,0.0586,10.234,4.2,1.8
22.75,5,twowheeler,335.046,4.764,3.1416,0.000,2.0,0.8
22.75,6,car,330.000,4.300,0.0500,0.000,4.2,1.8
22.75,7,pedestrian,420.000,7.500,-1.5708,0.000,0.5,0.5
22.85,1,tractor,256.969,3.663,-0.0563,7.192,5.5,2.2
22.85,2,truck,360.165,0.429,-0.0300,9.033,9.0,2.5
22.85,3,bus,336.195,0.364,0.0300,9.191,11.0,2.6
22.85,4,car,311.743,-4.541,0.0590,10.154,4.2,1.8
22.85,5,twowheeler,335.046,4.764,3.1416,0.000,2.0,0.8
22.85,6,car,330.000,4.300,0.0500,0.000,4.2,1.8
22.85,7,pedestrian,420.000,7.500,-1.5708,0.000,0.5,0.5
22.95,1,tractor,257.689,3.625,-0.0256,7.192,5.5,2.2
22.95,2,truck,361.068,0.369,-0.0300,9.033,9.0,2.5
22.95,3,bus,337.114,0.356,0.0300,9.185,11.0,2.6
22.95,4,car,312.754,-4.481,0.0596,10.060,4.2,1.8
22.95,5,twowheeler,335.046,4.764,3.1416,0.000,2.0,0.8
22.95,6,car,330.000,4.300,0.0500,0.000,4.2,1.8
22.95,7,pedestrian,420.000,7.500,-1.5708,0.000,0.5,0.5
23.05,1,tractor,258.408,3.565,-0.0832,7.192,5.5,2.2
23.05,2,truck,361.971,0.309,-0.0300,9.033,9.0,2.5
23.05,3,bus,338.032,0.350,-0.0300,9.179,11.0,2.6
23.05,4,car,313.754,-4.459,0.0602,9.948,4.2,1.8
23.05,5,twowheeler,335.046,4.764,3.1416,0.000,2.0,0.8
23.05,6,car,330.000,4.300,0.0500,0.000,4.2,1.8
23.05,7,pedestrian,420.000,7.500,-1.5708,0.000,0.5,0.5
23.15,1,tractor,259.127,3.565,0.0832,7.192,5.5,2.2
23.15,2,truck,362.874,0.249,-0.0300,9.033,9.0,2.5
23.15,3,bus,338.949,0.363,0.0300,9.173,11.0,2.6
23.15,4,car,314.743,-4.491,-0.0042,9.822,4.2,1.8
23.15,5,twowheeler,335.046,4.764,3.1416,0.000,2.0,0.8
23.15,6,car,330.000,4.300,0.0500,0.000,4.2,1.8
23.15,7,pedestrian,420.000,7.500,-1.5708,0.000,0.5,0.5
23.25,1,tractor,259.846,3.625,0.0832,7.192,5.5,2.2
23.25,2,truck,363.778,0.189,-0.0300,9.033,9.0,2.5
23.25,3,bus,339.866,0.374,-0.0300,9.167,11.0,2.6
23.25,4,car,315.718,-4.551,-0.0619,9.685,4.2,1.8
23.25,5,twowheeler,335.046,4.764,3.1416,0.000,2.0,0.8
23.25,6,car,330.000,4.300,0.0500,0.000,4.2,1.8
23.25,7,pedestrian,420.000,7.500,-1.5708,0.000,0.5,0.5
23.35,1,tractor,260.565,3.685,0.0832,7.192,5.5,2.2
23.35,2,truck,364.681,0.129,-0.0300,9.033,9.0,2.5
23.35,3,bus,340.783,0.401,0.0294,9.161,11.0,2.6
23.35,4,car,316.659,-4.521,0.0645,9.284,4.2,1.8
23.35,5,twowheeler,335.046,4.764,3.1416,0.000,2.0,0.8
23.35,6,car,330.000,4.300,0.0500,0.000,4.2,1.8
23.35,7,pedestrian,420.000,7.500,-1.5708,0.000,0.5,0.5
23.45,1,tractor,261.284,3.664,-0.0022,7.192,5.5,2.2
23.45,2,truck,365.584,0.069,-0.0300,9.033,9.0,2.5
23.45,3,bus,341.699,0.410,0.0065,9.156,11.0,2.6
23.45,4,car,317.583,-4.483,0.0175,9.187,4.2,1.8
23.45,5,twowheeler,335.046,4.764,3.1416,0.000,2.0,0.8
23.45,6,car,330.000,4.300,0.0500,0.000,4.2,1.8
23.45,7,pedestrian,420.000,7.500,-1.5708,0.000,0.5,0.5
23.55,1,tractor,262.004,3.649,-0.0652,7.192,5.5,2.2
23.55,2,truck,366.488,0.009,-0.0300,9.033,9.0,2.5
23.55,3,bus,342.614,0.391,0.0195,9.151,11.0,2.6
23.55,4,car,318.497,-4.475,0.0625,9.096,4.2,1.8
23.55,5,twowheeler,335.046,4.764,3.1416,0.000,2.0,0.8
23.55,6,car,330.000,4.300,0.0500,0.000,4.2,1.8
23.55,7,pedestrian,420.000,7.500,-1.5708,0.000,0.5,0.5
23.65,1,tractor,262.723,3.628,-0.0654,7.192,5.5,2.2
23.65,2,truck,367.391,-0.051,-0.0300,9.033,9.0,2.5
23.65,3,bus,343.529,0.376,0.0017,9.146,11.0,2.6
23.65,4,car,319.402,-4.469,0.0665,9.010,4.2,1.8
23.65,5,twowheeler,335.046,4.764,3.1416,0.000,2.0,0.8
23.65,6,car,330.000,4.300,0.0500,0.000,4.2,1.8
23.65,7,pedestrian,420.000,7.500,-1.5708,0.000,0.5,0.5
23.75,1,tractor,263.442,3.677,0.0521,7.192,5.5,2.2
23.75,2,truck,368.294,-0.111,-0.0300,9.033,9.0,2.5
23.75,3,bus,344.443,0.377,-0.0052,9.141,11.0,2.6
23.75,4,car,320.299,-4.440,-0.0026,8.931,4.2,1.8
23.75,5,twowheeler,335.046,4.764,3.1416,0.000,2.0,0.8
23.75,6,car,330.000,4.300,0.0500,0.000,4.2,1.8
23.75,7,pedestrian,420.000,7.500,-1.5708,0.000,0.5,0.5
23.85,1,tractor,264.161,3.677,0.0832,7.192,5.5,2.2
23.85,2,truck,369.198,-0.171,-0.0300,9.033,9.0,2.5
23.85,3,bus,345.357,0.371,-0.0032,9.137,11.0,2.6
23.85,4,car,321.189,-4.500,-0.0676,8.860,4.2,1.8
23.85,5,twowheeler,335.046,4.764,3.1416,0.000,2.0,0.8
23.85,6,car,330.000,4.300,0.0500,0.000,4.2,1.8
23.85,7,pedestrian,420.000,7.500,-1.5708,0.000,0.5,0.5
23.95,1,tractor,264.880,3.646,-0.0701,7.192,5.5,2.2
23.95,2,truck,370.101,-0.231,-0.0300,9.033,9.0,2.5
23.95,3,bus,346.271,0.398,0.0300,9.132,11.0,2.6
23.95,4,car,322.072,-4.560,-0.0681,8.797,4.2,1.8
23.95,5,twowheeler,335.046,4.764,3.1416,0.000,2.0,0.8
23.95,6,car,330.000,4.300,0.0500,0.000,4.2,1.8
23.95,7,pedestrian,420.000,7.500,-1.5708,0.000,0.5,0.5
24.05,1,tractor,265.599,3.590,-0.0731,7.192,5.5,2.2
24.05,2,truck,371.004,-0.269,-0.0176,9.033,9.0,2.5
24.05,3,bus,347.184,0.375,-0.0218,9.128,11.0,2.6
24.05,4,car,322.948,-4.523,0.0161,8.742,4.2,1.8
24.05,5,twowheeler,335.046,4.764,3.1416,0.000,2.0,0.8
24.05,6,car,330.000,4.300,0.0500,0.000,4.2,1.8
24.05,7,pedestrian,420.000,7.500,-1.5708,0.000,0.5,0.5
24.15,1,tractor,266.319,3.650,0.0832,7.192,5.5,2.2
24.15,2,truck,371.908,-0.310,-0.0300,9.033,9.0,2.5
24.15,3,bus,348.096,0.354,0.0023,9.124,11.0,2.6
24.15,4,car,323.820,-4.539,-0.0689,8.697,4.2,1.8
24.15,5,twowheeler,335.046,4.764,3.1416,0.000,2.0,0.8
24.15,6,car,330.000,4.300,0.0500,0.000,4.2,1.8
24.15,7,pedestrian,420.000,7.500,-1.5708,0.000,0.5,0.5
24.25,1,tractor,267.038,3.710,0.0832,7.192,5.5,2.2
24.25,2,truck,372.811,-0.323,0.0300,9.033,9.0,2.5
24.25,3,bus,349.008,0.329,-0.0300,9.120,11.0,2.6
24.25,4,car,324.664,-4.509,0.0718,8.345,4.2,1.8
24.25,5,twowheeler,335.046,4.764,3.1416,0.000,2.0,0.8
24.25,6,car,330.000,4.300,0.0500,0.000,4.2,1.8
24.25,7,pedestrian,420.000,7.500,-1.5708,0.000,0.5,0.5
24.35,1,tractor,267.757,3.770,0.0832,7.192,5.5,2.2
24.35,2,truck,373.714,-0.301,-0.0171,9.033,9.0,2.5
24.35,3,bus,349.920,0.295,-0.0300,9.116,11.0,2.6
24.35,4,car,325.498,-4.502,-0.0552,8.345,4.2,1.8
24.35,5,twowheeler,335.046,4.764,3.1416,0.000,2.0,0.8
24.35,6,car,330.000,4.300,0.0500,0.000,4.2,1.8
24.35,7,pedestrian,420.000,7.500,-1.5708,0.000,0.5,0.5
24.45,1,tractor,268.476,3.786,-0.0031,7.192,5.5,2.2
24.45,2,truck,374.617,-0.276,0.0185,9.033,9.0,2.5
24.45,3,bus,350.831,0.298,0.0106,9.112,11.0,2.6
24.45,4,car,326.333,-4.451,0.0500,8.350,4.2,1.8
24.45,5,twowheeler,335.046,4.764,3.1416,0.000,2.0,0.8
24.45,6,car,330.000,4.300,0.0500,0.000,4.2,1.8
24.45,7,pedestrian,420.000,7.500,-1.5708,0.000,0.5,0.5
24.55,1,tractor,269.195,3.795,0.0832,7.192,5.5,2.2
24.55,2,truck,375.521,-0.228,0.0300,9.033,9.0,2.5
24.55,3,bus,351.743,0.368,0.0300,9.109,11.0,2.6
24.55,4,car,327.168,-4.479,0.0067,8.359,4.2,1.8
24.55,5,twowheeler,335.046,4.764,3.1416,0.000,2.0,0.8
24.55,6,car,330.000,4.300,0.0500,0.000,4.2,1.8
24.55,7,pedestrian,420.000,7.500,-1.5708,0.000,0.5,0.5
24.65,1,tractor,269.915,3.795,0.0832,7.192,5.5,2.2
24.65,2,truck,376.424,-0.168,0.0300,9.033,9.0,2.5
24.65,3,bus,352.653,0.395,0.0300,9.105,11.0,2.6
24.65,4,car,328.005,-4.510,-0.0715,8.375,4.2,1.8
24.65,5,twowheeler,335.046,4.764,3.1416,0.000,2.0,0.8
24.65,6,car,330.000,4.300,0.0500,0.000,4.2,1.8
24.65,7,pedestrian,420.000,7.500,-1.5708,0.000,0.5,0.5
24.75,1,tractor,270.634,3.791,-0.0832,7.192,5.5,2.2
24.75,2,truck,377.327,-0.108,0.0300,9.033,9.0,2.5
24.75,3,bus,353.564,0.428,0.0300,9.102,11.0,2.6
24.75,4,car,328.843,-4.510,0.0713,8.399,4.2,1.8
24.75,5,twowheeler,335.046,4.764,3.1416,0.000,2.0,0.8
24.75,6,car,330.000,4.300,0.0500,0.000,4.2,1.8
24.75,7,pedestrian,420.000,7.500,-1.5708,0.000,0.5,0.5
24.85,1,tractor,271.353,3.846,0.0832,7.192,5.5,2.2
24.85,2,truck,378.231,-0.048,0.0300,9.033,9.0,2.5
24.85,3,bus,354.474,0.416,-0.0212,9.099,11.0,2.6
24.85,4,car,329.685,-4.570,-0.0710,8.433,4.2,1.8
24.85,5,twowheeler,335.046,4.764,3.1416,0.000,2.0,0.8
24.85,6,car,330.000,4.300,0.0500,0.000,4.2,1.8
24.85,7,pedestrian,420.000,7.500,-1.5708,0.000,0.5,0.5
24.95,1,tractor,272.072,3.831,-0.0832,7.192,5.5,2.2
24.95,2,truck,379.134,-0.082,-0.0300,9.033,9.0,2.5
24.95,3,bus,355.383,0.398,0.0218,9.096,11.0,2.6
24.95,4,car,330.530,-4.510,0.0707,8.475,4.2,1.8
24.95,5,twowheeler,335.046,4.764,3.1416,0.000,2.0,0.8
24.95,6,car,330.000,4.300,0.0500,0.000,4.2,1.8
24.95,7,pedestrian,420.000,7.500,-1.5708,0.000,0.5,0.5
25.05,1,tractor,272.791,3.835,0.0734,7.192,5.5,2.2
25.05,2,truck,380.037,-0.033,0.0300,9.033,9.0,2.5
25.05,3,bus,356.293,0.409,0.0140,9.093,11.0,2.6
25.05,4,car,331.380,-4.570,-0.0703,8.524,4.2,1.8
25.05,5,twowheeler,335.046,4.764,3.1416,0.000,2.0,0.8
25.05,6,car,330.000,4.300,0.0500,0.000,4.2,1.8
25.05,7,pedestrian,420.000,7.437,-1.5708,1.269,0.5,0.5
25.15,1,tractor,273.510,3.820,-0.0832,7.192,5.5,2.2
25.15,2,truck,380.941,0.027,0.0300,9.033,9.0,2.5
25.15,3,bus,357.202,0.377,-0.0300,9.090,11.0,2.6
25.15,4,car,332.235,-4.600,-0.0577,8.579,4.2,1.8
25.15,5,twowheeler,335.046,4.764,3.1416,0.000,2.0,0.8
25.15,6,car,330.000,4.300,0.0500,0.000,4.2,1.8
25.15,7,pedestrian,420.000,7.310,-1.5708,1.269,0.5,0.5
25.25,1,tractor,274.230,3.760,-0.0832,7.192,5.5,2.2
25.25,2,truck,381.844,0.018,0.0300,9.033,9.0,2.5
25.25,3,bus,358.111,0.409,0.0300,9.087,11.0,2.6
25.25,4,car,333.096,-4.660,-0.0693,8.641,4.2,1.8
25.25,5,twowheeler,335.046,4.764,3.1416,0.000,2.0,0.8
25.25,6,car,330.000,4.300,0.0500,0.000,4.2,1.8
25.25,7,pedestrian,420.000,7.183,-1.5708,1.269,0.5,0.5
25.35,1,tractor,274.949,3.700,-0.0832,7.192,5.5,2.2
25.35,2,truck,382.747,-0.042,-0.0300,9.033,9.0,2.5
25.35,3,bus,359.019,0.383,-0.0266,9.085,11.0,2.6
25.35,4,car,333.964,-4.720,-0.0688,8.707,4.2,1.8
25.35,5,twowheeler,335.046,4.764,3.1416,0.000,2.0,0.8
25.35,6,car,330.000,4.300,0.0500,0.000,4.2,1.8
25.35,7,pedestrian,420.000,7.056,-1.5708,1.269,0.5,0.5
25.45,1,tractor,275.668,3.642,-0.0832,7.192,5.5,2.2
25.45,2,truck,383.650,-0.040,0.0300,9.033,9.0,2.5
25.45,3,bus,359.928,0.424,0.0300,9.082,11.0,2.6
25.45,4,car,334.838,-4.670,0.0682,8.778,4.2,1.8
25.45,5,twowheeler,335.046,4.764,3.1416,0.000,2.0,0.8
25.45,6,car,330.000,4.300,0.0500,0.000,4.2,1.8
25.45,7,pedestrian,420.000,6.929,-1.5708,1.269,0.5,0.5
25.55,1,tractor,276.387,3.614,0.0075,7.192,5.5,2.2
25.55,2,truck,384.554,-0.048,-0.0300,9.033,9.0,2.5
25.55,3,bus,360.836,0.453,0.0300,9.080,11.0,2.6
25.55,4,car,335.719,-4.725,-0.0677,8.854,4.2,1.8
25.55,5,twowheeler,335.046,4.764,3.1416,0.000,2.0,0.8
25.55,6,car,330.000,4.300,0.0500,0.000,4.2,1.8
25.55,7,pedestrian,420.000,6.802,-1.5708,1.269,0.5,0.5
25.65,1,tractor,277.106,3.665,0.0832,7.192,5.5,2.2
25.65,2,truck,385.457,-0.048,0.0300,9.033,9.0,2.5
25.65,3,bus,361.744,0.450,-0.0164,9.077,11.0,2.6
25.65,4,car,336.609,-4.768,-0.0670,8.935,4.2,1.8
25.65,5,twowheeler,335.046,4.764,3.1416,0.000,2.0,0.8
25.65,6,car,330.000,4.300,0.0500,0.000,4.2,1.8
25.65,7,pedestrian,420.000,6.675,-1.5708,1.269,0.5,0.5
25.75,1,tractor,277.825,3.723,0.0832,7.192,5.5,2.2
25.75,2,truck,386.360,0.006,0.0300,9.033,9.0,2.5
25.75,3,bus,362.651,0.505,0.0300,9.075,11.0,2.6
25.75,4,car,337.507,-4.726,0.0270,9.022,4.2,1.8
25.75,5,twowheeler,335.046,4.764,3.1416,0.000,2.0,0.8
25.75,6,car,330.000,4.300,0.0500,0.000,4.2,1.8
25.75,7,pedestrian,420.000,6.548,-1.5708,1.269,0.5,0.5
25.85,1,tractor,278.545,3.724,-0.0362,7.192,5.5,2.2
25.85,2,truck,387.264,-0.054,-0.0300,9.033,9.0,2.5
25.85,3,bus,363.559,0.430,-0.0300,9.073,11.0,2.6
25.85,4,car,338.413,-4.709,-0.0271,9.113,4.2,1.8
25.85,5,twowheeler,335.046,4.764,3.1416,0.000,2.0,0.8
25.85,6,car,330.000,4.300,0.0500,0.000,4.2,1.8
25.85,7,pedestrian,420.000,6.421,-1.5708,1.269,0.5,0.5
25.95,1,tractor,279.264,3.716,-0.0832,7.192,5.5,2.2
25.95,2,truck,388.167,-0.019,0.0111,9.033,9.0,2.5
25.95,3,bus,364.466,0.452,0.0300,9.071,11.0,2.6
25.95,4,car,339.330,-4.768,-0.0632,9.210,4.2,1.8
25.95,5,twowheeler,335.046,4.764,3.1416,0.000,2.0,0.8
25.95,6,car,330.000,4.300,0.0500,0.000,4.2,1.8
25.95,7,pedestrian,420.000,6.294,-1.5708,1.269,0.5,0.5
26.05,1,tractor,279.983,3.776,0.0832,7.192,5.5,2.2
26.05,2,truck,389.070,0.041,0.0300,9.033,9.0,2.5
26.05,3,bus,365.373,0.443,0.0110,9.069,11.0,2.6
26.05,4,car,340.256,-4.727,0.0643,9.311,4.2,1.8
26.05,5,twowheeler,335.046,4.764,3.1416,0.000,2.0,0.8
26.05,6,car,330.000,4.300,0.0500,0.000,4.2,1.8
26.05,7,pedestrian,420.000,6.167,-1.5708,1.269,0.5,0.5
26.15,1,tractor,280.702,3.799,0.0709,7.192,5.5,2.2
26.15,2,truck,389.974,0.033,0.0300,9.033,9.0,2.5
26.15,3,bus,366.280,0.482,-0.0134,9.067,11.0,2.6
26.15,4,car,341.192,-4.667,0.0636,9.417,4.2,1.8
26.15,5,twowheeler,335.046,4.764,3.1416,0.000,2.0,0.8
26.15,6,car,330.000,4.300,0.0500,0.000,4.2,1.8
26.15,7,pedestrian,420.000,6.040,-1.5708,1.269,0.5,0.5
26.25,1,tractor,281.421,3.830,0.0832,7.192,5.5,2.2
26.25,2,truck,390.877,0.033,-0.0300,9.033,9.0,2.5
26.25,3,bus,367.186,0.405,-0.0300,9.066,11.0,2.6
26.25,4,car,342.139,-4.659,-0.0467,9.526,4.2,1.8
26.25,5,twowheeler,335.046,4.764,3.1416,0.000,2.0,0.8
26.25,6,car,330.000,4.300,0.0500,0.000,4.2,1.8
26.25,7,pedestrian,420.000,5.913,-1.5708,1.269,0.5,0.5
26.35,1,tractor,282.140,3.804,0.0008,7.192,5.5,2.2
26.35,2,truck,391.780,0.093,0.0300,9.033,9.0,2.5
26.35,3,bus,368.093,0.467,0.0300,9.064,11.0,2.6
26.35,4,car,343.097,-4.707,-0.0622,9.635,4.2,1.8
26.35,5,twowheeler,335.046,4.764,3.1416,0.000,2.0,0.8
26.35,6,car,330.000,4.300,0.0500,0.000,4.2,1.8
26.35,7,pedestrian,420.000,5.786,-1.5708,1.269,0.5,0.5
26.45,1,tractor,282.860,3.748,-0.0714,7.192,5.5,2.2
26.45,2,truck,392.684,0.153,0.0300,9.033,9.0,2.5
26.45,3,bus,368.999,0.493,0.0214,9.062,11.0,2.6
26.45,4,car,344.066,-4.767,-0.0615,9.742,4.2,1.8
26.45,5,twowheeler,335.046,4.764,3.1416,0.000,2.0,0.8
26.45,6,car,330.000,4.300,0.0500,0.000,4.2,1.8
26.45,7,pedestrian,420.000,5.659,-1.5708,1.269,0.5,0.5
26.55,1,tractor,283.579,3.688,-0.0832,7.192,5.5,2.2
26.55,2,truck,393.587,0.154,0.0300,9.033,9.0,2.5
26.55,3,bus,369.905,0.466,-0.0300,9.061,11.0,2.6
26.55,4,car,345.046,-4.747,0.0494,9.849,4.2,1.8
26.55,5,twowheeler,335.046,4.764,3.1416,0.000,2.0,0.8
26.55,6,car,330.000,4.300,0.0500,0.000,4.2,1.8
26.55,7,pedestrian,420.000,5.532,-1.5708,1.269,0.5,0.5
26.65,1,tractor,284.298,3.641,-0.0459,7.192,5.5,2.2
26.65,2,truck,394.490,0.128,0.0094,9.033,9.0,2.5
26.65,3,bus,370.811,0.463,0.0151,9.059,11.0,2.6
26.65,4,car,346.036,-4.744,0.0304,9.956,4.2,1.8
26.65,5,twowheeler,335.046,4.764,3.1416,0.000,2.0,0.8
26.65,6,car,330.000,4.300,0.0500,0.000,4.2,1.8
26.65,7,pedestrian,420.000,5.405,-1.5708,1.269,0.5,0.5
26.75,1,tractor,285.017,3.683,0.0323,7.192,5.5,2.2
26.75,2,truck,395.393,0.138,-0.0300,9.033,9.0,2.5
26.75,3,bus,371.717,0.438,-0.0300,9.058,11.0,2.6
26.75,4,car,347.037,-4.684,0.0596,10.062,4.2,1.8
26.75,5,twowheeler,335.046,4.764,3.1416,0.000,2.0,0.8
26.75,6,car,330.000,4.300,0.0500,0.000,4.2,1.8
26.75,7,pedestrian,420.000,5.279,-1.5708,1.269,0.5,0.5
26.85,1,tractor,285.736,3.685,-0.0783,7.192,5.5,2.2
26.85,2,truck,396.297,0.110,-0.0300,9.033,9.0,2.5
26.85,3,bus,372.623,0.422,-0.0300,9.056,11.0,2.6
26.85,4,car,348.048,-4.684,0.0589,10.170,4.2,1.8
26.85,5,twowheeler,335.046,4.764,3.1416,0.000,2.0,0.8
26.85,6,car,330.000,4.300,0.0500,0.000,4.2,1.8
26.85,7,pedestrian,420.000,5.152,-1.5708,1.269,0.5,0.5
26.95,1,tractor,286.456,3.656,-0.0832,7.192,5.5,2.2
26.95,2,truck,397.200,0.110,0.0300,9.033,9.0,2.5
26.95,3,bus,373.528,0.340,-0.0300,9.055,11.0,2.6
26.95,4,car,349.071,-4.714,-0.0583,10.281,4.2,1.8
26.95,5,twowheeler,335.046,4.764,3.1416,0.000,2.0,0.8
26.95,6,car,330.000,4.300,0.0500,0.000,4.2,1.8
26.95,7,pedestrian,420.000,5.025,-1.5708,1.269,0.5,0.5
27.05,1,tractor,287.175,3.716,0.0832,7.192,5.5,2.2
27.05,2,truck,398.103,0.170,0.0300,9.033,9.0,2.5
27.05,3,bus,374.434,0.359,-0.0167,9.054,11.0,2.6
27.05,4,car,350.105,-4.744,-0.0577,10.394,4.2,1.8
27.05,5,twowheeler,335.046,4.764,3.1416,0.000,2.0,0.8
27.05,6,car,330.000,4.300,0.0500,0.000,4.2,1.8
27.05,7,pedestrian,420.000,4.898,-1.5708,1.269,0.5,0.5
27.15,1,tractor,287.894,3.776,0.0832,7.192,5.5,2.2
27.15,2,truck,399.007,0.230,0.0300,9.033,9.0,2.5
27.15,3,bus,375.339,0.293,-0.0300,9.053,11.0,2.6
27.15,4,car,351.150,-4.804,-0.0570,10.508,4.2,1.8
27.15,5,twowheeler,335.046,4.764,3.1416,0.000,2.0,0.8
27.15,6,car,330.000,4.300,0.0500,0.000,4.2,1.8
27.15,7,pedestrian,420.000,4.771,-1.5708,1.269,0.5,0.5
27.25,1,tractor,288.613,3.836,0.0832,7.192,5.5,2.2
27.25,2,truck,399.910,0.268,0.0300,9.033,9.0,2.5
27.25,3,bus,376.244,0.235,-0.0300,9.052,11.0,2.6
27.25,4,car,352.206,-4.784,0.0564,10.620,4.2,1.8
27.25,5,twowheeler,335.046,4.764,3.1416,0.000,2.0,0.8
27.25,6,car,330.000,4.300,0.0500,0.000,4.2,1.8
27.25,7,pedestrian,420.000,4.644,-1.5708,1.269,0.5,0.5
27.35,1,tractor,289.332,3.896,0.0832,7.192,5.5,2.2
27.35,2,truck,400.813,0.328,0.0300,9.033,9.0,2.5
27.35,3,bus,377.149,0.225,-0.0059,9.050,11.0,2.6
27.35,4,car,353.273,-4.817,-0.0559,10.727,4.2,1.8
27.35,5,twowheeler,335.046,4.764,3.1416,0.000,2.0,0.8
27.35,6,car,330.000,4.300,0.0500,0.000,4.2,1.8
27.35,7,pedestrian,420.000,4.517,-1.5708,1.269,0.5,0.5
27.45,1,tractor,290.051,3.956,0.0832,7.192,5.5,2.2
27.45,2,truck,401.717,0.268,-0.0300,9.033,9.0,2.5
27.45,3,bus,378.054,0.221,0.0072,9.049,11.0,2.6
27.45,4,car,354.351,-4.877,-0.0553,10.830,4.2,1.8
27.45,5,twowheeler,335.046,4.764,3.1416,0.000,2.0,0.8
27.45,6,car,330.000,4.300,0.0500,0.000,4.2,1.8
27.45,7,pedestrian,420.000,4.390,-1.5708,1.269,0.5,0.5
27.55,1,tractor,290.767,3.896,-0.0840,7.129,5.5,2.2
27.55,2,truck,402.620,0.226,-0.0300,9.033,9.0,2.5
27.55,3,bus,378.959,0.201,-0.0145,9.048,11.0,2.6
27.55,4,car,355.439,-4.876,0.0549,10.925,4.2,1.8
27.55,5,twowheeler,335.046,4.764,3.1416,0.000,2.0,0.8
27.55,6,car,330.000,4.300,0.0500,0.000,4.2,1.8
27.55,7,pedestrian,420.000,4.263,-1.5708,1.269,0.5,0.5
27.65,1,tractor,291.477,3.836,-0.0847,7.071,5.5,2.2
27.65,2,truck,403.523,0.166,-0.0300,9.033,9.0,2.5
27.65,3,bus,379.864,0.215,0.0237,9.047,11.0,2.6
27.65,4,car,356.536,-4.838,0.0544,11.009,4.2,1.8
27.65,5,twowheeler,335.046,4.764,3.1416,0.000,2.0,0.8
27.65,6,car,330.000,4.300,0.0500,0.000,4.2,1.8
27.65,7,pedestrian,420.000,4.136,-1.5708,1.269,0.5,0.5
27.75,1,tractor,292.182,3.798,-0.0247,7.016,5.5,2.2
27.75,2,truck,404.427,0.106,-0.0300,9.033,9.0,2.5
27.75,3,bus,380.769,0.268,0.0158,9.047,11.0,2.6
27.75,4,car,357.641,-4.866,-0.0541,11.082,4.2,1.8
27.75,5,twowheeler,335.046,4.764,3.1416,0.000,2.0,0.8
27.75,6,car,330.000,4.300,0.0500,0.000,4.2,1.8
27.75,7,pedestrian,420.000,4.009,-1.5708,1.269,0.5,0.5
27.85,1,tractor,292.881,3.813,0.0265,6.964,5.5,2.2
27.85,2,truck,405.330,0.136,0.0300,9.033,9.0,2.5
27.85,3,bus,381.673,0.291,0.0300,9.046,11.0,2.6
27.85,4,car,358.752,-4.926,-0.0538,11.145,4.2,1.8
27.85,5,twowheeler,335.046,4.764,3.1416,0.000,2.0,0.8
27.85,6,car,330.000,4.300,0.0500,0.000,4.2,1.8
27.85,7,pedestrian,420.000,3.882,-1.5708,1.269,0.5,0.5
27.95,1,tractor,293.575,3.842,0.0866,6.914,5.5,2.2
27.95,2,truck,406.233,0.136,-0.0300,9.033,9.0,2.5
27.95,3,bus,382.578,0.243,-0.0272,9.045,11.0,2.6
27.95,4,car,359.869,-4.958,-0.0043,11.191,4.2,1.8
27.95,5,twowheeler,335.046,4.764,3.1416,0.000,2.0,0.8
27.95,6,car,330.000,4.300,0.0500,0.000,4.2,1.8
27.95,7,pedestrian,420.000,3.755,-1.5708,1.269,0.5,0.5
28.05,1,tractor,294.264,3.853,-0.0391,6.867,5.5,2.2
28.05,2,truck,407.136,0.196,0.0300,9.033,9.0,2.5
28.05,3,bus,383.482,0.268,-0.0207,9.044,11.0,2.6
28.05,4,car,360.989,-4.898,0.0534,11.215,4.2,1.8
28.05,5,twowheeler,335.046,4.764,3.1416,0.000,2.0,0.8
28.05,6,car,330.000,4.300,0.0500,0.000,4.2,1.8
28.05,7,pedestrian,420.000,3.628,-1.5708,1.269,0.5,0.5
28.15,1,tractor,294.948,3.842,-0.0877,6.821,5.5,2.2
28.15,2,truck,408.040,0.211,-0.0300,9.033,9.0,2.5
28.15,3,bus,384.387,0.293,0.0300,9.043,11.0,2.6
28.15,4,car,362.111,-4.838,0.0534,11.217,4.2,1.8
28.15,5,twowheeler,335.046,4.764,3.1416,0.000,2.0,0.8
28.15,6,car,330.000,4.300,0.0500,0.000,4.2,1.8
28.15,7,pedestrian,420.000,3.501,-1.5708,1.269,0.5,0.5
28.25,1,tractor,295.628,3.788,-0.0693,6.776,5.5,2.2
28.25,2,truck,408.943,0.223,0.0300,9.033,9.0,2.5
28.25,3,bus,385.291,0.253,-0.0300,9.043,11.0,2.6
28.25,4,car,363.232,-4.778,0.0536,11.191,4.2,1.8
28.25,5,twowheeler,335.046,4.764,3.1416,0.000,2.0,0.8
28.25,6,car,330.000,4.300,0.0500,0.000,4.2,1.8
28.25,7,pedestrian,420.000,3.374,-1.5708,1.269,0.5,0.5
28.35,1,tractor,296.303,3.813,-0.0167,6.732,5.5,2.2
28.35,2,truck,409.846,0.179,-0.0300,9.033,9.0,2.5
28.35,3,bus,386.195,0.288,0.0300,9.042,11.0,2.6
28.35,4,car,364.348,-4.718,0.0539,11.130,4.2,1.8
28.35,5,twowheeler,335.046,4.764,3.1416,0.000,2.0,0.8
28.35,6,car,330.000,4.300,0.0500,0.000,4.2,1.8
28.35,7,pedestrian,420.000,3.247,-1.5708,1.269,0.5,0.5
28.45,1,tractor,296.974,3.873,0.0895,6.690,5.5,2.2
28.45,2,truck,410.750,0.239,0.0300,9.033,9.0,2.5
28.45,3,bus,387.099,0.227,-0.0300,9.041,11.0,2.6
28.45,4,car,365.456,-4.687,0.0129,11.029,4.2,1.8
28.45,5,twowheeler,335.046,4.764,3.1416,0.000,2.0,0.8
28.45,6,car,330.000,4.300,0.0500,0.000,4.2,1.8
28.45,7,pedestrian,420.000,3.121,-1.5708,1.269,0.5,0.5
28.55,1,tractor,297.641,3.844,-0.0900,6.648,5.5,2.2
28.55,2,truck,411.653,0.239,0.0300,9.033,9.0,2.5
28.55,3,bus,388.004,0.265,0.0004,9.041,11.0,2.6
28.55,4,car,366.552,-4.627,0.0551,10.888,4.2,1.8
28.55,5,twowheeler,335.046,4.764,3.1416,0.000,2.0,0.8
28.55,6,car,330.000,4.300,0.0500,0.000,4.2,1.8
28.55,7,pedestrian,420.000,2.994,-1.5708,1.269,0.5,0.5
28.65,1,tractor,298.304,3.844,0.0906,6.606,5.5,2.2
28.65,2,truck,412.556,0.239,0.0300,9.033,9.0,2.5
28.65,3,bus,388.908,0.330,0.0300,9.040,11.0,2.6
28.65,4,car,367.632,-4.610,-0.0247,10.712,4.2,1.8
28.65,5,twowheeler,335.046,4.764,3.1416,0.000,2.0,0.8
28.65,6,car,330.000,4.300,0.0500,0.000,4.2,1.8
28.65,7,pedestrian,420.000,2.867,-1.5708,1.269,0.5,0.5
28.75,1,tractor,298.962,3.842,-0.0425,6.564,5.5,2.2
28.75,2,truck,413.460,0.184,-0.0300,9.033,9.0,2.5
28.75,3,bus,389.812,0.344,0.0300,9.040,11.0,2.6
28.75,4,car,368.694,-4.550,0.0570,10.510,4.2,1.8
28.75,5,twowheeler,335.046,4.764,3.1416,0.000,2.0,0.8
28.75,6,car,330.000,4.300,0.0500,0.000,4.2,1.8
28.75,7,pedestrian,420.000,2.740,-1.5708,1.269,0.5,0.5
28.85,1,tractor,299.617,3.850,-0.0682,6.522,5.5,2.2
28.85,2,truck,414.363,0.153,-0.0300,9.033,9.0,2.5
28.85,3,bus,390.716,0.307,-0.0198,9.039,11.0,2.6
28.85,4,car,369.734,-4.550,0.0582,10.297,4.2,1.8
28.85,5,twowheeler,335.046,4.764,3.1416,0.000,2.0,0.8
28.85,6,car,330.000,4.300,0.0500,0.000,4.2,1.8
28.85,7,pedestrian,420.000,2.613,-1.5708,1.269,0.5,0.5
28.95,1,tractor,300.267,3.910,0.0923,6.480,5.5,2.2
28.95,2,truck,415.266,0.093,-0.0300,9.033,9.0,2.5
28.95,3,bus,391.619,0.339,0.0300,9.039,11.0,2.6
28.95,4,car,370.753,-4.544,0.0594,10.087,4.2,1.8
28.95,5,twowheeler,335.046,4.764,3.1416,0.000,2.0,0.8
28.95,6,car,330.000,4.300,0.0500,0.000,4.2,1.8
28.95,7,pedestrian,420.000,2.486,-1.5708,1.269,0.5,0.5
29.05,1,tractor,300.913,3.970,0.0929,6.437,5.5,2.2
29.05,2,truck,416.169,0.093,0.0300,9.033,9.0,2.5
29.05,3,bus,392.523,0.356,0.0300,9.038,11.0,2.6
29.05,4,car,371.752,-4.525,-0.0223,9.883,4.2,1.8
29.05,5,twowheeler,335.046,4.764,3.1416,0.000,2.0,0.8
29.05,6,car,330.000,4.300,0.0500,0.000,4.2,1.8
29.05,7,pedestrian,420.000,2.359,-1.5708,1.269,0.5,0.5
29.15,1,tractor,301.554,4.030,0.0936,6.393,5.5,2.2
29.15,2,truck,417.073,0.153,0.0300,9.033,9.0,2.5
29.15,3,bus,393.427,0.347,0.0090,9.038,11.0,2.6
29.15,4,car,372.730,-4.569,-0.0286,9.687,4.2,1.8
29.15,5,twowheeler,335.046,4.764,3.1416,0.000,2.0,0.8
29.15,6,car,330.000,4.300,0.0500,0.000,4.2,1.8
29.15,7,pedestrian,420.000,2.232,-1.5708,1.269,0.5,0.5
29.25,1,tractor,302.191,4.090,0.0942,6.349,5.5,2.2
29.25,2,truck,417.976,0.153,-0.0300,9.033,9.0,2.5
29.25,3,bus,394.331,0.382,0.0072,9.037,11.0,2.6
29.25,4,car,373.690,-4.601,-0.0218,9.509,4.2,1.8
29.25,5,twowheeler,335.046,4.764,3.1416,0.000,2.0,0.8
29.25,6,car,330.000,4.300,0.0500,0.000,4.2,1.8
29.25,7,pedestrian,420.000,2.105,-1.5708,1.269,0.5,0.5
29.35,1,tractor,302.824,4.089,-0.0473,6.304,5.5,2.2
29.35,2,truck,418.879,0.093,-0.0300,9.033,9.0,2.5
29.35,3,bus,395.235,0.333,-0.0094,9.037,11.0,2.6
29.35,4,car,374.633,-4.603,-0.0641,9.350,4.2,1.8
29.35,5,twowheeler,335.046,4.764,3.1416,0.000,2.0,0.8
29.35,6,car,330.000,4.300,0.0500,0.000,4.2,1.8
29.35,7,pedestrian,420.000,1.978,-1.5708,1.269,0.5,0.5
29.45,1,tractor,303.452,4.121,0.0400,6.257,5.5,2.2
29.45,2,truck,419.783,0.033,-0.0300,9.033,9.0,2.5
29.45,3,bus,396.138,0.354,0.0016,9.037,11.0,2.6
29.45,4,car,375.560,-4.560,0.0651,9.210,4.2,1.8
29.45,5,twowheeler,335.046,4.764,3.1416,0.000,2.0,0.8
29.45,6,car,330.000,4.300,0.0500,0.000,4.2,1.8
29.45,7,pedestrian,420.000,1.851,-1.5708,1.269,0.5,0.5
29.55,1,tractor,304.075,4.120,0.0470,6.209,5.5,2.2
29.55,2,truck,420.686,-0.027,-0.0300,9.033,9.0,2.5
29.55,3,bus,397.042,0.376,0.0198,9.036,11.0,2.6
29.55,4,car,376.475,-4.560,-0.0659,9.085,4.2,1.8
29.55,5,twowheeler,335.046,4.764,3.1416,0.000,2.0,0.8
29.55,6,car,330.000,4.300,0.0500,0.000,4.2,1.8
29.55,7,pedestrian,420.000,1.724,-1.5708,1.269,0.5,0.5
29.65,1,tractor,304.694,4.060,-0.0971,6.159,5.5,2.2
29.65,2,truck,421.589,-0.087,-0.0300,9.033,9.0,2.5
29.65,3,bus,397.946,0.403,-0.0075,9.036,11.0,2.6
29.65,4,car,377.378,-4.612,-0.0668,8.974,4.2,1.8
29.65,5,twowheeler,335.046,4.764,3.1416,0.000,2.0,0.8
29.65,6,car,330.000,4.300,0.0500,0.000,4.2,1.8
29.65,7,pedestrian,420.000,1.597,-1.5708,1.269,0.5,0.5
29.75,1,tractor,305.307,4.000,-0.0979,6.107,5.5,2.2
29.75,2,truck,422.493,-0.147,-0.0300,9.033,9.0,2.5
29.75,3,bus,398.849,0.418,-0.0195,9.036,11.0,2.6
29.75,4,car,378.270,-4.604,-0.0506,8.872,4.2,1.8
29.75,5,twowheeler,335.046,4.764,3.1416,0.000,2.0,0.8
29.75,6,car,330.000,4.300,0.0500,0.000,4.2,1.8
29.75,7,pedestrian,420.000,1.470,-1.5708,1.269,0.5,0.5
29.85,1,tractor,305.915,3.947,-0.0751,6.054,5.5,2.2
29.85,2,truck,423.396,-0.207,-0.0300,9.033,9.0,2.5
29.85,3,bus,399.753,0.379,-0.0300,9.035,11.0,2.6
29.85,4,car,379.153,-4.604,-0.0683,8.775,4.2,1.8
29.85,5,twowheeler,335.046,4.764,3.1416,0.000,2.0,0.8
29.85,6,car,330.000,4.300,0.0500,0.000,4.2,1.8
29.85,7,pedestrian,420.000,1.343,-1.5708,1.269,0.5,0.5
29.95,1,tractor,306.518,3.981,0.0997,5.998,5.5,2.2
29.95,2,truck,424.299,-0.267,-0.0300,9.033,9.0,2.5
29.95,3,bus,400.648,0.354,-0.0003,8.706,11.0,2.6
29.95,4,car,380.025,-4.583,0.0690,8.681,4.2,1.8
29.95,5,twowheeler,335.046,4.764,3.1416,0.000,2.0,0.8
29.95,6,car,330.000,4.300,0.0500,0.000,4.2,1.8
29.95,7,pedestrian,420.000,1.216,-1.5708,1.269,0.5,0.5
30.05,1,tractor,307.114,4.041,0.1007,5.940,5.5,2.2
30.05,2,truck,425.203,-0.327,-0.0300,9.033,9.0,2.5
30.05,3,bus,401.488,0.341,-0.0266,8.107,11.0,2.6
30.05,4,car,380.889,-4.586,-0.0698,8.588,4.2,1.8
30.05,5,twowheeler,335.046,4.764,3.1416,0.000,2.0,0.8
30.05,6,car,330.000,4.300,0.0500,0.000,4.2,1.8
30.05,7,pedestrian,420.000,1.090,-1.5708,1.269,0.5,0.5
30.15,1,tractor,307.705,3.995,-0.0561,5.879,5.5,2.2
30.15,2,truck,426.106,-0.362,-0.0108,9.033,9.0,2.5
30.15,3,bus,402.272,0.369,0.0300,7.572,11.0,2.6
30.15,4,car,381.743,-4.646,-0.0705,8.493,4.2,1.8
30.15,5,twowheeler,335.046,4.764,3.1416,0.000,2.0,0.8
30.15,6,car,330.000,4.300,0.0500,0.000,4.2,1.8
30.15,7,pedestrian,420.000,0.963,-1.5708,1.269,0.5,0.5
30.25,1,tractor,308.290,3.995,-0.1028,5.815,5.5,2.2
30.25,2,truck,427.009,-0.390,-0.0300,9.033,9.0,2.5
30.25,3,bus,403.005,0.352,0.0300,7.088,11.0,2.6
30.25,4,car,382.587,-4.706,-0.0714,8.393,4.2,1.8
30.25,5,twowheeler,335.046,4.764,3.1416,0.000,2.0,0.8
30.25,6,car,330.000,4.300,0.0500,0.000,4.2,1.8
30.25,7,pedestrian,420.000,0.836,-1.5708,1.269,0.5,0.5
30.35,1,tractor,308.868,3.962,-0.0704,5.749,5.5,2.2
30.35,2,truck,427.912,-0.390,0.0300,9.033,9.0,2.5
30.35,3,bus,403.691,0.329,-0.0300,6.646,11.0,2.6
30.35,4,car,383.421,-4.766,-0.0723,8.289,4.2,1.8
30.35,5,twowheeler,335.046,4.764,3.1416,0.000,2.0,0.8
30.35,6,car,330.000,4.300,0.0500,0.000,4.2,1.8
30.35,7,pedestrian,420.000,0.709,-1.5708,1.269,0.5,0.5
30.45,1,tractor,309.440,4.002,0.0942,5.679,5.5,2.2
30.45,2,truck,428.816,-0.348,0.0300,9.033,9.0,2.5
30.45,3,bus,404.335,0.334,-0.0004,6.237,11.0,2.6
30.45,4,car,384.245,-4.774,-0.0466,8.177,4.2,1.8
30.45,5,twowheeler,335.046,4.764,3.1416,0.000,2.0,0.8
30.45,6,car,330.000,4.300,0.0500,0.000,4.2,1.8
30.45,7,pedestrian,420.000,0.582,-1.5708,1.269,0.5,0.5
30.55,1,tractor,310.004,3.988,-0.0851,5.606,5.5,2.2
30.55,2,truck,429.719,-0.368,-0.0300,9.033,9.0,2.5
30.55,3,bus,404.940,0.314,-0.0300,5.857,11.0,2.6
30.55,4,car,385.056,-4.723,0.0561,8.057,4.2,1.8
30.55,5,twowheeler,335.046,4.764,3.1416,0.000,2.0,0.8
30.55,6,car,330.000,4.300,0.0500,0.000,4.2,1.8
30.55,7,pedestrian,420.000,0.455,-1.5708,1.269,0.5,0.5
30.65,1,tractor,310.561,3.984,-0.0123,5.530,5.5,2.2
30.65,2,truck,430.622,-0.409,-0.0232,9.033,9.0,2.5
30.65,3,bus,405.507,0.304,0.0282,5.501,11.0,2.6
30.65,4,car,385.849,-4.753,0.0000,7.643,4.2,1.8
30.65,5,twowheeler,335.046,4.764,3.1416,0.000,2.0,0.8
30.65,6,car,330.000,4.300,0.0500,0.000,4.2,1.8
30.65,7,pedestrian,420.000,0.328,-1.5708,1.269,0.5,0.5
30.75,1,tractor,311.110,3.930,-0.0864,5.449,5.5,2.2
30.75,2,truck,431.526,-0.349,0.0300,9.033,9.0,2.5
30.75,3,bus,406.041,0.308,0.0237,5.167,11.0,2.6
30.75,4,car,386.608,-4.804,-0.0540,7.540,4.2,1.8
30.75,5,twowheeler,335.046,4.764,3.1416,0.000,2.0,0.8
30.75,6,car,330.000,4.300,0.0500,0.000,4.2,1.8
30.75,7,pedestrian,420.000,0.201,-1.5708,1.269,0.5,0.5
30.85,1,tractor,311.651,3.962,0.1114,5.365,5.5,2.2
30.85,2,truck,432.429,-0.289,0.0300,9.033,9.0,2.5
30.85,3,bus,406.541,0.296,-0.0300,4.851,11.0,2.6
30.85,4,car,387.356,-4.788,-0.0381,7.424,4.2,1.8
30.85,5,twowheeler,335.046,4.764,3.1416,0.000,2.0,0.8
30.85,6,car,330.000,4.300,0.0500,0.000,4.2,1.8
30.85,7,pedestrian,420.000,0.074,-1.5708,1.269,0.5,0.5
30.95,1,tractor,312.183,3.962,-0.1132,5.277,5.5,2.2
30.95,2,truck,433.332,-0.240,0.0300,9.033,9.0,2.5
30.95,3,bus,407.011,0.300,0.0300,4.552,11.0,2.6
30.95,4,car,388.092,-4.740,0.0504,7.297,4.2,1.8
30.95,5,twowheeler,335.046,4.764,3.1416,0.000,2.0,0.8
30.95,6,car,330.000,4.300,0.0500,0.000,4.2,1.8
30.95,7,pedestrian,420.000,-0.053,-1.5708,1.269,0.5,0.5
31.05,1,tractor,312.706,3.918,-0.1152,5.184,5.5,2.2
31.05,2,truck,434.236,-0.186,0.0300,9.033,9.0,2.5
31.05,3,bus,407.452,0.272,-0.0300,4.267,11.0,2.6
31.05,4,car,388.815,-4.741,-0.0532,7.159,4.2,1.8
31.05,5,twowheeler,335.046,4.764,3.1416,0.000,2.0,0.8
31.05,6,car,330.000,4.300,0.0500,0.000,4.2,1.8
31.05,7,pedestrian,420.000,-0.180,-1.5708,1.269,0.5,0.5
31.15,1,tractor,313.220,3.932,-0.0325,5.088,5.5,2.2
31.15,2,truck,435.139,-0.246,-0.0300,9.033,9.0,2.5
31.15,3,bus,407.865,0.296,0.0300,3.996,11.0,2.6
31.15,4,car,389.524,-4.741,0.0854,7.008,4.2,1.8
31.15,5,twowheeler,335.046,4.764,3.1416,0.000,2.0,0.8
31.15,6,car,330.000,4.300,0.0500,0.000,4.2,1.8
31.15,7,pedestrian,420.000,-0.307,-1.5708,1.269,0.5,0.5
31.25,1,tractor,313.723,3.949,0.1067,4.986,5.5,2.2
31.25,2,truck,436.042,-0.306,-0.0300,9.033,9.0,2.5
31.25,3,bus,408.252,0.266,-0.0300,3.738,11.0,2.6
31.25,4,car,390.216,-4.798,-0.0795,6.847,4.2,1.8
31.25,5,twowheeler,335.046,4.764,3.1416,0.000,2.0,0.8
31.25,6,car,330.000,4.300,0.0500,0.000,4.2,1.8
31.25,7,pedestrian,420.000,-0.434,-1.5708,1.269,0.5,0.5
31.35,1,tractor,314.217,3.934,0.0333,4.880,5.5,2.2
31.35,2,truck,436.946,-0.246,0.0300,9.033,9.0,2.5
31.35,3,bus,408.613,0.289,0.0300,3.491,11.0,2.6
31.35,4,car,390.892,-4.740,0.0897,6.674,4.2,1.8
31.35,5,twowheeler,335.046,4.764,3.1416,0.000,2.0,0.8
31.35,6,car,330.000,4.300,0.0500,0.000,4.2,1.8
31.35,7,pedestrian,420.000,-0.561,-1.5708,1.269,0.5,0.5
31.45,1,tractor,314.699,3.894,-0.1251,4.770,5.5,2.2
31.45,2,truck,437.849,-0.186,0.0300,9.033,9.0,2.5
31.45,3,bus,408.951,0.302,0.0300,3.256,11.0,2.6
31.45,4,car,391.551,-4.680,0.0922,6.490,4.2,1.8
31.45,5,twowheeler,335.046,4.764,3.1416,0.000,2.0,0.8
31.45,6,car,330.000,4.300,0.0500,0.000,4.2,1.8
31.45,7,pedestrian,420.000,-0.688,-1.5708,1.269,0.5,0.5
31.55,1,tractor,315.170,3.871,0.0298,4.654,5.5,2.2
31.55,2,truck,438.752,-0.186,0.0300,9.033,9.0,2.5
31.55,3,bus,409.265,0.268,-0.0300,3.031,11.0,2.6
31.55,4,car,392.190,-4.620,0.0950,6.296,4.2,1.8
31.55,5,twowheeler,335.046,4.764,3.1416,0.000,2.0,0.8
31.55,6,car,330.000,4.300,0.0500,0.000,4.2,1.8
31.55,7,pedestrian,420.000,-0.815,-1.5708,1.269,0.5,0.5
31.65,1,tractor,315.630,3.916,0.0670,4.534,5.5,2.2
31.65,2,truck,439.655,-0.126,0.0300,9.033,9.0,2.5
31.65,3,bus,409.557,0.275,-0.0267,2.815,11.0,2.6
31.65,4,car,392.810,-4.560,0.0982,6.093,4.2,1.8
31.65,5,twowheeler,335.046,4.764,3.1416,0.000,2.0,0.8
31.65,6,car,330.000,4.300,0.0500,0.000,4.2,1.8
31.65,7,pedestrian,420.000,-0.942,-1.5708,1.269,0.5,0.5
31.75,1,tractor,316.077,3.910,-0.0262,4.409,5.5,2.2
31.75,2,truck,440.559,-0.066,0.0300,9.033,9.0,2.5
31.75,3,bus,409.828,0.262,-0.0300,2.610,11.0,2.6
31.75,4,car,393.408,-4.580,-0.1016,5.883,4.2,1.8
31.75,5,twowheeler,335.046,4.764,3.1416,0.000,2.0,0.8
31.75,6,car,330.000,4.300,0.0500,0.000,4.2,1.8
31.75,7,pedestrian,420.000,-1.068,-1.5708,1.269,0.5,0.5
31.85,1,tractor,316.512,3.850,-0.1393,4.280,5.5,2.2
31.85,2,truck,441.462,-0.089,-0.0263,9.033,9.0,2.5
31.85,3,bus,410.080,0.278,0.0300,2.414,11.0,2.6
31.85,4,car,393.986,-4.640,-0.1055,5.666,4.2,1.8
31.85,5,twowheeler,335.046,4.764,3.1416,0.000,2.0,0.8
31.85,6,car,330.000,4.300,0.0500,0.000,4.2,1.8
31.85,7,pedestrian,420.000,-1.195,-1.5708,1.269,0.5,0.5
31.95,1,tractor,316.933,3.867,0.1437,4.147,5.5,2.2
31.95,2,truck,442.365,-0.149,-0.0300,9.033,9.0,2.5
31.95,3,bus,410.311,0.319,0.0300,2.227,11.0,2.6
31.95,4,car,394.536,-4.670,0.0000,5.206,4.2,1.8
31.95,5,twowheeler,335.046,4.764,3.1416,0.000,2.0,0.8
31.95,6,car,330.000,4.300,0.0500,0.000,4.2,1.8
31.95,7,pedestrian,420.000,-1.322,-1.5708,1.269,0.5,0.5
32.05,1,tractor,317.341,3.917,0.0992,4.009,5.5,2.2
32.05,2,truck,443.269,-0.209,-0.0300,9.033,9.0,2.5
32.05,3,bus,410.529,0.307,0.0300,2.211,11.0,2.6
32.05,4,car,395.047,-4.670,0.1189,5.024,4.2,1.8
32.05,5,twowheeler,335.046,4.764,3.1416,0.000,2.0,0.8
32.05,6,car,330.000,4.300,0.0500,0.000,4.2,1.8
32.05,7,pedestrian,420.000,-1.449,-1.5708,1.269,0.5,0.5
32.15,1,tractor,317.735,3.917,0.1500,3.867,5.5,2.2
32.15,2,truck,444.172,-0.254,-0.0300,9.033,9.0,2.5
32.15,3,bus,410.758,0.346,0.0300,2.360,11.0,2.6
32.15,4,car,395.540,-4.610,0.1235,4.836,4.2,1.8
32.15,5,twowheeler,335.046,4.764,3.1416,0.000,2.0,0.8
32.15,6,car,330.000,4.300,0.0500,0.000,4.2,1.8
32.15,7,pedestrian,420.000,-1.576,-1.5708,1.269,0.5,0.5
32.25,1,tractor,318.114,3.953,0.1341,3.722,5.5,2.2
32.25,2,truck,445.075,-0.290,-0.0300,9.033,9.0,2.5
32.25,3,bus,411.001,0.376,0.0300,2.509,11.0,2.6
32.25,4,car,396.014,-4.579,0.0074,4.644,4.2,1.8
32.25,5,twowheeler,335.046,4.764,3.1416,0.000,2.0,0.8
32.25,6,car,330.000,4.300,0.0500,0.000,4.2,1.8
32.25,7,pedestrian,420.000,-1.703,-1.5708,1.269,0.5,0.5
32.35,1,tractor,318.479,3.971,0.1500,3.573,5.5,2.2
32.35,2,truck,445.979,-0.350,-0.0300,9.033,9.0,2.5
32.35,3,bus,411.260,0.349,0.0300,2.658,11.0,2.6
32.35,4,car,396.469,-4.519,0.1340,4.450,4.2,1.8
32.35,5,twowheeler,335.046,4.764,3.1416,0.000,2.0,0.8
32.35,6,car,330.000,4.300,0.0500,0.000,4.2,1.8
32.35,7,pedestrian,420.000,-1.830,-1.5708,1.269,0.5,0.5
32.45,1,tractor,318.829,3.996,-0.0315,3.422,5.5,2.2
32.45,2,truck,446.882,-0.410,-0.0300,9.033,9.0,2.5
32.45,3,bus,411.533,0.375,0.0300,2.807,11.0,2.6
32.45,4,car,396.904,-4.519,0.1400,4.258,4.2,1.8
32.45,5,twowheeler,335.046,4.764,3.1416,0.000,2.0,0.8
32.45,6,car,330.000,4.300,0.0500,0.000,4.2,1.8
32.45,7,pedestrian,420.000,-1.957,-1.5708,1.269,0.5,0.5
32.55,1,tractor,319.163,4.017,0.1500,3.269,5.5,2.2
32.55,2,truck,447.785,-0.470,-0.0300,9.033,9.0,2.5
32.55,3,bus,411.821,0.370,0.0300,2.955,11.0,2.6
32.55,4,car,397.320,-4.579,-0.1465,4.067,4.2,1.8
32.55,5,twowheeler,335.046,4.764,3.1416,0.000,2.0,0.8
32.55,6,car,330.000,4.300,0.0500,0.000,4.2,1.8
32.55,7,pedestrian,420.000,-2.084,-1.5708,1.269,0.5,0.5
32.65,1,tractor,319.482,4.028,0.0815,3.114,5.5,2.2
32.65,2,truck,448.688,-0.410,0.0300,9.033,9.0,2.5
32.65,3,bus,412.124,0.355,-0.0300,3.104,11.0,2.6
32.65,4,car,397.718,-4.556,0.1500,3.880,4.2,1.8
32.65,5,twowheeler,335.046,4.764,3.1416,0.000,2.0,0.8
32.65,6,car,330.000,4.300,0.0500,0.000,4.2,1.8
32.65,7,pedestrian,420.000,-2.211,-1.5708,1.269,0.5,0.5
32.75,1,tractor,319.786,4.046,0.1500,2.958,5.5,2.2
32.75,2,truck,449.592,-0.350,0.0300,9.033,9.0,2.5
32.75,3,bus,412.442,0.418,0.0300,3.253,11.0,2.6
32.75,4,car,398.097,-4.496,0.1500,3.697,4.2,1.8
32.75,5,twowheeler,335.046,4.764,3.1416,0.000,2.0,0.8
32.75,6,car,330.000,4.300,0.0500,0.000,4.2,1.8
32.75,7,pedestrian,420.000,-2.338,-1.5708,1.269,0.5,0.5
32.85,1,tractor,320.074,3.986,-0.1500,2.802,5.5,2.2
32.85,2,truck,450.495,-0.290,0.0300,9.033,9.0,2.5
32.85,3,bus,412.775,0.419,0.0300,3.402,11.0,2.6
32.85,4,car,398.457,-4.510,-0.1500,3.523,4.2,1.8
32.85,5,twowheeler,335.046,4.764,3.1416,0.000,2.0,0.8
32.85,6,car,330.000,4.300,0.0500,0.000,4.2,1.8
32.85,7,pedestrian,420.000,-2.465,-1.5708,1.269,0.5,0.5
32.95,1,tractor,320.346,3.926,-0.1500,2.646,5.5,2.2
32.95,2,truck,451.398,-0.230,0.0300,9.033,9.0,2.5
32.95,3,bus,413.122,0.378,-0.0300,3.551,11.0,2.6
32.95,4,car,398.801,-4.551,-0.0787,3.359,4.2,1.8
32.95,5,twowheeler,335.046,4.764,3.1416,0.000,2.0,0.8
32.95,6,car,330.000,4.300,0.0500,0.000,4.2,1.8
32.95,7,pedestrian,420.000,-2.592,-1.5708,1.269,0.5,0.5
33.05,1,tractor,320.603,3.960,0.1500,2.490,5.5,2.2
33.05,2,truck,452.302,-0.170,0.0300,9.033,9.0,2.5
33.05,3,bus,413.485,0.425,0.0300,3.699,11.0,2.6
33.05,4,car,399.130,-4.501,0.1249,3.208,4.2,1.8
33.05,5,twowheeler,335.046,4.764,3.1416,0.000,2.0,0.8
33.05,6,car,330.000,4.300,0.0500,0.000,4.2,1.8
33.05,7,pedestrian,420.000,-2.719,-1.5708,1.269,0.5,0.5
33.15,1,tractor,320.844,4.019,0.1500,2.337,5.5,2.2
33.15,2,truck,453.205,-0.110,0.0300,9.033,9.0,2.5
33.15,3,bus,413.862,0.408,-0.0300,3.848,11.0,2.6
33.15,4,car,399.444,-4.561,-0.1500,3.071,4.2,1.8
33.15,5,twowheeler,335.046,4.764,3.1416,0.000,2.0,0.8
33.15,6,car,330.000,4.300,0.0500,0.000,4.2,1.8
33.15,7,pedestrian,420.000,-2.846,-1.5708,1.269,0.5,0.5
33.25,1,tractor,321.071,4.021,-0.1500,2.186,5.5,2.2
33.25,2,truck,454.108,-0.050,0.0300,9.033,9.0,2.5
33.25,3,bus,414.254,0.426,-0.0204,3.997,11.0,2.6
33.25,4,car,399.744,-4.621,-0.1500,2.948,4.2,1.8
33.25,5,twowheeler,335.046,4.764,3.1416,0.000,2.0,0.8
33.25,6,car,330.000,4.300,0.0500,0.000,4.2,1.8
33.25,7,pedestrian,420.000,-2.973,-1.5708,1.269,0.5,0.5
33.35,1,tractor,321.282,4.021,-0.1500,2.037,5.5,2.2
33.35,2,truck,455.012,0.010,0.0300,9.033,9.0,2.5
33.35,3,bus,414.661,0.463,0.0300,4.146,11.0,2.6
33.35,4,car,400.034,-4.639,-0.0369,2.838,4.2,1.8
33.35,5,twowheeler,335.046,4.764,3.1416,0.000,2.0,0.8
33.35,6,car,330.000,4.300,0.0500,0.000,4.2,1.8
33.35,7,pedestrian,420.000,-3.100,-1.5708,1.269,0.5,0.5
33.45,1,tractor,321.478,4.006,0.1193,1.892,5.5,2.2
33.45,2,truck,455.915,0.070,0.0300,9.033,9.0,2.5
33.45,3,bus,415.083,0.441,0.0005,4.294,11.0,2.6
33.45,4,car,400.313,-4.686,-0.1500,2.741,4.2,1.8
33.45,5,twowheeler,335.046,4.764,3.1416,0.000,2.0,0.8
33.45,6,car,330.000,4.300,0.0500,0.000,4.2,1.8
33.45,7,pedestrian,420.000,-3.226,-1.5708,1.269,0.5,0.5
33.55,1,tractor,321.660,4.006,0.1500,1.752,5.5,2.2
33.55,2,truck,456.818,0.130,0.0300,9.033,9.0,2.5
33.55,3,bus,415.520,0.436,0.0072,4.443,11.0,2.6
33.55,4,car,400.582,-4.650,0.1500,2.657,4.2,1.8
33.55,5,twowheeler,335.046,4.764,3.1416,0.000,2.0,0.8
33.55,6,car,330.000,4.300,0.0500,0.000,4.2,1.8
33.55,7,pedestrian,420.000,-3.353,-1.5708,1.269,0.5,0.5
33.65,1,tractor,321.829,4.001,-0.1500,1.616,5.5,2.2
33.65,2,truck,457.722,0.190,0.0300,9.033,9.0,2.5
33.65,3,bus,415.972,0.440,-0.0300,4.592,11.0,2.6
33.65,4,car,400.845,-4.676,0.0336,2.587,4.2,1.8
33.65,5,twowheeler,335.046,4.764,3.1416,0.000,2.0,0.8
33.65,6,car,330.000,4.300,0.0500,0.000,4.2,1.8
33.65,7,pedestrian,420.000,-3.480,-1.5708,1.269,0.5,0.5
33.75,1,tractor,321.984,3.987,0.1246,1.485,5.5,2.2
33.75,2,truck,458.625,0.130,-0.0300,9.033,9.0,2.5
33.75,3,bus,416.438,0.423,-0.0300,4.740,11.0,2.6
33.75,4,car,401.100,-4.702,0.0311,2.531,4.2,1.8
33.75,5,twowheeler,335.046,4.764,3.1416,0.000,2.0,0.8
33.75,6,car,330.000,4.300,0.0500,0.000,4.2,1.8
33.75,7,pedestrian,420.000,-3.607,-1.5708,1.269,0.5,0.5
33.85,1,tractor,322.126,4.047,0.1500,1.359,5.5,2.2
33.85,2,truck,459.528,0.130,-0.0300,9.033,9.0,2.5
33.85,3,bus,416.920,0.421,0.0212,4.888,11.0,2.6
33.85,4,car,401.351,-4.659,0.1024,2.488,4.2,1.8
33.85,5,twowheeler,335.046,4.764,3.1416,0.000,2.0,0.8
33.85,6,car,330.000,4.300,0.0500,0.000,4.2,1.8
33.85,7,pedestrian,420.000,-3.734,-1.5708,1.269,0.5,0.5
33.95,1,tractor,322.256,4.003,-0.1124,1.239,5.5,2.2
33.95,2,truck,460.431,0.070,-0.0300,9.033,9.0,2.5
33.95,3,bus,417.416,0.414,0.0242,5.036,11.0,2.6
33.95,4,car,401.598,-4.599,0.1500,2.458,4.2,1.8
33.95,5,twowheeler,335.046,4.764,3.1416,0.000,2.0,0.8
33.95,6,car,330.000,4.300,0.0500,0.000,4.2,1.8
33.95,7,pedestrian,420.000,-3.861,-1.5708,1.269,0.5,0.5
34.05,1,tractor,322.374,4.011,0.1500,1.125,5.5,2.2
34.05,2,truck,461.335,0.010,-0.0300,9.033,9.0,2.5
34.05,3,bus,417.927,0.420,0.0300,5.183,11.0,2.6
34.05,4,car,401.843,-4.599,-0.1500,2.439,4.2,1.8
34.05,5,twowheeler,335.046,4.764,3.1416,0.000,2.0,0.8
34.05,6,car,330.000,4.300,0.0500,0.000,4.2,1.8
34.05,7,pedestrian,420.000,-3.988,-1.5708,1.269,0.5,0.5
34.15,1,tractor,322.481,3.951,-0.1500,1.018,5.5,2.2
34.15,2,truck,462.238,0.063,0.0300,9.033,9.0,2.5
34.15,3,bus,418.453,0.410,0.0146,5.330,11.0,2.6
34.15,4,car,402.087,-4.549,0.1500,2.430,4.2,1.8
34.15,5,twowheeler,335.046,4.764,3.1416,0.000,2.0,0.8
34.15,6,car,330.000,4.300,0.0500,0.000,4.2,1.8
34.15,7,pedestrian,420.000,-4.115,-1.5708,1.269,0.5,0.5
34.25,1,tractor,322.578,3.939,0.1493,0.916,5.5,2.2
34.25,2,truck,463.141,0.094,0.0022,9.033,9.0,2.5
34.25,3,bus,418.993,0.461,0.0195,5.477,11.0,2.6
34.25,4,car,402.329,-4.561,0.1436,2.430,4.2,1.8
34.25,5,twowheeler,335.046,4.764,3.1416,0.000,2.0,0.8
34.25,6,car,330.000,4.300,0.0500,0.000,4.2,1.8
34.25,7,pedestrian,420.000,-4.242,-1.5708,1.269,0.5,0.5
34.35,1,tractor,322.664,3.894,-0.1500,0.821,5.5,2.2
34.35,2,truck,464.045,0.035,-0.0300,9.033,9.0,2.5
34.35,3,bus,419.548,0.480,0.0074,5.623,11.0,2.6
34.35,4,car,402.573,-4.621,-0.1500,2.438,4.2,1.8
34.35,5,twowheeler,335.046,4.764,3.1416,0.000,2.0,0.8
34.35,6,car,330.000,4.300,0.0500,0.000,4.2,1.8
34.35,7,pedestrian,420.000,-4.369,-1.5708,1.269,0.5,0.5
34.45,1,tractor,322.742,3.923,0.1500,0.733,5.5,2.2
34.45,2,truck,464.948,0.076,0.0300,9.033,9.0,2.5
34.45,3,bus,420.118,0.439,-0.0300,5.770,11.0,2.6
34.45,4,car,402.817,-4.622,0.1500,2.454,4.2,1.8
34.45,5,twowheeler,335.046,4.764,3.1416,0.000,2.0,0.8
34.45,6,car,330.000,4.300,0.0500,0.000,4.2,1.8
34.45,7,pedestrian,420.000,-4.496,-1.5708,1.269,0.5,0.5
34.55,1,tractor,322.811,3.880,-0.1500,0.651,5.5,2.2
34.55,2,truck,465.851,0.113,0.0300,9.033,9.0,2.5
34.55,3,bus,420.702,0.392,-0.0300,5.915,11.0,2.6
34.55,4,car,403.064,-4.603,0.1500,2.475,4.2,1.8
34.55,5,twowheeler,335.046,4.764,3.1416,0.000,2.0,0.8
34.55,6,car,330.000,4.300,0.0500,0.000,4.2,1.8
34.55,7,pedestrian,420.000,-4.623,-1.5708,1.269,0.5,0.5
34.65,1,tractor,322.872,3.899,0.1458,0.575,5.5,2.2
34.65,2,truck,466.755,0.172,0.0300,9.033,9.0,2.5
34.65,3,bus,421.301,0.384,0.0300,6.060,11.0,2.6
34.65,4,car,403.313,-4.543,0.1500,2.503,4.2,1.8
34.65,5,twowheeler,335.046,4.764,3.1416,0.000,2.0,0.8
34.65,6,car,330.000,4.300,0.0500,0.000,4.2,1.8
34.65,7,pedestrian,420.000,-4.750,-1.5708,1.269,0.5,0.5
34.75,1,tractor,322.926,3.923,0.0568,0.505,5.5,2.2
34.75,2,truck,467.658,0.232,0.0300,9.033,9.0,2.5
34.75,3,bus,421.914,0.358,-0.0300,6.205,11.0,2.6
34.75,4,car,403.565,-4.543,-0.1500,2.536,4.2,1.8
34.75,5,twowheeler,335.046,4.764,3.1416,0.000,2.0,0.8
34.75,6,car,330.000,4.300,0.0500,0.000,4.2,1.8
34.75,7,pedestrian,420.000,-4.877,-1.5708,1.269,0.5,0.5
34.85,1,tractor,322.974,3.894,-0.1128,0.441,5.5,2.2
34.85,2,truck,468.561,0.209,-0.0300,9.033,9.0,2.5
34.85,3,bus,422.542,0.351,-0.0099,6.349,11.0,2.6
34.85,4,car,403.820,-4.599,-0.1500,2.572,4.2,1.8
34.85,5,twowheeler,335.046,4.764,3.1416,0.000,2.0,0.8
34.85,6,car,330.000,4.300,0.0500,0.000,4.2,1.8
34.85,7,pedestrian,420.000,-5.004,-1.5708,1.269,0.5,0.5
34.95,1,tractor,323.015,3.869,-0.0982,0.382,5.5,2.2
34.95,2,truck,469.465,0.149,-0.0300,9.033,9.0,2.5
34.95,3,bus,423.184,0.363,-0.0109,6.493,11.0,2.6
34.95,4,car,404.079,-4.539,0.1500,2.612,4.2,1.8
34.95,5,twowheeler,335.046,4.764,3.1416,0.000,2.0,0.8
34.95,6,car,330.000,4.300,0.0500,0.000,4.2,1.8
34.95,7,pedestrian,420.000,-5.131,-1.5708,1.269,0.5,0.5
35.05,1,tractor,323.050,3.847,-0.0850,0.329,5.5,2.2
35.05,2,truck,470.368,0.098,-0.0300,9.033,9.0,2.5
35.05,3,bus,423.840,0.390,0.0194,6.636,11.0,2.6
35.05,4,car,404.342,-4.522,-0.0970,2.655,4.2,1.8
35.05,5,twowheeler,335.046,4.764,3.1416,0.000,2.0,0.8
35.05,6,car,330.000,4.300,0.0500,0.000,4.2,1.8
35.05,7,pedestrian,420.000,-5.258,-1.5708,1.269,0.5,0.5
35.15,1,tractor,323.081,3.828,-0.0729,0.281,5.5,2.2
35.15,2,truck,471.271,0.049,-0.0300,9.033,9.0,2.5
35.15,3,bus,424.511,0.401,0.0150,6.778,11.0,2.6
35.15,4,car,404.610,-4.537,-0.1002,2.700,4.2,1.8
35.15,5,twowheeler,335.046,4.764,3.1416,0.000,2.0,0.8
35.15,6,car,330.000,4.300,0.0500,0.000,4.2,1.8
35.15,7,pedestrian,420.000,-5.384,-1.5708,1.269,0.5,0.5
35.25,1,tractor,323.107,3.828,0.0000,0.238,5.5,2.2
35.25,2,truck,472.174,0.109,0.0300,9.033,9.0,2.5
35.25,3,bus,425.196,0.361,-0.0300,6.920,11.0,2.6
35.25,4,car,404.883,-4.477,0.1500,2.747,4.2,1.8
35.25,5,twowheeler,335.046,4.764,3.1416,0.000,2.0,0.8
35.25,6,car,330.000,4.300,0.0500,0.000,4.2,1.8
35.25,7,pedestrian,420.000,-5.511,-1.5708,1.269,0.5,0.5
35.35,1,tractor,323.128,3.828,0.0000,0.199,5.5,2.2
35.35,2,truck,473.078,0.169,0.0300,9.033,9.0,2.5
35.35,3,bus,425.895,0.438,0.0300,7.061,11.0,2.6
35.35,4,car,405.160,-4.417,0.1500,2.794,4.2,1.8
35.35,5,twowheeler,335.046,4.764,3.1416,0.000,2.0,0.8
35.35,6,car,330.000,4.300,0.0500,0.000,4.2,1.8
35.35,7,pedestrian,420.000,-5.638,-1.5708,1.269,0.5,0.5
35.45,1,tractor,323.147,3.828,0.0000,0.165,5.5,2.2
35.45,2,truck,473.981,0.229,0.0300,9.033,9.0,2.5
35.45,3,bus,426.608,0.405,-0.0300,7.201,11.0,2.6
35.45,4,car,405.441,-4.357,0.1500,2.841,4.2,1.8
35.45,5,twowheeler,335.046,4.764,3.1416,0.000,2.0,0.8
35.45,6,car,330.000,4.300,0.0500,0.000,4.2,1.8
35.45,7,pedestrian,420.000,-5.765,-1.5708,1.269,0.5,0.5
35.55,1,tractor,323.161,3.828,0.0000,0.134,5.5,2.2
35.55,2,truck,474.884,0.289,0.0300,9.033,9.0,2.5
35.55,3,bus,427.335,0.425,-0.0300,7.341,11.0,2.6
35.55,4,car,405.728,-4.304,0.1500,2.888,4.2,1.8
35.55,5,twowheeler,335.046,4.764,3.1416,0.000,2.0,0.8
35.55,6,car,330.000,4.300,0.0500,0.000,4.2,1.8
35.55,7,pedestrian,420.000,-5.892,-1.5708,1.269,0.5,0.5
35.65,1,tractor,323.173,3.828,0.0000,0.107,5.5,2.2
35.65,2,truck,475.788,0.349,0.0300,9.033,9.0,2.5
35.65,3,bus,428.076,0.445,-0.0151,7.480,11.0,2.6
35.65,4,car,406.019,-4.364,-0.1500,2.933,4.2,1.8
35.65,5,twowheeler,335.046,4.764,3.1416,0.000,2.0,0.8
35.65,6,car,330.000,4.300,0.0500,0.000,4.2,1.8
35.65,7,pedestrian,420.000,-6.019,-1.5708,1.269,0.5,0.5
35.75,1,tractor,323.183,3.828,0.0000,0.083,5.5,2.2
35.75,2,truck,476.691,0.408,0.0300,9.033,9.0,2.5
35.75,3,bus,428.831,0.442,-0.0055,7.617,11.0,2.6
35.75,4,car,406.314,-4.424,-0.1500,2.976,4.2,1.8
35.75,5,twowheeler,335.046,4.764,3.1416,0.000,2.0,0.8
35.75,6,car,330.000,4.300,0.0500,0.000,4.2,1.8
35.75,7,pedestrian,420.000,-6.146,-1.5708,1.269,0.5,0.5
35.85,1,tractor,323.190,3.828,0.0000,0.063,5.5,2.2
35.85,2,truck,477.594,0.368,-0.0231,9.033,9.0,2.5
35.85,3,bus,429.600,0.395,-0.0265,7.754,11.0,2.6
35.85,4,car,406.614,-4.472,-0.1334,3.017,4.2,1.8
35.85,5,twowheeler,335.046,4.764,3.1416,0.000,2.0,0.8
35.85,6,car,330.000,4.300,0.0500,0.000,4.2,1.8
35.85,7,pedestrian,420.000,-6.273,-1.5708,1.269,0.5,0.5
35.95,1,tractor,323.196,3.828,0.0000,0.045,5.5,2.2
35.95,2,truck,478.498,0.378,-0.0300,9.033,9.0,2.5
35.95,3,bus,430.382,0.381,0.0263,7.890,11.0,2.6
35.95,4,car,406.918,-4.505,-0.0234,3.055,4.2,1.8
35.95,5,twowheeler,335.046,4.764,3.1416,0.000,2.0,0.8
35.95,6,car,330.000,4.300,0.0500,0.000,4.2,1.8
35.95,7,pedestrian,420.000,-6.400,-1.5708,1.269,0.5,0.5
36.05,1,tractor,323.199,3.828,0.0000,0.030,5.5,2.2
36.05,2,truck,479.401,0.438,0.0300,9.033,9.0,2.5
36.05,3,bus,431.178,0.406,0.0300,8.025,11.0,2.6
36.05,4,car,407.225,-4.540,-0.1500,3.089,4.2,1.8
36.05,5,twowheeler,335.046,4.764,3.1416,0.000,2.0,0.8
36.05,6,car,330.000,4.300,0.0500,0.000,4.2,1.8
36.05,7,pedestrian,420.000,-6.527,-1.5708,1.269,0.5,0.5
36.15,1,tractor,323.202,3.828,0.0000,0.017,5.5,2.2
36.15,2,truck,480.304,0.438,0.0300,9.033,9.0,2.5
36.15,3,bus,431.987,0.421,0.0300,8.159,11.0,2.6
36.15,4,car,407.535,-4.581,-0.1170,3.117,4.2,1.8
36.15,5,twowheeler,335.046,4.764,3.1416,0.000,2.0,0.8
36.15,6,car,330.000,4.300,0.0500,0.000,4.2,1.8
36.15,7,pedestrian,420.000,-6.654,-1.5708,1.269,0.5,0.5
36.25,1,tractor,323.203,3.828,0.0000,0.006,5.5,2.2
36.25,2,truck,481.207,0.397,-0.0300,9.033,9.0,2.5
36.25,3,bus,432.810,0.409,-0.0300,8.292,11.0,2.6
36.25,4,car,407.848,-4.614,-0.1500,3.140,4.2,1.8
36.25,5,twowheeler,335.046,4.764,3.1416,0.000,2.0,0.8
36.25,6,car,330.000,4.300,0.0500,0.000,4.2,1.8
36.25,7,pedestrian,420.000,-6.781,-1.5708,1.269,0.5,0.5
36.35,1,tractor,323.203,3.828,0.0000,0.000,5.5,2.2
36.35,2,truck,482.111,0.337,-0.0300,9.033,9.0,2.5
36.35,3,bus,433.645,0.332,-0.0300,8.424,11.0,2.6
36.35,4,car,408.163,-4.618,0.0949,3.157,4.2,1.8
36.35,5,twowheeler,335.046,4.764,3.1416,0.000,2.0,0.8
36.35,6,car,330.000,4.300,0.0500,0.000,4.2,1.8
36.35,7,pedestrian,420.000,-6.908,-1.5708,1.269,0.5,0.5
36.45,1,tractor,323.203,3.828,0.0000,0.000,5.5,2.2
36.45,2,truck,483.014,0.277,-0.0300,9.033,9.0,2.5
36.45,3,bus,434.494,0.321,0.0169,8.554,11.0,2.6
36.45,4,car,408.479,-4.655,-0.1500,3.168,4.2,1.8
36.45,5,twowheeler,335.046,4.764,3.1416,0.000,2.0,0.8
36.45,6,car,330.000,4.300,0.0500,0.000,4.2,1.8
36.45,7,pedestrian,420.000,-7.035,-1.5708,1.269,0.5,0.5
36.55,1,tractor,323.203,3.828,0.0000,0.000,5.5,2.2
36.55,2,truck,483.917,0.217,-0.0300,9.033,9.0,2.5
36.55,3,bus,435.356,0.327,0.0300,8.683,11.0,2.6
36.55,4,car,408.796,-4.655,0.1500,3.172,4.2,1.8
36.55,5,twowheeler,335.046,4.764,3.1416,0.000,2.0,0.8
36.55,6,car,330.000,4.300,0.0500,0.000,4.2,1.8
36.55,7,pedestrian,420.000,-7.162,-1.5708,1.269,0.5,0.5
36.65,1,tractor,323.203,3.828,0.0000,0.000,5.5,2.2
36.65,2,truck,484.821,0.157,-0.0300,9.033,9.0,2.5
36.65,3,bus,436.231,0.357,0.0300,8.811,11.0,2.6
36.65,4,car,409.114,-4.611,0.0841,3.171,4.2,1.8
36.65,5,twowheeler,335.046,4.764,3.1416,0.000,2.0,0.8
36.65,6,car,330.000,4.300,0.0500,0.000,4.2,1.8
36.65,7,pedestrian,420.000,-7.289,-1.5708,1.269,0.5,0.5
36.75,1,tractor,323.203,3.828,0.0000,0.000,5.5,2.2
36.75,2,truck,485.724,0.131,0.0088,9.033,9.0,2.5
36.75,3,bus,437.118,0.356,-0.0242,8.938,11.0,2.6
36.75,4,car,409.430,-4.629,-0.0969,3.163,4.2,1.8
36.75,5,twowheeler,335.046,4.764,3.1416,0.000,2.0,0.8
36.75,6,car,330.000,4.300,0.0500,0.000,4.2,1.8
36.75,7,pedestrian,420.000,-7.415,-1.5708,1.269,0.5,0.5
36.85,1,tractor,323.203,3.828,0.0000,0.000,5.5,2.2
36.85,2,truck,486.627,0.171,0.0282,9.033,9.0,2.5
36.85,3,bus,438.018,0.408,0.0228,9.063,11.0,2.6
36.85,4,car,409.746,-4.569,0.1500,3.149,4.2,1.8
36.85,5,twowheeler,335.046,4.764,3.1416,0.000,2.0,0.8
36.85,6,car,330.000,4.300,0.0500,0.000,4.2,1.8
36.85,7,pedestrian,420.000,-7.500,-1.5708,0.000,0.5,0.5
36.95,1,tractor,323.203,3.828,0.0000,0.000,5.5,2.2
36.95,2,truck,487.531,0.171,-0.0295,9.033,9.0,2.5
36.95,3,bus,438.931,0.393,-0.0213,9.187,11.0,2.6
36.95,4,car,410.060,-4.552,-0.0385,3.131,4.2,1.8
36.95,5,twowheeler,335.046,4.764,3.1416,0.000,2.0,0.8
36.95,6,car,330.000,4.300,0.0500,0.000,4.2,1.8
36.95,7,pedestrian,420.000,-7.500,-1.5708,0.000,0.5,0.5
37.05,1,tractor,323.203,3.828,0.0000,0.000,5.5,2.2
37.05,2,truck,488.434,0.154,0.0300,9.033,9.0,2.5
37.05,3,bus,439.856,0.403,-0.0113,9.309,11.0,2.6
37.05,4,car,410.372,-4.609,-0.1500,3.115,4.2,1.8
37.05,5,twowheeler,335.046,4.764,3.1416,0.000,2.0,0.8
37.05,6,car,330.000,4.300,0.0500,0.000,4.2,1.8
37.05,7,pedestrian,420.000,-7.500,-1.5708,0.000,0.5,0.5
37.15,1,tractor,323.203,3.828,0.0000,0.000,5.5,2.2
37.15,2,truck,489.337,0.214,0.0300,9.033,9.0,2.5
37.15,3,bus,440.793,0.393,-0.0300,9.430,11.0,2.6
37.15,4,car,410.683,-4.609,0.1500,3.105,4.2,1.8
37.15,5,twowheeler,335.046,4.764,3.1416,0.000,2.0,0.8
37.15,6,car,330.000,4.300,0.0500,0.000,4.2,1.8
37.15,7,pedestrian,420.000,-7.500,-1.5708,0.000,0.5,0.5
37.25,1,tractor,323.203,3.828,0.0000,0.000,5.5,2.2
37.25,2,truck,490.241,0.214,-0.0300,9.033,9.0,2.5
37.25,3,bus,441.742,0.383,0.0300,9.549,11.0,2.6
37.25,4,car,410.994,-4.669,-0.1500,3.102,4.2,1.8
37.25,5,twowheeler,335.046,4.764,3.1416,0.000,2.0,0.8
37.25,6,car,330.000,4.300,0.0500,0.000,4.2,1.8
37.25,7,pedestrian,420.000,-7.500,-1.5708,0.000,0.5,0.5
37.35,1,tractor,323.203,3.828,0.0000,0.000,5.5,2.2
37.35,2,truck,491.144,0.274,0.0300,9.033,9.0,2.5
37.35,3,bus,442.702,0.410,0.0300,9.667,11.0,2.6
37.35,4,car,411.304,-4.669,-0.1500,3.107,4.2,1.8
37.35,5,twowheeler,335.046,4.764,3.1416,0.000,2.0,0.8
37.35,6,car,330.000,4.300,0.0500,0.000,4.2,1.8
37.35,7,pedestrian,420.000,-7.500,-1.5708,0.000,0.5,0.5
37.45,1,tractor,323.203,3.828,0.0000,0.000,5.5,2.2
37.45,2,truck,492.047,0.334,0.0300,9.033,9.0,2.5
37.45,3,bus,443.675,0.380,-0.0300,9.783,11.0,2.6
37.45,4,car,411.615,-4.704,-0.1500,3.122,4.2,1.8
37.45,5,twowheeler,335.046,4.764,3.1416,0.000,2.0,0.8
37.45,6,car,330.000,4.300,0.0500,0.000,4.2,1.8
37.45,7,pedestrian,420.000,-7.500,-1.5708,0.000,0.5,0.5
37.55,1,tractor,323.203,3.828,0.0000,0.000,5.5,2.2
37.55,2,truck,492.950,0.383,0.0300,9.033,9.0,2.5
37.55,3,bus,444.659,0.348,-0.0143,9.898,11.0,2.6
37.55,4,car,411.929,-4.663,0.0678,3.145,4.2,1.8
37.55,5,twowheeler,335.046,4.764,3.1416,0.000,2.0,0.8
37.55,6,car,330.000,4.300,0.0500,0.000,4.2,1.8
37.55,7,pedestrian,420.000,-7.500,-1.5708,0.000,0.5,0.5
37.65,1,tractor,323.203,3.828,0.0000,0.000,5.5,2.2
37.65,2,truck,493.854,0.347,-0.0141,9.033,9.0,2.5
37.65,3,bus,445.654,0.347,-0.0219,10.011,11.0,2.6
37.65,4,car,412.245,-4.603,0.1500,3.177,4.2,1.8
37.65,5,twowheeler,335.046,4.764,3.1416,0.000,2.0,0.8
37.65,6,car,330.000,4.300,0.0500,0.000,4.2,1.8
37.65,7,pedestrian,420.000,-7.500,-1.5708,0.000,0.5,0.5
37.75,1,tractor,323.203,3.828,0.0000,0.000,5.5,2.2
37.75,2,truck,494.757,0.287,-0.0300,9.033,9.0,2.5
37.75,3,bus,446.661,0.332,0.0266,10.122,11.0,2.6
37.75,4,car,412.564,-4.543,0.1500,3.218,4.2,1.8
37.75,5,twowheeler,335.046,4.764,3.1416,0.000,2.0,0.8
37.75,6,car,330.000,4.300,0.0500,0.000,4.2,1.8
37.75,7,pedestrian,420.000,-7.500,-1.5708,0.000,0.5,0.5
37.85,1,tractor,323.203,3.828,0.0000,0.000,5.5,2.2
37.85,2,truck,495.660,0.267,0.0229,9.033,9.0,2.5
37.85,3,bus,447.679,0.350,0.0300,10.231,11.0,2.6
37.85,4,car,412.889,-4.483,0.1500,3.267,4.2,1.8
37.85,5,twowheeler,335.046,4.764,3.1416,0.000,2.0,0.8
37.85,6,car,330.000,4.300,0.0500,0.000,4.2,1.8
37.85,7,pedestrian,420.000,-7.500,-1.5708,0.000,0.5,0.5
37.95,1,tractor,323.203,3.828,0.0000,0.000,5.5,2.2
37.95,2,truck,496.564,0.327,0.0300,9.033,9.0,2.5
37.95,3,bus,448.707,0.366,0.0114,10.339,11.0,2.6
37.95,4,car,413.218,-4.433,0.1228,3.324,4.2,1.8
37.95,5,twowheeler,335.046,4.764,3.1416,0.000,2.0,0.8
37.95,6,car,330.000,4.300,0.0500,0.000,4.2,1.8
37.95,7,pedestrian,420.000,-7.500,-1.5708,0.000,0.5,0.5
38.05,1,tractor,323.203,3.828,0.0000,0.000,5.5,2.2
38.05,2,truck,497.467,0.307,-0.0300,9.033,9.0,2.5
38.05,3,bus,449.747,0.404,0.0281,10.445,11.0,2.6
38.05,4,car,413.554,-4.441,-0.1500,3.388,4.2,1.8
38.05,5,twowheeler,335.046,4.764,3.1416,0.000,2.0,0.8
38.05,6,car,330.000,4.300,0.0500,0.000,4.2,1.8
38.05,7,pedestrian,420.000,-7.500,-1.5708,0.000,0.5,0.5
38.15,1,tractor,323.203,3.828,0.0000,0.000,5.5,2.2
38.15,2,truck,498.370,0.250,-0.0300,9.033,9.0,2.5
38.15,3,bus,450.796,0.401,-0.0211,10.549,11.0,2.6
38.15,4,car,413.896,-4.435,0.1500,3.460,4.2,1.8
38.15,5,twowheeler,335.046,4.764,3.1416,0.000,2.0,0.8
38.15,6,car,330.000,4.300,0.0500,0.000,4.2,1.8
38.15,7,pedestrian,420.000,-7.500,-1.5708,0.000,0.5,0.5
38.25,1,tractor,323.203,3.828,0.0000,0.000,5.5,2.2
38.25,2,truck,499.274,0.250,0.0300,9.033,9.0,2.5
38.25,3,bus,451.856,0.392,0.0035,10.651,11.0,2.6
38.25,4,car,414.246,-4.375,0.1500,3.539,4.2,1.8
38.25,5,twowheeler,335.046,4.764,3.1416,0.000,2.0,0.8
38.25,6,car,330.000,4.300,0.0500,0.000,4.2,1.8
38.25,7,pedestrian,420.000,-7.500,-1.5708,0.000,0.5,0.5
38.35,1,tractor,323.203,3.828,0.0000,0.000,5.5,2.2
38.35,2,truck,500.177,0.190,-0.0300,9.033,9.0,2.5
38.35,3,bus,452.926,0.370,-0.0300,10.751,11.0,2.6
38.35,4,car,414.604,-4.435,-0.1500,3.624,4.2,1.8
38.35,5,twowheeler,335.046,4.764,3.1416,0.000,2.0,0.8
38.35,6,car,330.000,4.300,0.0500,0.000,4.2,1.8
38.35,7,pedestrian,420.000,-7.500,-1.5708,0.000,0.5,0.5
38.45,1,tractor,323.203,3.828,0.0000,0.000,5.5,2.2
38.45,2,truck,501.080,0.136,-0.0300,9.033,9.0,2.5
38.45,3,bus,454.007,0.427,0.0300,10.850,11.0,2.6
38.45,4,car,414.971,-4.495,-0.1500,3.715,4.2,1.8
38.45,5,twowheeler,335.046,4.764,3.1416,0.000,2.0,0.8
38.45,6,car,330.000,4.300,0.0500,0.000,4.2,1.8
38.45,7,pedestrian,420.000,-7.500,-1.5708,0.000,0.5,0.5
38.55,1,tractor,323.203,3.828,0.0000,0.000,5.5,2.2
38.55,2,truck,501.984,0.076,-0.0300,9.033,9.0,2.5
38.55,3,bus,455.096,0.435,-0.0300,10.946,11.0,2.6
38.55,4,car,415.350,-4.555,-0.1500,3.865,4.2,1.8
38.55,5,twowheeler,335.046,4.764,3.1416,0.000,2.0,0.8
38.55,6,car,330.000,4.300,0.0500,0.000,4.2,1.8
38.55,7,pedestrian,420.000,-7.500,-1.5708,0.000,0.5,0.5
38.65,1,tractor,323.203,3.828,0.0000,0.000,5.5,2.2
38.65,2,truck,502.887,0.016,-0.0300,9.033,9.0,2.5
38.65,3,bus,456.196,0.431,-0.0300,11.041,11.0,2.6
38.65,4,car,415.744,-4.528,0.1484,4.014,4.2,1.8
38.65,5,twowheeler,335.046,4.764,3.1416,0.000,2.0,0.8
38.65,6,car,330.000,4.300,0.0500,0.000,4.2,1.8
38.65,7,pedestrian,420.000,-7.500,-1.5708,0.000,0.5,0.5
38.75,1,tractor,323.203,3.828,0.0000,0.000,5.5,2.2
38.75,2,truck,503.790,-0.044,-0.0300,9.033,9.0,2.5
38.75,3,bus,457.305,0.456,-0.0144,11.134,11.0,2.6
38.75,4,car,416.153,-4.468,0.1431,4.164,4.2,1.8
38.75,5,twowheeler,335.046,4.764,3.1416,0.000,2.0,0.8
38.75,6,car,330.000,4.300,0.0500,0.000,4.2,1.8
38.75,7,pedestrian,420.000,-7.500,-1.5708,0.000,0.5,0.5
38.85,1,tractor,323.203,3.828,0.0000,0.000,5.5,2.2
38.85,2,truck,504.693,-0.104,-0.0300,9.033,9.0,2.5
38.85,3,bus,458.422,0.425,-0.0300,11.225,11.0,2.6
38.85,4,car,416.577,-4.457,-0.0372,4.314,4.2,1.8
38.85,5,twowheeler,335.046,4.764,3.1416,0.000,2.0,0.8
38.85,6,car,330.000,4.300,0.0500,0.000,4.2,1.8
38.85,7,pedestrian,420.000,-7.500,-1.5708,0.000,0.5,0.5
38.95,1,tractor,323.203,3.828,0.0000,0.000,5.5,2.2
38.95,2,truck,505.597,-0.164,-0.0300,9.033,9.0,2.5
38.95,3,bus,459.549,0.498,0.0300,11.313,11.0,2.6
38.95,4,car,417.016,-4.457,0.1336,4.464,4.2,1.8
38.95,5,twowheeler,335.046,4.764,3.1416,0.000,2.0,0.8
38.95,6,car,330.000,4.300,0.0500,0.000,4.2,1.8
38.95,7,pedestrian,420.000,-7.500,-1.5708,0.000,0.5,0.5
39.05,1,tractor,323.203,3.828,0.0000,0.000,5.5,2.2
39.05,2,truck,506.500,-0.224,-0.0300,9.033,9.0,2.5
39.05,3,bus,460.685,0.543,0.0011,11.400,11.0,2.6
39.05,4,car,417.469,-4.399,0.1220,4.614,4.2,1.8
39.05,5,twowheeler,335.046,4.764,3.1416,0.000,2.0,0.8
39.05,6,car,330.000,4.300,0.0500,0.000,4.2,1.8
39.05,7,pedestrian,420.000,-7.500,-1.5708,0.000,0.5,0.5
39.15,1,tractor,323.203,3.828,0.0000,0.000,5.5,2.2
39.15,2,truck,507.403,-0.179,0.0300,9.033,9.0,2.5
39.15,3,bus,461.829,0.554,0.0290,11.485,11.0,2.6
39.15,4,car,417.938,-4.339,0.1253,4.764,4.2,1.8
39.15,5,twowheeler,335.046,4.764,3.1416,0.000,2.0,0.8
39.15,6,car,330.000,4.300,0.0500,0.000,4.2,1.8
39.15,7,pedestrian,420.000,-7.500,-1.5708,0.000,0.5,0.5
39.25,1,tractor,323.203,3.828,0.0000,0.000,5.5,2.2
39.25,2,truck,508.307,-0.195,-0.0300,9.033,9.0,2.5
39.25,3,bus,462.982,0.521,0.0024,11.568,11.0,2.6
39.25,4,car,418.422,-4.279,0.1215,4.914,4.2,1.8
39.25,5,twowheeler,335.046,4.764,3.1416,0.000,2.0,0.8
39.25,6,car,330.000,4.300,0.0500,0.000,4.2,1.8
39.25,7,pedestrian,420.000,-7.500,-1.5708,0.000,0.5,0.5
39.35,1,tractor,323.203,3.828,0.0000,0.000,5.5,2.2
39.35,2,truck,509.210,-0.255,-0.0300,9.033,9.0,2.5
39.35,3,bus,464.143,0.536,0.0300,11.649,11.0,2.6
39.35,4,car,418.921,-4.332,-0.0905,5.064,4.2,1.8
39.35,5,twowheeler,335.046,4.764,3.1416,0.000,2.0,0.8
39.35,6,car,330.000,4.300,0.0500,0.000,4.2,1.8
39.35,7,pedestrian,420.000,-7.500,-1.5708,0.000,0.5,0.5
39.45,1,tractor,323.203,3.828,0.0000,0.000,5.5,2.2
39.45,2,truck,510.113,-0.315,-0.0300,9.033,9.0,2.5
39.45,3,bus,465.312,0.504,-0.0086,11.728,11.0,2.6
39.45,4,car,419.435,-4.392,-0.1146,5.213,4.2,1.8
39.45,5,twowheeler,335.046,4.764,3.1416,0.000,2.0,0.8
39.45,6,car,330.000,4.300,0.0500,0.000,4.2,1.8
39.45,7,pedestrian,420.000,-7.500,-1.5708,0.000,0.5,0.5
39.55,1,tractor,323.203,3.828,0.0000,0.000,5.5,2.2
39.55,2,truck,511.017,-0.255,0.0300,9.033,9.0,2.5
39.55,3,bus,466.488,0.531,0.0300,11.805,11.0,2.6
39.55,4,car,419.964,-4.433,-0.1114,5.363,4.2,1.8
39.55,5,twowheeler,335.046,4.764,3.1416,0.000,2.0,0.8
39.55,6,car,330.000,4.300,0.0500,0.000,4.2,1.8
39.55,7,pedestrian,420.000,-7.500,-1.5708,0.000,0.5,0.5
39.65,1,tractor,323.203,3.828,0.0000,0.000,5.5,2.2
39.65,2,truck,511.920,-0.195,0.0300,9.033,9.0,2.5
39.65,3,bus,467.673,0.492,-0.0300,11.881,11.0,2.6
39.65,4,car,420.508,-4.484,-0.1084,5.513,4.2,1.8
39.65,5,twowheeler,335.046,4.764,3.1416,0.000,2.0,0.8
39.65,6,car,330.000,4.300,0.0500,0.000,4.2,1.8
39.65,7,pedestrian,420.000,-7.500,-1.5708,0.000,0.5,0.5
39.75,1,tractor,323.203,3.828,0.0000,0.000,5.5,2.2
39.75,2,truck,512.823,-0.135,0.0300,9.033,9.0,2.5
39.75,3,bus,468.864,0.476,-0.0169,11.954,11.0,2.6
39.75,4,car,421.066,-4.452,0.1056,5.663,4.2,1.8
39.75,5,twowheeler,335.046,4.764,3.1416,0.000,2.0,0.8
39.75,6,car,330.000,4.300,0.0500,0.000,4.2,1.8
39.75,7,pedestrian,420.000,-7.500,-1.5708,0.000,0.5,0.5
39.85,1,tractor,323.203,3.828,0.0000,0.000,5.5,2.2
39.85,2,truck,513.726,-0.127,0.0300,9.033,9.0,2.5
39.85,3,bus,470.063,0.413,-0.0300,12.025,11.0,2.6
39.85,4,car,421.640,-4.392,0.1029,5.812,4.2,1.8
39.85,5,twowheeler,335.046,4.764,3.1416,0.000,2.0,0.8
39.85,6,car,330.000,4.300,0.0500,0.000,4.2,1.8
39.85,7,pedestrian,420.000,-7.500,-1.5708,0.000,0.5,0.5
39.95,1,tractor,323.203,3.828,0.0000,0.000,5.5,2.2
39.95,2,truck,514.630,-0.098,-0.0022,9.033,9.0,2.5
39.95,3,bus,471.269,0.413,-0.0007,12.095,11.0,2.6
39.95,4,car,422.229,-4.332,0.1003,5.962,4.2,1.8
39.95,5,twowheeler,335.046,4.764,3.1416,0.000,2.0,0.8
39.95,6,car,330.000,4.300,0.0500,0.000,4.2,1.8
39.95,7,pedestrian,420.000,-7.500,-1.5708,0.000,0.5,0.5
40.05,1,tractor,323.203,3.828,0.0000,0.000,5.5,2.2
40.05,2,truck,515.533,-0.078,-0.0224,9.033,9.0,2.5
40.05,3,bus,472.482,0.411,-0.0300,12.163,11.0,2.6
40.05,4,car,422.833,-4.324,-0.0714,6.112,4.2,1.8
40.05,5,twowheeler,335.046,4.764,3.1416,0.000,2.0,0.8
40.05,6,car,330.000,4.300,0.0500,0.000,4.2,1.8
40.05,7,pedestrian,420.000,-7.500,-1.5708,0.000,0.5,0.5
40.15,1,tractor,323.203,3.828,0.0000,0.000,5.5,2.2
40.15,2,truck,516.436,-0.120,-0.0300,9.033,9.0,2.5
40.15,3,bus,473.702,0.402,-0.0199,12.229,11.0,2.6
40.15,4,car,423.451,-4.384,-0.0955,6.261,4.2,1.8
40.15,5,twowheeler,335.046,4.764,3.1416,0.000,2.0,0.8
40.15,6,car,330.000,4.300,0.0500,0.000,4.2,1.8
40.15,7,pedestrian,420.000,-7.500,-1.5708,0.000,0.5,0.5
40.25,1,tractor,323.203,3.828,0.0000,0.000,5.5,2.2
40.25,2,truck,517.340,-0.148,0.0041,9.033,9.0,2.5
40.25,3,bus,474.928,0.383,-0.0001,12.293,11.0,2.6
40.25,4,car,424.085,-4.444,-0.0933,6.411,4.2,1.8
40.25,5,twowheeler,335.046,4.764,3.1416,0.000,2.0,0.8
40.25,6,car,330.000,4.300,0.0500,0.000,4.2,1.8
40.25,7,pedestrian,420.000,-7.500,-1.5708,0.000,0.5,0.5
40.35,1,tractor,323.203,3.828,0.0000,0.000,5.5,2.2
40.35,2,truck,518.243,-0.148,-0.0300,9.033,9.0,2.5
40.35,3,bus,476.160,0.400,0.0300,12.355,11.0,2.6
40.35,4,car,424.734,-4.440,0.0294,6.561,4.2,1.8
40.35,5,twowheeler,335.046,4.764,3.1416,0.000,2.0,0.8
40.35,6,car,330.000,4.300,0.0500,0.000,4.2,1.8
40.35,7,pedestrian,420.000,-7.500,-1.5708,0.000,0.5,0.5
40.45,1,tractor,323.203,3.828,0.0000,0.000,5.5,2.2
40.45,2,truck,519.146,-0.148,-0.0300,9.033,9.0,2.5
40.45,3,bus,477.399,0.449,0.0050,12.415,11.0,2.6
40.45,4,car,425.397,-4.466,-0.0892,6.710,4.2,1.8
40.45,5,twowheeler,335.046,4.764,3.1416,0.000,2.0,0.8
40.45,6,car,330.000,4.300,0.0500,0.000,4.2,1.8
40.45,7,pedestrian,420.000,-7.500,-1.5708,0.000,0.5,0.5
40.55,1,tractor,323.203,3.828,0.0000,0.000,5.5,2.2
40.55,2,truck,520.050,-0.112,0.0300,9.033,9.0,2.5
40.55,3,bus,478.643,0.449,0.0300,12.474,11.0,2.6
40.55,4,car,426.075,-4.427,0.0872,6.859,4.2,1.8
40.55,5,twowheeler,335.046,4.764,3.1416,0.000,2.0,0.8
40.55,6,car,330.000,4.300,0.0500,0.000,4.2,1.8
40.55,7,pedestrian,420.000,-7.500,-1.5708,0.000,0.5,0.5
40.65,1,tractor,323.203,3.828,0.0000,0.000,5.5,2.2
40.65,2,truck,520.953,-0.172,-0.0300,9.033,9.0,2.5
40.65,3,bus,479.894,0.450,-0.0187,12.531,11.0,2.6
40.65,4,car,426.769,-4.367,0.0854,7.009,4.2,1.8
40.65,5,twowheeler,335.046,4.764,3.1416,0.000,2.0,0.8
40.65,6,car,330.000,4.300,0.0500,0.000,4.2,1.8
40.65,7,pedestrian,420.000,-7.500,-1.5708,0.000,0.5,0.5
40.75,1,tractor,323.203,3.828,0.0000,0.000,5.5,2.2
40.75,2,truck,521.856,-0.197,-0.0300,9.033,9.0,2.5
40.75,3,bus,481.150,0.426,-0.0300,12.586,11.0,2.6
40.75,4,car,427.477,-4.308,0.0836,7.158,4.2,1.8
40.75,5,twowheeler,335.046,4.764,3.1416,0.000,2.0,0.8
40.75,6,car,330.000,4.300,0.0500,0.000,4.2,1.8
40.75,7,pedestrian,420.000,-7.500,-1.5708,0.000,0.5,0.5
40.85,1,tractor,323.203,3.828,0.0000,0.000,5.5,2.2
40.85,2,truck,522.760,-0.137,0.0300,9.033,9.0,2.5
40.85,3,bus,482.411,0.434,0.0111,12.640,11.0,2.6
40.85,4,car,428.201,-4.368,-0.0819,7.307,4.2,1.8
40.85,5,twowheeler,335.046,4.764,3.1416,0.000,2.0,0.8
40.85,6,car,330.000,4.300,0.0500,0.000,4.2,1.8
40.85,7,pedestrian,420.000,-7.500,-1.5708,0.000,0.5,0.5
40.95,1,tractor,323.203,3.828,0.0000,0.000,5.5,2.2
40.95,2,truck,523.663,-0.084,0.0300,9.033,9.0,2.5
40.95,3,bus,483.677,0.436,0.0010,12.692,11.0,2.6
40.95,4,car,428.939,-4.383,0.0390,7.457,4.2,1.8
40.95,5,twowheeler,335.046,4.764,3.1416,0.000,2.0,0.8
40.95,6,car,330.000,4.300,0.0500,0.000,4.2,1.8
40.95,7,pedestrian,420.000,-7.500,-1.5708,0.000,0.5,0.5
41.05,1,tractor,323.203,3.828,0.0000,0.000,5.5,2.2
41.05,2,truck,524.566,-0.024,0.0300,9.033,9.0,2.5
41.05,3,bus,484.949,0.357,-0.0300,12.742,11.0,2.6
41.05,4,car,429.692,-4.323,0.0787,7.606,4.2,1.8
41.05,5,twowheeler,335.046,4.764,3.1416,0.000,2.0,0.8
41.05,6,car,330.000,4.300,0.0500,0.000,4.2,1.8
41.05,7,pedestrian,420.000,-7.500,-1.5708,0.000,0.5,0.5
41.15,1,tractor,323.203,3.828,0.0000,0.000,5.5,2.2
41.15,3,bus,486.226,0.354,0.0217,12.791,11.0,2.6
41.15,4,car,430.460,-4.263,0.0772,7.755,4.2,1.8
41.15,5,twowheeler,335.046,4.764,3.1416,0.000,2.0,0.8
41.15,6,car,330.000,4.300,0.0500,0.000,4.2,1.8
41.15,7,pedestrian,420.000,-7.500,-1.5708,0.000,0.5,0.5
41.25,1,tractor,323.203,3.828,0.0000,0.000,5.5,2.2
41.25,3,bus,487.507,0.371,0.0289,12.838,11.0,2.6
41.25,4,car,431.243,-4.224,0.0758,7.904,4.2,1.8
41.25,5,twowheeler,335.046,4.764,3.1416,0.000,2.0,0.8
41.25,6,car,330.000,4.300,0.0500,0.000,4.2,1.8
41.25,7,pedestrian,420.000,-7.500,-1.5708,0.000,0.5,0.5
41.35,1,tractor,323.203,3.828,0.0000,0.000,5.5,2.2
41.35,3,bus,488.793,0.377,0.0175,12.884,11.0,2.6
41.35,4,car,432.041,-4.164,0.0744,8.053,4.2,1.8
41.35,5,twowheeler,335.046,4.764,3.1416,0.000,2.0,0.8
41.35,6,car,330.000,4.300,0.0500,0.000,4.2,1.8
41.35,7,pedestrian,420.000,-7.500,-1.5708,0.000,0.5,0.5
41.45,1,tractor,323.203,3.828,0.0000,0.000,5.5,2.2
41.45,3,bus,490.084,0.406,0.0034,12.928,11.0,2.6
41.45,4,car,432.853,-4.104,0.0730,8.201,4.2,1.8
41.45,5,twowheeler,335.046,4.764,3.1416,0.000,2.0,0.8
41.45,6,car,330.000,4.300,0.0500,0.000,4.2,1.8
41.45,7,pedestrian,420.000,-7.500,-1.5708,0.000,0.5,0.5
41.55,1,tractor,323.203,3.828,0.0000,0.000,5.5,2.2
41.55,3,bus,491.379,0.462,0.0241,12.971,11.0,2.6
41.55,4,car,433.681,-4.044,0.0717,8.350,4.2,1.8
41.55,5,twowheeler,335.046,4.764,3.1416,0.000,2.0,0.8
41.55,6,car,330.000,4.300,0.0500,0.000,4.2,1.8
41.55,7,pedestrian,420.000,-7.500,-1.5708,0.000,0.5,0.5
41.65,1,tractor,323.203,3.828,0.0000,0.000,5.5,2.2
41.65,3,bus,492.678,0.492,-0.0049,13.013,11.0,2.6
41.65,4,car,434.523,-3.984,0.0705,8.499,4.2,1.8
41.65,5,twowheeler,335.046,4.764,3.1416,0.000,2.0,0.8
41.65,6,car,330.000,4.300,0.0500,0.000,4.2,1.8
41.65,7,pedestrian,420.000,-7.500,-1.5708,0.000,0.5,0.5
41.75,1,tractor,323.203,3.828,0.0000,0.000,5.5,2.2
41.75,3,bus,493.981,0.474,-0.0300,13.053,11.0,2.6
41.75,4,car,435.381,-3.924,0.0693,8.647,4.2,1.8
41.75,5,twowheeler,335.046,4.764,3.1416,0.000,2.0,0.8
41.75,6,car,330.000,4.300,0.0500,0.000,4.2,1.8
41.75,7,pedestrian,420.000,-7.500,-1.5708,0.000,0.5,0.5
41.85,1,tractor,323.203,3.828,0.0000,0.000,5.5,2.2
41.85,3,bus,495.289,0.462,-0.0300,13.091,11.0,2.6
41.85,4,car,436.253,-3.864,0.0681,8.796,4.2,1.8
41.85,5,twowheeler,335.046,4.764,3.1416,0.000,2.0,0.8
41.85,6,car,330.000,4.300,0.0500,0.000,4.2,1.8
41.85,7,pedestrian,420.000,-7.500,-1.5708,0.000,0.5,0.5
41.95,1,tractor,323.203,3.828,0.0000,0.000,5.5,2.2
41.95,3,bus,496.600,0.468,-0.0032,13.129,11.0,2.6
41.95,4,car,437.140,-3.924,-0.0670,8.944,4.2,1.8
41.95,5,twowheeler,335.046,4.764,3.1416,0.000,2.0,0.8
41.95,6,car,330.000,4.300,0.0500,0.000,4.2,1.8
41.95,7,pedestrian,420.000,-7.500,-1.5708,0.000,0.5,0.5
42.05,1,tractor,323.203,3.828,0.0000,0.000,5.5,2.2
42.05,3,bus,497.914,0.505,0.0300,13.165,11.0,2.6
42.05,4,car,438.042,-3.938,0.0345,9.092,4.2,1.8
42.05,5,twowheeler,335.046,4.764,3.1416,0.000,2.0,0.8
42.05,6,car,330.000,4.300,0.0500,0.000,4.2,1.8
42.05,7,pedestrian,420.000,-7.500,-1.5708,0.000,0.5,0.5
42.15,1,tractor,323.203,3.828,0.0000,0.000,5.5,2.2
42.15,3,bus,499.233,0.483,-0.0008,13.199,11.0,2.6
42.15,4,car,438.958,-3.938,-0.0648,9.240,4.2,1.8
42.15,5,twowheeler,335.046,4.764,3.1416,0.000,2.0,0.8
42.15,6,car,330.000,4.300,0.0500,0.000,4.2,1.8
42.15,7,pedestrian,420.000,-7.500,-1.5708,0.000,0.5,0.5
42.25,1,tractor,323.203,3.828,0.0000,0.000,5.5,2.2
42.25,3,bus,500.554,0.504,0.0300,13.233,11.0,2.6
42.25,4,car,439.890,-3.938,-0.0638,9.388,4.2,1.8
42.25,5,twowheeler,335.046,4.764,3.1416,0.000,2.0,0.8
42.25,6,car,330.000,4.300,0.0500,0.000,4.2,1.8
42.25,7,pedestrian,420.000,-7.500,-1.5708,0.000,0.5,0.5
42.35,1,tractor,323.203,3.828,0.0000,0.000,5.5,2.2
42.35,3,bus,501.879,0.455,-0.0300,13.266,11.0,2.6
42.35,4,car,440.836,-3.878,0.0628,9.536,4.2,1.8
42.35,5,twowheeler,335.046,4.764,3.1416,0.000,2.0,0.8
42.35,6,car,330.000,4.300,0.0500,0.000,4.2,1.8
42.35,7,pedestrian,420.000,-7.500,-1.5708,0.000,0.5,0.5
42.45,1,tractor,323.203,3.828,0.0000,0.000,5.5,2.2
42.45,3,bus,503.207,0.501,0.0017,13.297,11.0,2.6
42.45,4,car,441.797,-3.854,-0.0118,9.684,4.2,1.8
42.45,5,twowheeler,335.046,4.764,3.1416,0.000,2.0,0.8
42.45,6,car,330.000,4.300,0.0500,0.000,4.2,1.8
42.45,7,pedestrian,420.000,-7.500,-1.5708,0.000,0.5,0.5
42.55,1,tractor,323.203,3.828,0.0000,0.000,5.5,2.2
42.55,3,bus,504.538,0.507,-0.0093,13.327,11.0,2.6
42.55,4,car,442.773,-3.879,-0.0063,9.831,4.2,1.8
42.55,5,twowheeler,335.046,4.764,3.1416,0.000,2.0,0.8
42.55,6,car,330.000,4.300,0.0500,0.000,4.2,1.8
42.55,7,pedestrian,420.000,-7.500,-1.5708,0.000,0.5,0.5
42.65,1,tractor,323.203,3.828,0.0000,0.000,5.5,2.2
42.65,3,bus,505.873,0.508,-0.0093,13.356,11.0,2.6
42.65,4,car,443.763,-3.880,0.0574,9.979,4.2,1.8
42.65,5,twowheeler,335.046,4.764,3.1416,0.000,2.0,0.8
42.65,6,car,330.000,4.300,0.0500,0.000,4.2,1.8
42.65,7,pedestrian,420.000,-7.500,-1.5708,0.000,0.5,0.5
42.75,1,tractor,323.203,3.828,0.0000,0.000,5.5,2.2
42.75,3,bus,507.210,0.513,0.0260,13.384,11.0,2.6
42.75,4,car,444.769,-3.900,-0.0592,10.126,4.2,1.8
42.75,5,twowheeler,335.046,4.764,3.1416,0.000,2.0,0.8
42.75,6,car,330.000,4.300,0.0500,0.000,4.2,1.8
42.75,7,pedestrian,420.000,-7.500,-1.5708,0.000,0.5,0.5
42.85,1,tractor,323.203,3.828,0.0000,0.000,5.5,2.2
42.85,3,bus,508.549,0.476,-0.0260,13.411,11.0,2.6
42.85,4,car,445.789,-3.960,-0.0583,10.273,4.2,1.8
42.85,5,twowheeler,335.046,4.764,3.1416,0.000,2.0,0.8
42.85,6,car,330.000,4.300,0.0500,0.000,4.2,1.8
42.85,7,pedestrian,420.000,-7.500,-1.5708,0.000,0.5,0.5
42.95,1,tractor,323.203,3.828,0.0000,0.000,5.5,2.2
42.95,3,bus,509.892,0.461,0.0177,13.437,11.0,2.6
42.95,4,car,446.823,-4.020,-0.0575,10.420,4.2,1.8
42.95,5,twowheeler,335.046,4.764,3.1416,0.000,2.0,0.8
42.95,6,car,330.000,4.300,0.0500,0.000,4.2,1.8
42.95,7,pedestrian,420.000,-7.500,-1.5708,0.000,0.5,0.5
43.05,1,tractor,323.203,3.828,0.0000,0.000,5.5,2.2
43.05,3,bus,511.237,0.466,-0.0243,13.462,11.0,2.6
43.05,4,car,447.873,-4.007,0.0567,10.567,4.2,1.8
43.05,5,twowheeler,335.046,4.764,3.1416,0.000,2.0,0.8
43.05,6,car,330.000,4.300,0.0500,0.000,4.2,1.8
43.05,7,pedestrian,420.000,-7.500,-1.5708,0.000,0.5,0.5
43.15,1,tractor,323.203,3.828,0.0000,0.000,5.5,2.2
43.15,3,bus,512.584,0.437,0.0048,13.487,11.0,2.6
43.15,4,car,448.937,-3.947,0.0559,10.713,4.2,1.8
43.15,5,twowheeler,335.046,4.764,3.1416,0.000,2.0,0.8
43.15,6,car,330.000,4.300,0.0500,0.000,4.2,1.8
43.15,7,pedestrian,420.000,-7.500,-1.5708,0.000,0.5,0.5
43.25,1,tractor,323.203,3.828,0.0000,0.000,5.5,2.2
43.25,3,bus,513.934,0.378,-0.0220,13.510,11.0,2.6
43.25,4,car,450.015,-3.887,0.0552,10.860,4.2,1.8
43.25,5,twowheeler,335.046,4.764,3.1416,0.000,2.0,0.8
43.25,6,car,330.000,4.300,0.0500,0.000,4.2,1.8
43.25,7,pedestrian,420.000,-7.500,-1.5708,0.000,0.5,0.5
43.35,1,tractor,323.203,3.828,0.0000,0.000,5.5,2.2
43.35,3,bus,515.286,0.397,0.0207,13.532,11.0,2.6
43.35,4,car,451.108,-3.827,0.0545,11.006,4.2,1.8
43.35,5,twowheeler,335.046,4.764,3.1416,0.000,2.0,0.8
43.35,6,car,330.000,4.300,0.0500,0.000,4.2,1.8
43.35,7,pedestrian,420.000,-7.500,-1.5708,0.000,0.5,0.5
43.45,1,tractor,323.203,3.828,0.0000,0.000,5.5,2.2
43.45,3,bus,516.641,0.429,0.0114,13.554,11.0,2.6
43.45,4,car,452.216,-3.767,0.0538,11.152,4.2,1.8
43.45,5,twowheeler,335.046,4.764,3.1416,0.000,2.0,0.8
43.45,6,car,330.000,4.300,0.0500,0.000,4.2,1.8
43.45,7,pedestrian,420.000,-7.500,-1.5708,0.000,0.5,0.5
43.55,1,tractor,323.203,3.828,0.0000,0.000,5.5,2.2
43.55,3,bus,517.997,0.395,-0.0059,13.575,11.0,2.6
43.55,4,car,453.339,-3.707,0.0531,11.297,4.2,1.8
43.55,5,twowheeler,335.046,4.764,3.1416,0.000,2.0,0.8
43.55,6,car,330.000,4.300,0.0500,0.000,4.2,1.8
43.55,7,pedestrian,420.000,-7.500,-1.5708,0.000,0.5,0.5
43.65,1,tractor,323.203,3.828,0.0000,0.000,5.5,2.2
43.65,3,bus,519.355,0.424,0.0300,13.594,11.0,2.6
43.65,4,car,454.476,-3.647,0.0524,11.443,4.2,1.8
43.65,5,twowheeler,335.046,4.764,3.1416,0.000,2.0,0.8
43.65,6,car,330.000,4.300,0.0500,0.000,4.2,1.8
43.65,7,pedestrian,420.000,-7.500,-1.5708,0.000,0.5,0.5
43.75,1,tractor,323.203,3.828,0.0000,0.000,5.5,2.2
43.75,3,bus,520.716,0.436,0.0300,13.614,11.0,2.6
43.75,4,car,455.627,-3.587,0.0517,11.588,4.2,1.8
43.75,5,twowheeler,335.046,4.764,3.1416,0.000,2.0,0.8
43.75,6,car,330.000,4.300,0.0500,0.000,4.2,1.8
43.75,7,pedestrian,420.000,-7.500,-1.5708,0.000,0.5,0.5
43.85,1,tractor,323.203,3.828,0.0000,0.000,5.5,2.2
43.85,3,bus,522.078,0.390,-0.0300,13.632,11.0,2.6
43.85,4,car,456.793,-3.527,0.0511,11.733,4.2,1.8
43.85,5,twowheeler,335.046,4.764,3.1416,0.000,2.0,0.8
43.85,6,car,330.000,4.300,0.0500,0.000,4.2,1.8
43.85,7,pedestrian,420.000,-7.500,-1.5708,0.000,0.5,0.5
43.95,1,tractor,323.203,3.828,0.0000,0.000,5.5,2.2
43.95,3,bus,523.442,0.358,-0.0151,13.650,11.0,2.6
43.95,4,car,457.974,-3.467,0.0505,11.878,4.2,1.8
43.95,5,twowheeler,335.046,4.764,3.1416,0.000,2.0,0.8
43.95,6,car,330.000,4.300,0.0500,0.000,4.2,1.8
43.95,7,pedestrian,420.000,-7.500,-1.5708,0.000,0.5,0.5
44.05,1,tractor,323.203,3.828,0.0000,0.000,5.5,2.2
44.05,3,bus,524.808,0.381,0.0300,13.667,11.0,2.6
44.05,4,car,459.169,-3.407,0.0499,12.022,4.2,1.8
44.05,5,twowheeler,335.046,4.764,3.1416,0.000,2.0,0.8
44.05,6,car,330.000,4.300,0.0500,0.000,4.2,1.8
44.05,7,pedestrian,420.000,-7.500,-1.5708,0.000,0.5,0.5
44.15,1,tractor,323.203,3.828,0.0000,0.000,5.5,2.2
44.15,4,car,460.378,-3.347,0.0493,12.166,4.2,1.8
44.15,5,twowheeler,335.046,4.764,3.1416,0.000,2.0,0.8
44.15,6,car,330.000,4.300,0.0500,0.000,4.2,1.8
44.15,7,pedestrian,420.000,-7.500,-1.5708,0.000,0.5,0.5
44.25,1,tractor,323.203,3.828,0.0000,0.000,5.5,2.2
44.25,4,car,461.602,-3.394,-0.0487,12.310,4.2,1.8
44.25,5,twowheeler,335.046,4.764,3.1416,0.000,2.0,0.8
44.25,6,car,330.000,4.300,0.0500,0.000,4.2,1.8
44.25,7,pedestrian,420.000,-7.500,-1.5708,0.000,0.5,0.5
44.35,1,tractor,323.203,3.828,0.0000,0.000,5.5,2.2
44.35,4,car,462.840,-3.454,-0.0481,12.454,4.2,1.8
44.35,5,twowheeler,335.046,4.764,3.1416,0.000,2.0,0.8
44.35,6,car,330.000,4.300,0.0500,0.000,4.2,1.8
44.35,7,pedestrian,420.000,-7.500,-1.5708,0.000,0.5,0.5
44.45,1,tractor,323.203,3.828,0.0000,0.000,5.5,2.2
44.45,4,car,464.093,-3.514,-0.0476,12.597,4.2,1.8
44.45,5,twowheeler,335.046,4.764,3.1416,0.000,2.0,0.8
44.45,6,car,330.000,4.300,0.0500,0.000,4.2,1.8
44.45,7,pedestrian,420.000,-7.500,-1.5708,0.000,0.5,0.5
44.55,1,tractor,323.203,3.828,0.0000,0.000,5.5,2.2
44.55,4,car,465.360,-3.548,-0.0198,12.740,4.2,1.8
44.55,5,twowheeler,335.046,4.764,3.1416,0.000,2.0,0.8
44.55,6,car,330.000,4.300,0.0500,0.000,4.2,1.8
44.55,7,pedestrian,420.000,-7.500,-1.5708,0.000,0.5,0.5
44.65,1,tractor,323.203,3.828,0.0000,0.000,5.5,2.2
44.65,4,car,466.641,-3.582,-0.0465,12.883,4.2,1.8
44.65,5,twowheeler,335.046,4.764,3.1416,0.000,2.0,0.8
44.65,6,car,330.000,4.300,0.0500,0.000,4.2,1.8
44.65,7,pedestrian,420.000,-7.500,-1.5708,0.000,0.5,0.5
44.75,1,tractor,323.203,3.828,0.0000,0.000,5.5,2.2
44.75,4,car,467.936,-3.582,-0.0189,13.025,4.2,1.8
44.75,5,twowheeler,335.046,4.764,3.1416,0.000,2.0,0.8
44.75,6,car,330.000,4.300,0.0500,0.000,4.2,1.8
44.75,7,pedestrian,420.000,-7.500,-1.5708,0.000,0.5,0.5
44.85,1,tractor,323.203,3.828,0.0000,0.000,5.5,2.2
44.85,4,car,469.246,-3.642,-0.0455,13.167,4.2,1.8
44.85,5,twowheeler,335.046,4.764,3.1416,0.000,2.0,0.8
44.85,6,car,330.000,4.300,0.0500,0.000,4.2,1.8
44.85,7,pedestrian,420.000,-7.500,-1.5708,0.000,0.5,0.5
