t,id,class,x,y,yaw,v,length,width
0.05,1,car,61.840,-2.992,3.1240,9.247,4.2,1.8
0.05,2,auto,92.804,-2.630,3.2362,6.320,2.8,1.4
0.05,3,bus,149.594,-2.981,3.1116,8.119,11.0,2.6
0.05,4,car,-3.009,-64.145,1.5923,8.367,4.2,1.8
0.05,5,auto,2.979,51.515,-1.6347,6.522,2.8,1.4
0.05,6,twowheeler,1.970,89.236,-1.6408,8.556,2.0,0.8
0.05,7,twowheeler,21.088,4.600,3.1403,5.611,2.0,0.8
0.05,8,twowheeler,-22.000,-13.000,0.5337,0.000,2.0,0.8
0.05,9,pedestrian,-38.000,7.800,-1.5708,0.000,0.5,0.5
0.05,10,pedestrian,-37.000,8.300,-1.5392,0.000,0.5,0.5
0.05,11,pedestrian,8.000,-20.000,-3.1104,0.000,0.5,0.5
0.05,12,bus,-58.000,4.600,0.0000,0.000,11.0,2.6
0.05,13,pedestrian,-51.600,7.200,-1.5708,0.000,0.5,0.5
0.05,14,pushcart,4.600,-42.000,1.5708,0.000,2.0,1.2
0.05,15,pedestrian,-8.970,9.996,-0.1334,0.600,0.5,0.5
0.05,16,pedestrian,8.973,-10.014,-2.6594,0.600,0.5,0.5
0.15,1,car,60.915,-3.017,3.1334,9.247,4.2,1.8
0.15,2,auto,92.172,-2.570,3.0469,6.316,2.8,1.4
0.15,3,bus,148.782,-3.037,3.1716,8.119,11.0,2.6
0.15,4,car,-3.019,-63.309,1.5325,8.367,4.2,1.8
0.15,5,auto,2.935,50.863,-1.6134,6.522,2.8,1.4
0.15,6,twowheeler,1.918,88.382,-1.6220,8.526,2.0,0.8
0.15,7,twowheeler,20.527,4.603,3.1000,5.611,2.0,0.8
0.15,8,twowheeler,-22.000,-13.000,0.5337,0.000,2.0,0.8
0.15,9,pedestrian,-38.000,7.800,-1.5708,0.000,0.5,0.5
0.15,10,pedestrian,-37.000,8.300,-1.5392,0.000,0.5,0.5
0.15,11,pedestrian,8.000,-20.000,-3.1104,0.000,0.5,0.5
0.15,12,bus,-58.000,4.600,0.0000,0.000,11.0,2.6
0.15,13,pedestrian,-51.600,7.200,-1.5708,0.000,0.5,0.5
0.15,14,pushcart,4.600,-42.000,1.5708,0.000,2.0,1.2
0.15,15,pedestrian,-8.922,9.962,-0.7795,0.600,0.5,0.5
0.15,16,pedestrian,8.922,-10.045,-2.6830,0.600,0.5,0.5
0.25,1,car,59.991,-2.988,3.1273,9.247,4.2,1.8
0.25,2,auto,91.541,-2.565,3.2199,6.311,2.8,1.4
0.25,3,bus,147.970,-3.005,3.1125,8.119,11.0,2.6
0.25,4,car,-2.959,-62.472,1.4992,8.367,4.2,1.8
0.25,5,auto,2.893,50.211,-1.6625,6.522,2.8,1.4
0.25,6,twowheeler,1.978,87.531,-1.5003,8.498,2.0,0.8
0.25,7,twowheeler,19.966,4.543,3.2481,5.611,2.0,0.8
0.25,8,twowheeler,-22.000,-13.000,0.5337,0.000,2.0,0.8
0.25,9,pedestrian,-38.000,7.800,-1.5708,0.000,0.5,0.5
0.25,10,pedestrian,-37.000,8.300,-1.5392,0.000,0.5,0.5
0.25,11,pedestrian,8.000,-20.000,-3.1104,0.000,0.5,0.5
0.25,12,bus,-58.000,4.600,0.0000,0.000,11.0,2.6
0.25,13,pedestrian,-51.600,7.200,-1.5708,0.000,0.5,0.5
0.25,14,pushcart,4.600,-42.000,1.5708,0.000,2.0,1.2
0.25,15,pedestrian,-8.894,9.951,-0.3582,0.000,0.5,0.5
0.25,16,pedestrian,8.890,-10.095,-2.0514,0.600,0.5,0.5
0.35,1,car,59.066,-3.023,3.2064,9.247,4.2,1.8
0.35,2,auto,90.910,-2.528,3.1193,6.308,2.8,1.4
0.35,3,bus,147.158,-3.017,3.1538,8.119,11.0,2.6
0.35,4,car,-2.899,-61.635,1.4992,8.367,4.2,1.8
0.35,5,auto,2.833,49.559,-1.6625,6.522,2.8,1.4
0.35,6,twowheeler,1.978,86.682,-1.5001,8.472,2.0,0.8
0.35,7,twowheeler,19.404,4.483,3.2481,5.611,2.0,0.8
0.35,8,twowheeler,-22.000,-13.000,0.5337,0.000,2.0,0.8
0.35,9,pedestrian,-38.000,7.800,-1.5708,0.000,0.5,0.5
0.35,10,pedestrian,-37.000,8.300,-1.5392,0.000,0.5,0.5
0.35,11,pedestrian,8.000,-20.000,-3.1104,0.000,0.5,0.5
0.35,12,bus,-58.000,4.600,0.0000,0.000,11.0,2.6
0.35,13,pedestrian,-51.600,7.200,-1.5708,0.000,0.5,0.5
0.35,14,pushcart,4.600,-42.000,1.5708,0.000,2.0,1.2
0.35,15,pedestrian,-8.894,9.951,-0.3582,0.000,0.5,0.5
0.35,16,pedestrian,8.839,-10.126,-2.7268,0.600,0.5,0.5
0.45,1,car,58.141,-3.083,3.2064,9.247,4.2,1.8
0.45,2,auto,90.280,-2.528,3.0467,6.304,2.8,1.4
0.45,3,bus,146.346,-2.990,3.1497,8.119,11.0,2.6
0.45,4,car,-2.925,-60.799,1.6424,8.367,4.2,1.8
0.45,5,auto,2.782,48.907,-1.6355,6.522,2.8,1.4
0.45,6,twowheeler,1.967,85.836,-1.6417,8.447,2.0,0.8
0.45,7,twowheeler,18.843,4.423,3.2481,5.611,2.0,0.8
0.45,8,twowheeler,-22.000,-13.000,0.5337,0.000,2.0,0.8
0.45,9,pedestrian,-38.000,7.800,-1.5708,0.000,0.5,0.5
0.45,10,pedestrian,-37.000,8.300,-1.5392,0.000,0.5,0.5
0.45,11,pedestrian,8.000,-20.000,-3.1104,0.000,0.5,0.5
0.45,12,bus,-58.000,4.600,0.0000,0.000,11.0,2.6
0.45,13,pedestrian,-51.600,7.200,-1.5708,0.000,0.5,0.5
0.45,14,pushcart,4.600,-42.000,1.5708,0.000,2.0,1.2
0.45,15,pedestrian,-8.894,9.951,-0.3582,0.000,0.5,0.5
0.45,16,pedestrian,8.800,-10.170,-2.1122,0.600,0.5,0.5
0.55,1,car,57.217,-3.080,3.2002,9.247,4.2,1.8
0.55,2,auto,89.649,-2.572,3.1864,6.301,2.8,1.4
0.55,3,bus,145.534,-2.975,3.1124,8.119,11.0,2.6
0.55,4,car,-2.985,-59.962,1.6424,8.367,4.2,1.8
0.55,5,auto,2.831,48.254,-1.5070,6.522,2.8,1.4
0.55,6,twowheeler,1.907,84.993,-1.6419,8.425,2.0,0.8
0.55,7,twowheeler,18.282,4.363,3.2481,5.611,2.0,0.8
0.55,8,twowheeler,-22.000,-13.000,0.5337,0.000,2.0,0.8
0.55,9,pedestrian,-38.000,7.800,-1.5708,0.000,0.5,0.5
0.55,10,pedestrian,-37.000,8.300,-1.5392,0.000,0.5,0.5
0.55,11,pedestrian,8.000,-20.000,-3.1104,0.000,0.5,0.5
0.55,12,bus,-58.000,4.600,0.0000,0.000,11.0,2.6
0.55,13,pedestrian,-51.600,7.200,-1.5708,0.000,0.5,0.5
0.55,14,pushcart,4.600,-42.000,1.5708,0.000,2.0,1.2
0.55,15,pedestrian,-8.894,9.951,-0.3582,0.000,0.5,0.5
0.55,16,pedestrian,8.742,-10.183,-3.0749,0.600,0.5,0.5
0.65,1,car,56.292,-3.080,3.0768,9.247,4.2,1.8
0.65,2,auto,89.019,-2.618,3.2366,6.299,2.8,1.4
0.65,3,bus,144.723,-3.009,3.1716,8.119,11.0,2.6
0.65,4,car,-3.035,-59.125,1.6187,8.367,4.2,1.8
0.65,5,auto,2.840,47.602,-1.4791,6.522,2.8,1.4
0.65,6,twowheeler,1.847,84.151,-1.6421,8.403,2.0,0.8
0.65,7,twowheeler,17.721,4.303,3.2481,5.611,2.0,0.8
0.65,8,twowheeler,-22.000,-13.000,0.5337,0.000,2.0,0.8
0.65,9,pedestrian,-38.000,7.800,-1.5708,0.000,0.5,0.5
0.65,10,pedestrian,-37.000,8.300,-1.5392,0.000,0.5,0.5
0.65,11,pedestrian,8.000,-20.000,-3.1104,0.000,0.5,0.5
0.65,12,bus,-58.000,4.600,0.0000,0.000,11.0,2.6
0.65,13,pedestrian,-51.600,7.200,-1.5708,0.000,0.5,0.5
0.65,14,pushcart,4.600,-42.000,1.5708,0.000,2.0,1.2
0.65,15,pedestrian,-8.894,9.951,-0.3582,0.000,0.5,0.5
0.65,16,pedestrian,8.684,-10.195,-2.8608,0.600,0.5,0.5
0.75,1,car,55.367,-3.043,3.1261,9.247,4.2,1.8
0.75,2,auto,88.390,-2.618,3.2366,6.296,2.8,1.4
0.75,3,bus,143.911,-3.041,3.1716,8.119,11.0,2.6
0.75,4,car,-3.072,-58.288,1.5877,8.367,4.2,1.8
0.75,5,auto,2.900,46.950,-1.4791,6.522,2.8,1.4
0.75,6,twowheeler,1.787,83.312,-1.6422,8.383,2.0,0.8
0.75,7,twowheeler,17.160,4.243,3.2481,5.611,2.0,0.8
0.75,8,twowheeler,-22.000,-13.000,0.5337,0.000,2.0,0.8
0.75,9,pedestrian,-38.000,7.800,-1.5708,0.000,0.5,0.5
0.75,10,pedestrian,-37.000,8.300,-1.5392,0.000,0.5,0.5
0.75,11,pedestrian,8.000,-20.000,-3.1104,0.000,0.5,0.5
0.75,12,bus,-58.000,4.600,0.0000,0.000,11.0,2.6
0.75,13,pedestrian,-51.600,7.200,-1.5708,0.000,0.5,0.5
0.75,14,pushcart,4.600,-42.000,1.5708,0.000,2.0,1.2
0.75,15,pedestrian,-8.894,9.951,-0.3582,0.000,0.5,0.5
0.75,16,pedestrian,8.635,-10.229,-2.6551,0.600,0.5,0.5
0.85,1,car,54.443,-3.050,3.1933,9.247,4.2,1.8
0.85,2,auto,87.760,-2.582,3.0643,6.295,2.8,1.4
0.85,3,bus,143.099,-3.057,3.1116,8.119,11.0,2.6
0.85,4,car,-3.024,-57.452,1.4992,8.367,4.2,1.8
0.85,5,auto,2.886,46.298,-1.5991,6.522,2.8,1.4
0.85,6,twowheeler,1.788,82.475,-1.6397,8.365,2.0,0.8
0.85,7,twowheeler,16.599,4.287,3.0941,5.611,2.0,0.8
0.85,8,twowheeler,-22.000,-13.000,0.5337,0.000,2.0,0.8
0.85,9,pedestrian,-38.000,7.800,-1.5708,0.000,0.5,0.5
0.85,10,pedestrian,-37.000,8.300,-1.5392,0.000,0.5,0.5
0.85,11,pedestrian,8.000,-20.000,-3.1104,0.000,0.5,0.5
0.85,12,bus,-58.000,4.600,0.0000,0.000,11.0,2.6
0.85,13,pedestrian,-51.600,7.200,-1.5708,0.000,0.5,0.5
0.85,14,pushcart,4.600,-42.000,1.5708,0.000,2.0,1.2
0.85,15,pedestrian,-8.894,9.951,-0.3582,0.000,0.5,0.5
0.85,16,pedestrian,8.615,-10.285,-1.9433,0.600,0.5,0.5
0.95,1,car,53.518,-2.990,3.0768,9.247,4.2,1.8
0.95,2,auto,87.131,-2.634,3.2367,6.293,2.8,1.4
0.95,3,bus,142.287,-3.108,3.1716,8.119,11.0,2.6
0.95,4,car,-3.018,-56.615,1.5907,8.367,4.2,1.8
0.95,5,auto,2.946,45.645,-1.4791,6.522,2.8,1.4
0.95,6,twowheeler,1.728,81.639,-1.6426,8.347,2.0,0.8
0.95,7,twowheeler,16.038,4.347,3.0351,5.611,2.0,0.8
0.95,8,twowheeler,-22.000,-13.000,0.5337,0.000,2.0,0.8
0.95,9,pedestrian,-38.000,7.800,-1.5708,0.000,0.5,0.5
0.95,10,pedestrian,-37.000,8.300,-1.5392,0.000,0.5,0.5
0.95,11,pedestrian,8.000,-20.000,-3.1104,0.000,0.5,0.5
0.95,12,bus,-58.000,4.600,0.0000,0.000,11.0,2.6
0.95,13,pedestrian,-51.600,7.200,-1.5708,0.000,0.5,0.5
0.95,14,pushcart,4.600,-42.000,1.5708,0.000,2.0,1.2
0.95,15,pedestrian,-8.894,9.951,-0.3582,0.000,0.5,0.5
0.95,16,pedestrian,8.564,-10.318,-2.5964,0.600,0.5,0.5
1.05,1,car,52.593,-2.953,3.1265,9.247,4.2,1.8
1.05,2,auto,86.501,-2.694,3.2367,6.291,2.8,1.4
1.05,3,bus,141.475,-3.065,3.1116,8.119,11.0,2.6
1.05,4,car,-2.984,-55.778,1.5623,8.367,4.2,1.8
1.05,5,auto,2.951,44.993,-1.4791,6.522,2.8,1.4
1.05,6,twowheeler,1.728,80.805,-1.4990,8.347,2.0,0.8
1.05,7,twowheeler,15.477,4.401,3.0532,5.611,2.0,0.8
1.05,8,twowheeler,-22.000,-13.000,0.5337,0.000,2.0,0.8
1.05,9,pedestrian,-38.000,7.800,-1.5708,0.000,0.5,0.5
1.05,10,pedestrian,-37.000,8.300,-1.5392,0.000,0.5,0.5
1.05,11,pedestrian,8.000,-20.000,-3.1104,0.000,0.5,0.5
1.05,12,bus,-58.000,4.600,0.0000,0.000,11.0,2.6
1.05,13,pedestrian,-51.600,7.200,-1.5708,0.000,0.5,0.5
1.05,14,pushcart,4.600,-42.000,1.5708,0.000,2.0,1.2
1.05,15,pedestrian,-8.894,9.951,-0.3582,0.000,0.5,0.5
1.05,16,pedestrian,8.523,-10.361,-2.2191,0.600,0.5,0.5
1.15,1,car,51.669,-2.929,3.0768,9.247,4.2,1.8
1.15,2,auto,85.872,-2.754,3.2367,6.290,2.8,1.4
1.15,3,bus,140.663,-3.094,3.1459,8.119,11.0,2.6
1.15,4,car,-2.990,-54.941,1.5127,8.367,4.2,1.8
1.15,5,auto,3.011,44.341,-1.4791,6.522,2.8,1.4
1.15,6,twowheeler,1.673,79.969,-1.6424,8.362,2.0,0.8
1.15,7,twowheeler,14.916,4.373,3.1659,5.611,2.0,0.8
1.15,8,twowheeler,-22.000,-13.000,0.5337,0.000,2.0,0.8
1.15,9,pedestrian,-38.000,7.800,-1.5708,0.000,0.5,0.5
1.15,10,pedestrian,-37.000,8.300,-1.5392,0.000,0.5,0.5
1.15,11,pedestrian,8.000,-20.000,-3.1104,0.000,0.5,0.5
1.15,12,bus,-58.000,4.600,0.0000,0.000,11.0,2.6
1.15,13,pedestrian,-51.600,7.200,-1.5708,0.000,0.5,0.5
1.15,14,pushcart,4.600,-42.000,1.5708,0.000,2.0,1.2
1.15,15,pedestrian,-8.894,9.951,-0.3582,0.000,0.5,0.5
1.15,16,pedestrian,8.484,-10.405,-2.1337,0.600,0.5,0.5
1.25,1,car,50.744,-2.962,3.1924,9.247,4.2,1.8
1.25,2,auto,85.243,-2.814,3.2367,6.289,2.8,1.4
1.25,3,bus,139.851,-3.119,3.1627,8.119,11.0,2.6
1.25,4,car,-2.950,-54.105,1.4992,8.367,4.2,1.8
1.25,5,auto,3.071,43.689,-1.4791,6.522,2.8,1.4
1.25,6,twowheeler,1.697,79.132,-1.4993,8.375,2.0,0.8
1.25,7,twowheeler,14.355,4.337,3.2481,5.611,2.0,0.8
1.25,8,twowheeler,-22.000,-13.000,0.5337,0.000,2.0,0.8
1.25,9,pedestrian,-38.000,7.800,-1.5708,0.000,0.5,0.5
1.25,10,pedestrian,-37.000,8.300,-1.5392,0.000,0.5,0.5
1.25,11,pedestrian,8.000,-20.000,-3.1104,0.000,0.5,0.5
1.25,12,bus,-58.000,4.600,0.0000,0.000,11.0,2.6
1.25,13,pedestrian,-51.600,7.200,-1.5708,0.000,0.5,0.5
1.25,14,pushcart,4.600,-42.000,1.5708,0.000,2.0,1.2
1.25,15,pedestrian,-8.894,9.951,-0.3582,0.000,0.5,0.5
1.25,16,pedestrian,8.442,-10.448,-2.3947,0.600,0.5,0.5
1.35,1,car,49.819,-3.022,3.2064,9.247,4.2,1.8
1.35,2,auto,84.615,-2.874,3.2367,6.288,2.8,1.4
1.35,3,bus,139.039,-3.110,3.1223,8.119,11.0,2.6
1.35,4,car,-2.937,-53.268,1.4992,8.367,4.2,1.8
1.35,5,auto,3.011,43.037,-1.6625,6.522,2.8,1.4
1.35,6,twowheeler,1.757,78.294,-1.4994,8.389,2.0,0.8
1.35,7,twowheeler,13.794,4.337,3.2481,5.611,2.0,0.8
1.35,8,twowheeler,-22.000,-13.000,0.5337,0.000,2.0,0.8
1.35,9,pedestrian,-38.000,7.800,-1.5708,0.000,0.5,0.5
1.35,10,pedestrian,-37.000,8.300,-1.5392,0.000,0.5,0.5
1.35,11,pedestrian,8.000,-20.000,-3.1104,0.000,0.5,0.5
1.35,12,bus,-58.000,4.600,0.0000,0.000,11.0,2.6
1.35,13,pedestrian,-51.600,7.200,-1.5708,0.000,0.5,0.5
1.35,14,pushcart,4.600,-42.000,1.5708,0.000,2.0,1.2
1.35,15,pedestrian,-8.894,9.951,-0.3582,0.000,0.5,0.5
1.35,16,pedestrian,8.403,-10.491,-2.0842,0.600,0.5,0.5
1.45,1,car,48.895,-3.082,3.2064,9.247,4.2,1.8
1.45,2,auto,83.986,-2.934,3.2367,6.288,2.8,1.4
1.45,3,bus,138.227,-3.110,3.1116,8.119,11.0,2.6
1.45,4,car,-2.923,-52.431,1.6094,8.367,4.2,1.8
1.45,5,auto,2.951,42.384,-1.6625,6.522,2.8,1.4
1.45,6,twowheeler,1.817,77.455,-1.4993,8.384,2.0,0.8
1.45,7,twowheeler,13.233,4.280,3.2481,5.611,2.0,0.8
1.45,8,twowheeler,-22.000,-13.000,0.5337,0.000,2.0,0.8
1.45,9,pedestrian,-38.000,7.800,-1.5708,0.000,0.5,0.5
1.45,10,pedestrian,-37.000,8.300,-1.5392,0.000,0.5,0.5
1.45,11,pedestrian,8.000,-20.000,-3.1104,0.000,0.5,0.5
1.45,12,bus,-58.000,4.600,0.0000,0.000,11.0,2.6
1.45,13,pedestrian,-51.600,7.200,-1.5708,0.000,0.5,0.5
1.45,14,pushcart,4.600,-42.000,1.5708,0.000,2.0,1.2
1.45,15,pedestrian,-8.894,9.951,-0.3582,0.000,0.5,0.5
1.45,16,pedestrian,8.364,-10.536,-2.1348,0.600,0.5,0.5
1.55,1,car,47.970,-3.139,3.1992,9.247,4.2,1.8
1.55,2,auto,83.357,-2.963,3.1376,6.287,2.8,1.4
1.55,3,bus,137.415,-3.071,3.1213,8.119,11.0,2.6
1.55,4,car,-2.896,-51.595,1.5776,8.367,4.2,1.8
1.55,5,auto,2.951,41.732,-1.4791,6.522,2.8,1.4
1.55,6,twowheeler,1.877,76.618,-1.4992,8.362,2.0,0.8
1.55,7,twowheeler,12.671,4.220,3.2481,5.611,2.0,0.8
1.55,8,twowheeler,-22.000,-13.000,0.5337,0.000,2.0,0.8
1.55,9,pedestrian,-38.000,7.800,-1.5708,0.000,0.5,0.5
1.55,10,pedestrian,-37.000,8.300,-1.5392,0.000,0.5,0.5
1.55,11,pedestrian,8.000,-20.000,-3.1104,0.000,0.5,0.5
1.55,12,bus,-58.000,4.600,0.0000,0.000,11.0,2.6
1.55,13,pedestrian,-51.600,7.200,-1.5708,0.000,0.5,0.5
1.55,14,pushcart,4.600,-42.000,1.5708,0.000,2.0,1.2
1.55,15,pedestrian,-8.894,9.951,-0.3582,0.000,0.5,0.5
1.55,16,pedestrian,8.319,-10.576,-2.3770,0.600,0.5,0.5
1.65,1,car,47.045,-3.081,3.0813,9.247,4.2,1.8
1.65,2,auto,82.728,-3.004,3.2367,6.287,2.8,1.4
1.65,3,bus,136.603,-3.039,3.1116,8.119,11.0,2.6
1.65,4,car,-2.956,-50.758,1.6424,8.367,4.2,1.8
1.65,5,auto,2.942,41.080,-1.6625,6.522,2.8,1.4
1.65,6,twowheeler,1.937,75.783,-1.4990,8.342,2.0,0.8
1.65,7,twowheeler,12.110,4.160,3.2481,5.611,2.0,0.8
1.65,8,twowheeler,-22.000,-13.000,0.5337,0.000,2.0,0.8
1.65,9,pedestrian,-38.000,7.800,-1.5708,0.000,0.5,0.5
1.65,10,pedestrian,-37.000,8.300,-1.5392,0.000,0.5,0.5
1.65,11,pedestrian,8.000,-20.000,-3.1104,0.000,0.5,0.5
1.65,12,bus,-58.000,4.600,0.0000,0.000,11.0,2.6
1.65,13,pedestrian,-51.600,7.200,-1.5708,0.000,0.5,0.5
1.65,14,pushcart,4.600,-42.000,1.5708,0.000,2.0,1.2
1.65,15,pedestrian,-8.894,9.951,-0.3582,0.000,0.5,0.5
1.65,16,pedestrian,8.260,-10.582,-3.1095,0.600,0.5,0.5
1.75,1,car,46.121,-3.104,3.2064,9.247,4.2,1.8
1.75,2,auto,82.100,-2.944,3.0464,6.286,2.8,1.4
1.75,3,bus,135.792,-3.059,3.1716,8.119,11.0,2.6
1.75,4,car,-2.896,-49.921,1.4992,8.367,4.2,1.8
1.75,5,auto,2.882,40.428,-1.6625,6.522,2.8,1.4
1.75,6,twowheeler,1.997,74.949,-1.4988,8.324,2.0,0.8
1.75,7,twowheeler,11.549,4.192,3.0804,5.611,2.0,0.8
1.75,8,twowheeler,-22.000,-13.000,0.5337,0.000,2.0,0.8
1.75,9,pedestrian,-38.000,7.800,-1.5708,0.000,0.5,0.5
1.75,10,pedestrian,-37.000,8.300,-1.5392,0.000,0.5,0.5
1.75,11,pedestrian,8.000,-20.000,-3.1104,0.000,0.5,0.5
1.75,12,bus,-58.000,4.600,0.0000,0.000,11.0,2.6
1.75,13,pedestrian,-51.600,7.200,-1.5708,0.000,0.5,0.5
1.75,14,pushcart,4.600,-42.000,1.5708,0.000,2.0,1.2
1.75,15,pedestrian,-8.894,9.951,-0.3582,0.000,0.5,0.5
1.75,16,pedestrian,8.201,-10.569,-3.4720,0.600,0.5,0.5
1.85,1,car,45.196,-3.164,3.2064,9.247,4.2,1.8
1.85,2,auto,81.471,-2.884,3.0464,6.286,2.8,1.4
1.85,3,bus,134.980,-3.100,3.1686,8.119,11.0,2.6
1.85,4,car,-2.836,-49.084,1.4992,8.367,4.2,1.8
1.85,5,auto,2.822,39.776,-1.6625,6.522,2.8,1.4
1.85,6,twowheeler,1.997,74.118,-1.6429,8.306,2.0,0.8
1.85,7,twowheeler,10.988,4.193,3.1894,5.611,2.0,0.8
1.85,8,twowheeler,-22.000,-13.000,0.5337,0.000,2.0,0.8
1.85,9,pedestrian,-38.000,7.800,-1.5708,0.000,0.5,0.5
1.85,10,pedestrian,-37.000,8.300,-1.5392,0.000,0.5,0.5
1.85,11,pedestrian,8.000,-20.000,-3.1104,0.000,0.5,0.5
1.85,12,bus,-58.000,4.600,0.0000,0.000,11.0,2.6
1.85,13,pedestrian,-51.600,7.200,-1.5708,0.000,0.5,0.5
1.85,14,pushcart,4.600,-42.000,1.5708,0.000,2.0,1.2
1.85,15,pedestrian,-8.894,9.951,-0.3582,0.000,0.5,0.5
1.85,16,pedestrian,8.147,-10.556,-3.0272,0.600,0.5,0.5
1.95,1,car,44.271,-3.224,3.2064,9.247,4.2,1.8
1.95,2,auto,80.842,-2.884,3.2368,6.286,2.8,1.4
1.95,3,bus,134.168,-3.086,3.1116,8.119,11.0,2.6
1.95,4,car,-2.836,-48.248,1.6424,8.367,4.2,1.8
1.95,5,auto,2.882,39.123,-1.4791,6.522,2.8,1.4
1.95,6,twowheeler,1.937,73.288,-1.6431,8.289,2.0,0.8
1.95,7,twowheeler,10.427,4.147,3.2481,5.611,2.0,0.8
1.95,8,twowheeler,-22.000,-13.000,0.5337,0.000,2.0,0.8
1.95,9,pedestrian,-38.000,7.800,-1.5708,0.000,0.5,0.5
1.95,10,pedestrian,-37.000,8.300,-1.5392,0.000,0.5,0.5
1.95,11,pedestrian,8.000,-20.000,-3.1104,0.000,0.5,0.5
1.95,12,bus,-58.000,4.600,0.0000,0.000,11.0,2.6
1.95,13,pedestrian,-51.600,7.200,-1.5708,0.000,0.5,0.5
1.95,14,pushcart,4.600,-42.000,1.5708,0.000,2.0,1.2
1.95,15,pedestrian,-8.894,9.951,-0.3582,0.000,0.5,0.5
1.95,16,pedestrian,8.089,-10.539,-3.5518,0.600,0.5,0.5
2.05,1,car,43.347,-3.284,3.2064,9.247,4.2,1.8
2.05,2,auto,80.214,-2.944,3.2368,6.286,2.8,1.4
2.05,3,bus,133.356,-3.085,3.1116,8.119,11.0,2.6
2.05,4,car,-2.881,-47.411,1.6059,8.367,4.2,1.8
2.05,5,auto,2.871,38.471,-1.6625,6.522,2.8,1.4
2.05,6,twowheeler,1.877,72.460,-1.6432,8.274,2.0,0.8
2.05,7,twowheeler,9.866,4.109,3.1700,5.611,2.0,0.8
2.05,8,twowheeler,-22.000,-13.000,0.5337,0.000,2.0,0.8
2.05,9,pedestrian,-38.000,7.800,-1.5708,0.000,0.5,0.5
2.05,10,pedestrian,-37.000,8.300,-1.5392,0.000,0.5,0.5
2.05,11,pedestrian,8.000,-20.000,-3.1104,0.000,0.5,0.5
2.05,12,bus,-58.000,4.600,0.0000,0.000,11.0,2.6
2.05,13,pedestrian,-51.600,7.200,-1.5708,0.000,0.5,0.5
2.05,14,pushcart,4.600,-42.000,1.5708,0.000,2.0,1.2
2.05,15,pedestrian,-8.894,9.951,-0.3582,0.000,0.5,0.5
2.05,16,pedestrian,8.031,-10.553,-2.9028,0.600,0.5,0.5
2.15,1,car,42.422,-3.344,3.2064,9.247,4.2,1.8
2.15,2,auto,79.585,-3.004,3.2368,6.286,2.8,1.4
2.15,3,bus,132.544,-3.053,3.1378,8.119,11.0,2.6
2.15,4,car,-2.896,-46.574,1.5701,8.367,4.2,1.8
2.15,5,auto,2.811,37.819,-1.6625,6.522,2.8,1.4
2.15,6,twowheeler,1.817,71.633,-1.6433,8.259,2.0,0.8
2.15,7,twowheeler,9.305,4.157,3.0787,5.611,2.0,0.8
2.15,8,twowheeler,-22.000,-13.000,0.5337,0.000,2.0,0.8
2.15,9,pedestrian,-38.000,7.800,-1.5708,0.000,0.5,0.5
2.15,10,pedestrian,-37.000,8.300,-1.5392,0.000,0.5,0.5
2.15,11,pedestrian,8.000,-20.000,-3.1104,0.000,0.5,0.5
2.15,12,bus,-58.000,4.600,0.0000,0.000,11.0,2.6
2.15,13,pedestrian,-51.600,7.200,-1.5708,0.000,0.5,0.5
2.15,14,pushcart,4.600,-42.000,1.5708,0.000,2.0,1.2
2.15,15,pedestrian,-8.894,9.951,-0.3582,0.000,0.5,0.5
2.15,16,pedestrian,7.976,-10.575,-2.8499,0.600,0.5,0.5
2.25,1,car,41.497,-3.323,3.1026,9.247,4.2,1.8
2.25,2,auto,78.957,-3.064,3.2368,6.286,2.8,1.4
2.25,3,bus,131.732,-2.993,3.1116,8.119,11.0,2.6
2.25,4,car,-2.917,-45.738,1.5755,8.367,4.2,1.8
2.25,5,auto,2.751,37.167,-1.6625,6.522,2.8,1.4
2.25,6,twowheeler,1.757,70.808,-1.6434,8.245,2.0,0.8
2.25,7,twowheeler,8.744,4.195,3.1125,5.611,2.0,0.8
2.25,8,twowheeler,-22.000,-13.000,0.5337,0.000,2.0,0.8
2.25,9,pedestrian,-38.000,7.800,-1.5708,0.000,0.5,0.5
2.25,10,pedestrian,-37.000,8.300,-1.5392,0.000,0.5,0.5
2.25,11,pedestrian,8.000,-20.000,-3.1104,0.000,0.5,0.5
2.25,12,bus,-58.000,4.600,0.0000,0.000,11.0,2.6
2.25,13,pedestrian,-51.600,7.200,-1.5708,0.000,0.5,0.5
2.25,14,pushcart,4.600,-42.000,1.5708,0.000,2.0,1.2
2.25,15,pedestrian,-8.894,9.951,-0.3582,0.000,0.5,0.5
2.25,16,pedestrian,7.919,-10.596,-2.8455,0.600,0.5,0.5
2.35,1,car,40.573,-3.296,3.0768,9.247,4.2,1.8
2.35,2,auto,78.328,-3.106,3.1819,6.286,2.8,1.4
2.35,3,bus,130.920,-3.023,3.1424,8.119,11.0,2.6
2.35,4,car,-2.977,-44.901,1.6424,8.367,4.2,1.8
2.35,5,auto,2.751,36.515,-1.6625,6.522,2.8,1.4
2.35,6,twowheeler,1.697,69.984,-1.6436,8.231,2.0,0.8
2.35,7,twowheeler,8.183,4.195,3.0355,5.611,2.0,0.8
2.35,8,twowheeler,-22.000,-13.000,0.5337,0.000,2.0,0.8
2.35,9,pedestrian,-38.000,7.800,-1.5708,0.000,0.5,0.5
2.35,10,pedestrian,-37.000,8.300,-1.5392,0.000,0.5,0.5
2.35,11,pedestrian,8.000,-20.000,-3.1104,0.000,0.5,0.5
2.35,12,bus,-58.000,4.600,0.0000,0.000,11.0,2.6
2.35,13,pedestrian,-51.600,7.200,-1.5708,0.000,0.5,0.5
2.35,14,pushcart,4.600,-42.000,1.5708,0.000,2.0,1.2
2.35,15,pedestrian,-8.894,9.951,-0.3582,0.000,0.5,0.5
2.35,16,pedestrian,7.865,-10.621,-2.6808,0.600,0.5,0.5
2.45,1,car,39.648,-3.283,3.0768,9.247,4.2,1.8
2.45,2,auto,77.699,-3.046,3.0464,6.286,2.8,1.4
2.45,3,bus,130.108,-3.001,3.1561,8.119,11.0,2.6
2.45,4,car,-3.037,-44.064,1.6424,8.367,4.2,1.8
2.45,5,auto,2.748,35.862,-1.4858,6.522,2.8,1.4
2.45,6,twowheeler,1.637,69.162,-1.6437,8.218,2.0,0.8
2.45,7,twowheeler,7.622,4.215,3.1751,5.611,2.0,0.8
2.45,8,twowheeler,-22.000,-13.000,0.5337,0.000,2.0,0.8
2.45,9,pedestrian,-38.000,7.800,-1.5708,0.000,0.5,0.5
2.45,10,pedestrian,-37.000,8.300,-1.5392,0.000,0.5,0.5
2.45,11,pedestrian,8.000,-20.000,-3.1104,0.000,0.5,0.5
2.45,12,bus,-58.000,4.600,0.0000,0.000,11.0,2.6
2.45,13,pedestrian,-51.600,7.200,-1.5708,0.000,0.5,0.5
2.45,14,pushcart,4.600,-42.000,1.5708,0.000,2.0,1.2
2.45,15,pedestrian,-8.894,9.951,-0.3582,0.000,0.5,0.5
2.45,16,pedestrian,7.833,-10.672,-2.0366,0.600,0.5,0.5
2.55,1,car,38.723,-3.327,3.1714,9.247,4.2,1.8
2.55,2,auto,77.071,-2.986,3.0464,6.286,2.8,1.4
2.55,3,bus,129.296,-2.955,3.1116,8.119,11.0,2.6
2.55,4,car,-2.998,-43.227,1.5095,8.367,4.2,1.8
2.55,5,auto,2.688,35.210,-1.6625,6.522,2.8,1.4
2.55,6,twowheeler,1.577,68.341,-1.6438,8.206,2.0,0.8
2.55,7,twowheeler,7.061,4.215,3.0351,5.611,2.0,0.8
2.55,8,twowheeler,-22.000,-13.000,0.5337,0.000,2.0,0.8
2.55,9,pedestrian,-38.000,7.800,-1.5708,0.000,0.5,0.5
2.55,10,pedestrian,-37.000,8.300,-1.5392,0.000,0.5,0.5
2.55,11,pedestrian,8.000,-20.000,-3.1104,0.000,0.5,0.5
2.55,12,bus,-58.000,4.600,0.0000,0.000,11.0,2.6
2.55,13,pedestrian,-51.600,7.200,-1.5708,0.000,0.5,0.5
2.55,14,pushcart,4.600,-42.000,1.5708,0.000,2.0,1.2
2.55,15,pedestrian,-8.894,9.951,-0.3582,0.000,0.5,0.5
2.55,16,pedestrian,7.803,-10.723,-2.0094,0.600,0.5,0.5
2.65,1,car,37.799,-3.272,3.0881,9.247,4.2,1.8
2.65,2,auto,76.442,-2.926,3.0464,6.287,2.8,1.4
2.65,3,bus,128.484,-2.961,3.1716,8.119,11.0,2.6
2.65,4,car,-3.058,-42.391,1.6424,8.367,4.2,1.8
2.65,5,auto,2.664,34.558,-1.5550,6.522,2.8,1.4
2.65,6,twowheeler,1.517,67.521,-1.6439,8.195,2.0,0.8
2.65,7,twowheeler,6.500,4.275,3.0351,5.611,2.0,0.8
2.65,8,twowheeler,-22.000,-13.000,0.5337,0.000,2.0,0.8
2.65,9,pedestrian,-38.000,7.800,-1.5708,0.000,0.5,0.5
2.65,10,pedestrian,-37.000,8.300,-1.5392,0.000,0.5,0.5
2.65,11,pedestrian,8.000,-20.000,-3.1104,0.000,0.5,0.5
2.65,12,bus,-58.000,4.600,0.0000,0.000,11.0,2.6
2.65,13,pedestrian,-51.600,7.200,-1.5708,0.000,0.5,0.5
2.65,14,pushcart,4.600,-42.000,1.5708,0.000,2.0,1.2
2.65,15,pedestrian,-8.894,9.951,-0.3582,0.000,0.5,0.5
2.65,16,pedestrian,7.751,-10.753,-2.6398,0.600,0.5,0.5
2.75,1,car,36.874,-3.212,3.0768,9.247,4.2,1.8
2.75,2,auto,75.813,-2.985,3.2367,6.287,2.8,1.4
2.75,3,bus,127.672,-2.941,3.1116,8.119,11.0,2.6
2.75,4,car,-3.055,-41.554,1.4992,8.367,4.2,1.8
2.75,5,auto,2.677,33.906,-1.4791,6.522,2.8,1.4
2.75,6,twowheeler,1.517,66.702,-1.4976,8.184,2.0,0.8
2.75,7,twowheeler,5.939,4.277,3.2410,5.611,2.0,0.8
2.75,8,twowheeler,-22.000,-13.000,0.5337,0.000,2.0,0.8
2.75,9,pedestrian,-38.000,7.800,-1.5708,0.000,0.5,0.5
2.75,10,pedestrian,-37.000,8.300,-1.5392,0.000,0.5,0.5
2.75,11,pedestrian,8.000,-20.000,-3.1104,0.000,0.5,0.5
2.75,12,bus,-58.000,4.600,0.0000,0.000,11.0,2.6
2.75,13,pedestrian,-51.600,7.200,-1.5708,0.000,0.5,0.5
2.75,14,pushcart,4.600,-42.000,1.5708,0.000,2.0,1.2
2.75,15,pedestrian,-8.894,9.951,-0.3582,0.000,0.5,0.5
2.75,16,pedestrian,7.726,-10.770,1.0200,0.600,0.5,0.5
2.85,1,car,35.950,-3.152,3.0768,9.247,4.2,1.8
2.85,2,auto,75.185,-3.045,3.2367,6.287,2.8,1.4
2.85,3,bus,126.860,-2.922,3.1116,8.119,11.0,2.6
2.85,4,car,-3.055,-40.717,1.6424,8.367,4.2,1.8
2.85,5,auto,2.630,33.254,-1.6625,6.522,2.8,1.4
2.85,6,twowheeler,1.517,65.884,-1.6441,8.173,2.0,0.8
2.85,7,twowheeler,5.377,4.318,3.0652,5.611,2.0,0.8
2.85,8,twowheeler,-22.000,-13.000,0.5337,0.000,2.0,0.8
2.85,9,pedestrian,-38.000,7.800,-1.5708,0.000,0.5,0.5
2.85,10,pedestrian,-37.000,8.300,-1.5392,0.000,0.5,0.5
2.85,11,pedestrian,8.000,-20.000,-3.1104,0.000,0.5,0.5
2.85,12,bus,-58.000,4.600,0.0000,0.000,11.0,2.6
2.85,13,pedestrian,-51.600,7.200,-1.5708,0.000,0.5,0.5
2.85,14,pushcart,4.600,-42.000,1.5708,0.000,2.0,1.2
2.85,15,pedestrian,-8.894,9.951,-0.3582,0.000,0.5,0.5
2.85,16,pedestrian,7.771,-10.733,0.4477,0.600,0.5,0.5
2.95,1,car,35.025,-3.167,3.2007,9.247,4.2,1.8
2.95,2,auto,74.556,-3.105,3.2367,6.288,2.8,1.4
2.95,3,bus,126.049,-2.959,3.1716,8.119,11.0,2.6
2.95,4,car,-3.115,-39.881,1.6424,8.367,4.2,1.8
2.95,5,auto,2.570,32.601,-1.6625,6.522,2.8,1.4
2.95,6,twowheeler,1.457,65.067,-1.6442,8.163,2.0,0.8
2.95,7,twowheeler,4.816,4.363,3.0351,5.611,2.0,0.8
2.95,8,twowheeler,-22.000,-13.000,0.5337,0.000,2.0,0.8
2.95,9,pedestrian,-38.000,7.800,-1.5708,0.000,0.5,0.5
2.95,10,pedestrian,-37.000,8.300,-1.5392,0.000,0.5,0.5
2.95,11,pedestrian,8.000,-20.000,-3.1104,0.000,0.5,0.5
2.95,12,bus,-58.000,4.600,0.0000,0.000,11.0,2.6
2.95,13,pedestrian,-51.600,7.200,-1.5708,0.000,0.5,0.5
2.95,14,pushcart,4.600,-42.000,1.5708,0.000,2.0,1.2
2.95,15,pedestrian,-8.894,9.951,-0.3582,0.000,0.5,0.5
2.95,16,pedestrian,7.805,-10.684,1.0819,0.600,0.5,0.5
3.05,1,car,34.100,-3.153,3.0809,9.247,4.2,1.8
3.05,2,auto,73.927,-3.165,3.2367,6.289,2.8,1.4
3.05,3,bus,125.237,-2.996,3.1683,8.119,11.0,2.6
3.05,4,car,-3.137,-39.044,1.5730,8.367,4.2,1.8
3.05,5,auto,2.630,31.949,-1.4791,6.522,2.8,1.4
3.05,6,twowheeler,1.457,64.251,-1.4975,8.171,2.0,0.8
3.05,7,twowheeler,4.255,4.358,3.2481,5.611,2.0,0.8
3.05,8,twowheeler,-22.000,-13.000,0.5337,0.000,2.0,0.8
3.05,9,pedestrian,-38.000,7.800,-1.5708,0.000,0.5,0.5
3.05,10,pedestrian,-37.000,8.300,-1.5392,0.000,0.5,0.5
3.05,11,pedestrian,8.000,-20.000,-3.1104,0.000,0.5,0.5
3.05,12,bus,-58.000,4.600,0.0000,0.000,11.0,2.6
3.05,13,pedestrian,-51.600,7.200,-1.5708,0.000,0.5,0.5
3.05,14,pushcart,4.600,-42.000,1.5708,0.000,2.0,1.2
3.05,15,pedestrian,-8.894,9.951,-0.3582,0.000,0.5,0.5
3.05,16,pedestrian,7.836,-10.633,1.1165,0.600,0.5,0.5
3.15,1,car,33.176,-3.156,3.0926,9.247,4.2,1.8
3.15,2,auto,73.298,-3.105,3.0465,6.292,2.8,1.4
3.15,3,bus,124.425,-2.974,3.1116,8.119,11.0,2.6
3.15,4,car,-3.094,-38.207,1.5244,8.367,4.2,1.8
3.15,5,auto,2.690,31.297,-1.4791,6.522,2.8,1.4
3.15,6,twowheeler,1.517,63.432,-1.4977,8.197,2.0,0.8
3.15,7,twowheeler,3.694,4.350,3.0652,5.611,2.0,0.8
3.15,8,twowheeler,-22.000,-13.000,0.5337,0.000,2.0,0.8
3.15,9,pedestrian,-38.000,7.800,-1.5708,0.000,0.5,0.5
3.15,10,pedestrian,-37.000,8.300,-1.5392,0.000,0.5,0.5
3.15,11,pedestrian,8.000,-20.000,-3.1104,0.000,0.5,0.5
3.15,12,bus,-58.000,4.600,0.0000,0.000,11.0,2.6
3.15,13,pedestrian,-51.600,7.200,-1.5708,0.000,0.5,0.5
3.15,14,pushcart,4.600,-42.000,1.5708,0.000,2.0,1.2
3.15,15,pedestrian,-8.894,9.951,-0.3582,0.000,0.5,0.5
3.15,16,pedestrian,7.870,-10.584,1.1274,0.600,0.5,0.5
3.25,1,car,32.251,-3.126,3.1415,9.247,4.2,1.8
3.25,2,auto,72.669,-3.045,3.0466,6.295,2.8,1.4
3.25,3,bus,123.613,-3.018,3.1716,8.119,11.0,2.6
3.25,4,car,-3.064,-37.370,1.5721,8.367,4.2,1.8
3.25,5,auto,2.690,30.650,-1.6640,6.418,2.8,1.4
3.25,6,twowheeler,1.577,62.612,-1.4978,8.202,2.0,0.8
3.25,7,twowheeler,3.133,4.410,3.0351,5.611,2.0,0.8
3.25,8,twowheeler,-22.000,-13.000,0.5337,0.000,2.0,0.8
3.25,9,pedestrian,-38.000,7.800,-1.5708,0.000,0.5,0.5
3.25,10,pedestrian,-37.000,8.300,-1.5392,0.000,0.5,0.5
3.25,11,pedestrian,8.000,-20.000,-3.1104,0.000,0.5,0.5
3.25,12,bus,-58.000,4.600,0.0000,0.000,11.0,2.6
3.25,13,pedestrian,-51.600,7.036,-1.5708,1.644,0.5,0.5
3.25,14,pushcart,4.600,-42.000,1.5708,0.000,2.0,1.2
3.25,15,pedestrian,-8.894,9.951,-0.3582,0.000,0.5,0.5
3.25,16,pedestrian,7.899,-10.532,1.1150,0.600,0.5,0.5
3.35,1,car,31.326,-3.146,3.1731,9.247,4.2,1.8
3.35,2,auto,72.039,-3.027,3.0646,6.298,2.8,1.4
3.35,3,bus,122.801,-3.021,3.1716,8.119,11.0,2.6
3.35,4,car,-3.015,-36.534,1.5229,8.367,4.2,1.8
3.35,5,auto,2.630,30.013,-1.6654,6.320,2.8,1.4
3.35,6,twowheeler,1.637,61.793,-1.4976,8.186,2.0,0.8
3.35,7,twowheeler,2.572,4.470,3.0351,5.611,2.0,0.8
3.35,8,twowheeler,-22.000,-13.000,0.5337,0.000,2.0,0.8
3.35,9,pedestrian,-38.000,7.800,-1.5708,0.000,0.5,0.5
3.35,10,pedestrian,-37.000,8.300,-1.5392,0.000,0.5,0.5
3.35,11,pedestrian,8.000,-20.000,-3.1104,0.000,0.5,0.5
3.35,12,bus,-58.000,4.600,0.0000,0.000,11.0,2.6
3.35,13,pedestrian,-51.600,6.871,-1.5708,1.644,0.5,0.5
3.35,14,pushcart,4.600,-42.000,1.5708,0.000,2.0,1.2
3.35,15,pedestrian,-8.894,9.951,-0.3582,0.000,0.5,0.5
3.35,16,pedestrian,7.904,-10.472,1.5754,0.600,0.5,0.5
3.45,1,car,30.402,-3.177,3.2064,9.247,4.2,1.8
3.45,2,auto,71.409,-3.087,3.2365,6.300,2.8,1.4
3.45,3,bus,121.989,-3.014,3.1116,8.119,11.0,2.6
3.45,4,car,-3.030,-35.697,1.6424,8.367,4.2,1.8
3.45,5,auto,2.578,29.386,-1.6412,6.230,2.8,1.4
3.45,6,twowheeler,1.637,60.975,-1.6441,8.170,2.0,0.8
3.45,7,twowheeler,2.011,4.484,3.1725,5.611,2.0,0.8
3.45,8,twowheeler,-22.000,-13.000,0.5337,0.000,2.0,0.8
3.45,9,pedestrian,-38.000,7.800,-1.5708,0.000,0.5,0.5
3.45,10,pedestrian,-37.000,8.300,-1.5392,0.000,0.5,0.5
3.45,11,pedestrian,8.000,-20.000,-3.1104,0.000,0.5,0.5
3.45,12,bus,-58.000,4.600,0.0000,0.000,11.0,2.6
3.45,13,pedestrian,-51.600,6.707,-1.5708,1.644,0.5,0.5
3.45,14,pushcart,4.600,-42.000,1.5708,0.000,2.0,1.2
3.45,15,pedestrian,-8.894,9.951,-0.3582,0.000,0.5,0.5
3.45,16,pedestrian,7.911,-10.413,1.3832,0.600,0.5,0.5
3.55,1,car,29.477,-3.208,3.2064,9.247,4.2,1.8
3.55,2,auto,70.779,-3.147,3.2365,6.302,2.8,1.4
3.55,3,bus,121.177,-2.982,3.1116,8.119,11.0,2.6
3.55,4,car,-2.981,-34.860,1.4992,8.367,4.2,1.8
3.55,5,auto,2.638,28.766,-1.4737,6.159,2.8,1.4
3.55,6,twowheeler,1.697,60.159,-1.4973,8.154,2.0,0.8
3.55,7,twowheeler,1.450,4.424,3.2481,5.611,2.0,0.8
3.55,8,twowheeler,-22.000,-13.000,0.5337,0.000,2.0,0.8
3.55,9,pedestrian,-38.000,7.800,-1.5708,0.000,0.5,0.5
3.55,10,pedestrian,-37.000,8.300,-1.5392,0.000,0.5,0.5
3.55,11,pedestrian,8.000,-20.000,-3.1104,0.000,0.5,0.5
3.55,12,bus,-58.000,4.600,0.0000,0.000,11.0,2.6
3.55,13,pedestrian,-51.600,6.542,-1.5708,1.644,0.5,0.5
3.55,14,pushcart,4.600,-42.000,1.5708,0.000,2.0,1.2
3.55,15,pedestrian,-8.894,9.951,-0.3582,0.000,0.5,0.5
3.55,16,pedestrian,7.912,-10.353,1.5707,0.600,0.5,0.5
3.65,1,car,28.552,-3.249,3.2064,9.247,4.2,1.8
3.65,2,auto,70.149,-3.207,3.2365,6.304,2.8,1.4
3.65,3,bus,120.365,-2.996,3.1444,8.119,11.0,2.6
3.65,4,car,-2.981,-34.023,1.6424,8.367,4.2,1.8
3.65,5,auto,2.594,28.152,-1.6681,6.144,2.8,1.4
3.65,6,twowheeler,1.757,59.344,-1.4972,8.138,2.0,0.8
3.65,7,twowheeler,0.889,4.367,3.2361,5.611,2.0,0.8
3.65,8,twowheeler,-22.000,-13.000,0.5337,0.000,2.0,0.8
3.65,9,pedestrian,-38.000,7.800,-1.5708,0.000,0.5,0.5
3.65,10,pedestrian,-37.000,8.300,-1.5392,0.000,0.5,0.5
3.65,11,pedestrian,8.000,-20.000,-3.1104,0.000,0.5,0.5
3.65,12,bus,-58.000,4.600,0.0000,0.000,11.0,2.6
3.65,13,pedestrian,-51.600,6.378,-1.5708,1.644,0.5,0.5
3.65,14,pushcart,4.600,-42.000,1.5708,0.000,2.0,1.2
3.65,15,pedestrian,-8.894,9.951,-0.3582,0.000,0.5,0.5
3.65,16,pedestrian,7.880,-10.302,2.1190,0.600,0.5,0.5
3.75,1,car,27.628,-3.287,3.1994,9.247,4.2,1.8
3.75,2,auto,69.518,-3.234,3.1325,6.306,2.8,1.4
3.75,3,bus,119.553,-3.022,3.1317,8.119,11.0,2.6
3.75,4,car,-2.961,-33.187,1.4992,8.367,4.2,1.8
3.75,5,auto,2.542,27.536,-1.6414,6.175,2.8,1.4
3.75,6,twowheeler,1.817,58.531,-1.4971,8.123,2.0,0.8
3.75,7,twowheeler,0.328,4.381,3.1749,5.611,2.0,0.8
3.75,8,twowheeler,-22.000,-13.000,0.5337,0.000,2.0,0.8
3.75,9,pedestrian,-38.000,7.800,-1.5708,0.000,0.5,0.5
3.75,10,pedestrian,-37.000,8.300,-1.5392,0.000,0.5,0.5
3.75,11,pedestrian,8.000,-20.000,-3.1104,0.000,0.5,0.5
3.75,12,bus,-58.000,4.600,0.0000,0.000,11.0,2.6
3.75,13,pedestrian,-51.600,6.213,-1.5708,1.644,0.5,0.5
3.75,14,pushcart,4.600,-42.000,1.5708,0.000,2.0,1.2
3.75,15,pedestrian,-8.894,9.951,-0.3582,0.000,0.5,0.5
3.75,16,pedestrian,7.835,-10.264,2.6349,0.600,0.5,0.5
3.85,1,car,26.703,-3.245,3.0888,9.247,4.2,1.8
3.85,2,auto,68.887,-3.294,3.2364,6.308,2.8,1.4
3.85,3,bus,118.741,-2.994,3.1116,8.119,11.0,2.6
3.85,4,car,-2.947,-32.350,1.6078,8.367,4.2,1.8
3.85,5,auto,2.602,26.917,-1.4744,6.204,2.8,1.4
3.85,6,twowheeler,1.877,57.719,-1.4969,8.109,2.0,0.8
3.85,7,twowheeler,-0.233,4.396,3.1695,5.611,2.0,0.8
3.85,8,twowheeler,-22.000,-13.000,0.5337,0.000,2.0,0.8
3.85,9,pedestrian,-38.000,7.800,-1.5708,0.000,0.5,0.5
3.85,10,pedestrian,-37.000,8.300,-1.5392,0.000,0.5,0.5
3.85,11,pedestrian,8.000,-20.000,-3.1104,0.000,0.5,0.5
3.85,12,bus,-58.000,4.600,0.0000,0.000,11.0,2.6
3.85,13,pedestrian,-51.600,6.049,-1.5708,1.644,0.5,0.5
3.85,14,pushcart,4.600,-42.000,1.5708,0.000,2.0,1.2
3.85,15,pedestrian,-8.894,9.951,-0.3582,0.000,0.5,0.5
3.85,16,pedestrian,7.785,-10.231,2.5363,0.600,0.5,0.5
3.95,1,car,25.778,-3.296,3.2064,9.247,4.2,1.8
3.95,2,auto,68.257,-3.272,3.1664,6.309,2.8,1.4
3.95,3,bus,117.929,-2.972,3.1116,8.119,11.0,2.6
3.95,4,car,-2.948,-31.513,1.5018,8.367,4.2,1.8
3.95,5,auto,2.662,26.296,-1.4748,6.231,2.8,1.4
3.95,6,twowheeler,1.937,56.909,-1.4968,8.096,2.0,0.8
3.95,7,twowheeler,-0.794,4.409,3.0351,5.611,2.0,0.8
3.95,8,twowheeler,-22.000,-13.000,0.5337,0.000,2.0,0.8
3.95,9,pedestrian,-38.000,7.800,-1.5708,0.000,0.5,0.5
3.95,10,pedestrian,-37.000,8.300,-1.5392,0.000,0.5,0.5
3.95,11,pedestrian,8.000,-20.000,-3.1104,0.000,0.5,0.5
3.95,12,bus,-58.000,4.600,0.0000,0.000,11.0,2.6
3.95,13,pedestrian,-51.600,5.885,-1.5708,1.644,0.5,0.5
3.95,14,pushcart,4.600,-42.000,1.5708,0.000,2.0,1.2
3.95,15,pedestrian,-8.865,9.942,-0.2956,0.600,0.5,0.5
3.95,16,pedestrian,7.742,-10.189,2.3900,0.600,0.5,0.5
4.05,1,car,24.854,-3.265,3.0768,9.247,4.2,1.8
4.05,2,auto,67.626,-3.332,3.2364,6.310,2.8,1.4
4.05,3,bus,117.118,-2.923,3.1116,8.119,11.0,2.6
4.05,4,car,-2.926,-30.677,1.4992,8.367,4.2,1.8
4.05,5,auto,2.662,25.671,-1.6664,6.255,2.8,1.4
4.05,6,twowheeler,1.997,56.100,-1.4967,8.084,2.0,0.8
4.05,7,twowheeler,-1.355,4.397,3.2481,5.611,2.0,0.8
4.05,8,twowheeler,-22.000,-13.000,0.5337,0.000,2.0,0.8
4.05,9,pedestrian,-38.000,7.800,-1.5708,0.000,0.5,0.5
4.05,10,pedestrian,-37.000,8.300,-1.5392,0.000,0.5,0.5
4.05,11,pedestrian,8.000,-20.000,-3.1104,0.000,0.5,0.5
4.05,12,bus,-58.000,4.600,0.0000,0.000,11.0,2.6
4.05,13,pedestrian,-51.600,5.720,-1.5708,1.644,0.5,0.5
4.05,14,pushcart,4.600,-42.000,1.5708,0.000,2.0,1.2
4.05,15,pedestrian,-8.805,9.945,0.1062,0.600,0.5,0.5
4.05,16,pedestrian,7.700,-10.146,2.4718,0.600,0.5,0.5
4.15,1,car,23.929,-3.205,3.0768,9.247,4.2,1.8
4.15,2,auto,66.995,-3.392,3.2364,6.311,2.8,1.4
4.15,3,bus,116.306,-2.931,3.1379,8.119,11.0,2.6
4.15,4,car,-2.918,-29.842,1.6219,8.301,4.2,1.8
4.15,5,auto,2.602,25.045,-1.6661,6.278,2.8,1.4
4.15,6,twowheeler,2.040,55.292,-1.5384,8.072,2.0,0.8
4.15,7,twowheeler,-1.917,4.337,3.2481,5.611,2.0,0.8
4.15,8,twowheeler,-22.000,-13.000,0.5337,0.000,2.0,0.8
4.15,9,pedestrian,-38.000,7.800,-1.5708,0.000,0.5,0.5
4.15,10,pedestrian,-37.000,8.300,-1.5392,0.000,0.5,0.5
4.15,11,pedestrian,8.000,-20.000,-3.1104,0.000,0.5,0.5
4.15,12,bus,-58.000,4.600,0.0000,0.000,11.0,2.6
4.15,13,pedestrian,-51.600,5.556,-1.5708,1.644,0.5,0.5
4.15,14,pushcart,4.600,-42.000,1.5708,0.000,2.0,1.2
4.15,15,pedestrian,-8.751,9.922,-0.5906,0.600,0.5,0.5
4.15,16,pedestrian,7.656,-10.107,2.5645,0.600,0.5,0.5
4.25,1,car,23.004,-3.145,3.0768,9.247,4.2,1.8
4.25,2,auto,66.363,-3.332,3.0468,6.313,2.8,1.4
4.25,3,bus,115.494,-2.936,3.1716,8.119,11.0,2.6
4.25,4,car,-2.927,-29.018,1.6441,8.173,4.2,1.8
4.25,5,auto,2.542,24.416,-1.6658,6.299,2.8,1.4
4.25,6,twowheeler,1.980,54.486,-1.6451,8.061,2.0,0.8
4.25,7,twowheeler,-2.478,4.337,3.0351,5.611,2.0,0.8
4.25,8,twowheeler,-22.000,-13.000,0.5337,0.000,2.0,0.8
4.25,9,pedestrian,-38.000,7.800,-1.5708,0.000,0.5,0.5
4.25,10,pedestrian,-37.000,8.300,-1.5392,0.000,0.5,0.5
4.25,11,pedestrian,8.000,-20.000,-3.1104,0.000,0.5,0.5
4.25,12,bus,-58.000,4.600,0.0000,0.000,11.0,2.6
4.25,13,pedestrian,-51.600,5.391,-1.5708,1.644,0.5,0.5
4.25,14,pushcart,4.600,-42.000,1.5708,0.000,2.0,1.2
4.25,15,pedestrian,-8.700,9.890,-0.6487,0.600,0.5,0.5
4.25,16,pedestrian,7.611,-10.068,2.3567,0.600,0.5,0.5
4.35,1,car,22.080,-3.091,3.0768,9.247,4.2,1.8
4.35,2,auto,65.732,-3.392,3.2363,6.314,2.8,1.4
4.35,3,bus,114.682,-2.961,3.1716,8.119,11.0,2.6
4.35,4,car,-2.953,-28.206,1.6235,8.063,4.2,1.8
4.35,5,auto,2.482,23.785,-1.6655,6.318,2.8,1.4
4.35,6,twowheeler,1.980,53.680,-1.4964,8.050,2.0,0.8
4.35,7,twowheeler,-3.039,4.277,3.2481,5.611,2.0,0.8
4.35,8,twowheeler,-22.000,-13.000,0.5337,0.000,2.0,0.8
4.35,9,pedestrian,-38.000,7.800,-1.5708,0.000,0.5,0.5
4.35,10,pedestrian,-37.000,8.300,-1.5392,0.000,0.5,0.5
4.35,11,pedestrian,8.000,-20.000,-3.1104,0.000,0.5,0.5
4.35,12,bus,-58.000,4.600,0.0000,0.000,11.0,2.6
4.35,13,pedestrian,-51.600,5.227,-1.5708,1.644,0.5,0.5
4.35,14,pushcart,4.600,-42.000,1.5708,0.000,2.0,1.2
4.35,15,pedestrian,-8.655,9.852,-0.8891,0.600,0.5,0.5
4.35,16,pedestrian,7.583,-10.015,2.1301,0.600,0.5,0.5
4.45,1,car,21.155,-3.031,3.0768,9.247,4.2,1.8
4.45,2,auto,65.101,-3.401,3.0753,6.314,2.8,1.4
4.45,3,bus,113.870,-2.936,3.1126,8.119,11.0,2.6
4.45,4,car,-2.948,-27.405,1.5518,7.947,4.2,1.8
4.45,5,auto,2.428,23.152,-1.6652,6.335,2.8,1.4
4.45,6,twowheeler,2.040,52.875,-1.4963,8.040,2.0,0.8
4.45,7,twowheeler,-3.600,4.277,3.0351,5.611,2.0,0.8
4.45,8,twowheeler,-22.000,-13.000,0.5337,0.000,2.0,0.8
4.45,9,pedestrian,-38.000,7.800,-1.5708,0.000,0.5,0.5
4.45,10,pedestrian,-37.000,8.300,-1.5392,0.000,0.5,0.5
4.45,11,pedestrian,8.000,-20.000,-3.1104,0.000,0.5,0.5
4.45,12,bus,-58.000,4.600,0.0000,0.000,11.0,2.6
4.45,13,pedestrian,-51.600,5.062,-1.5708,1.644,0.5,0.5
4.45,14,pushcart,4.600,-42.000,1.5708,0.000,2.0,1.2
4.45,15,pedestrian,-8.623,9.802,-1.0095,0.600,0.5,0.5
4.45,16,pedestrian,7.550,-9.965,2.1380,0.600,0.5,0.5
4.55,1,car,20.230,-2.971,3.0768,9.247,4.2,1.8
4.55,2,auto,64.469,-3.426,3.2363,6.315,2.8,1.4
4.55,3,bus,113.058,-2.938,3.1503,8.119,11.0,2.6
4.55,4,car,-2.888,-26.615,1.4945,7.847,4.2,1.8
4.55,5,auto,2.488,22.518,-1.4766,6.351,2.8,1.4
4.55,6,twowheeler,2.100,52.072,-1.4962,8.031,2.0,0.8
4.55,7,twowheeler,-4.161,4.228,3.2087,5.611,2.0,0.8
4.55,8,twowheeler,-22.000,-13.000,0.5337,0.000,2.0,0.8
4.55,9,pedestrian,-38.000,7.800,-1.5708,0.000,0.5,0.5
4.55,10,pedestrian,-37.000,8.300,-1.5392,0.000,0.5,0.5
4.55,11,pedestrian,8.000,-20.000,-3.1104,0.000,0.5,0.5
4.55,12,bus,-58.000,4.600,0.0000,0.000,11.0,2.6
4.55,13,pedestrian,-51.600,4.898,-1.5708,1.644,0.5,0.5
4.55,14,pushcart,4.600,-42.000,1.5708,0.000,2.0,1.2
4.55,15,pedestrian,-8.586,9.755,-0.9106,0.600,0.5,0.5
4.55,16,pedestrian,7.516,-9.916,2.2670,0.600,0.5,0.5
4.65,1,car,19.306,-2.971,3.2059,9.247,4.2,1.8
4.65,2,auto,63.838,-3.449,3.2363,6.316,2.8,1.4
4.65,3,bus,112.246,-2.947,3.1496,8.119,11.0,2.6
4.65,4,car,-2.828,-25.834,1.4942,7.814,4.2,1.8
4.65,5,auto,2.531,21.882,-1.5283,6.366,2.8,1.4
4.65,6,twowheeler,2.160,51.269,-1.4961,8.021,2.0,0.8
4.65,7,twowheeler,-4.722,4.228,3.0351,5.611,2.0,0.8
4.65,8,twowheeler,-22.000,-13.000,0.5337,0.000,2.0,0.8
4.65,9,pedestrian,-38.000,7.800,-1.5708,0.000,0.5,0.5
4.65,10,pedestrian,-37.000,8.300,-1.5392,0.000,0.5,0.5
4.65,11,pedestrian,8.000,-20.000,-3.1104,0.000,0.5,0.5
4.65,12,bus,-58.000,4.600,0.0000,0.000,11.0,2.6
4.65,13,pedestrian,-51.600,4.734,-1.5708,1.644,0.5,0.5
4.65,14,pushcart,4.600,-42.000,1.5708,0.000,2.0,1.2
4.65,15,pedestrian,-8.546,9.710,-0.8132,0.600,0.5,0.5
4.65,16,pedestrian,7.523,-9.861,1.0403,0.600,0.5,0.5
4.75,1,car,18.381,-2.911,3.0768,9.247,4.2,1.8
4.75,2,auto,63.206,-3.439,3.0469,6.317,2.8,1.4
4.75,3,bus,111.434,-2.970,3.1643,8.119,11.0,2.6
4.75,4,car,-2.859,-25.051,1.5748,7.849,4.2,1.8
4.75,5,auto,2.527,21.245,-1.6646,6.380,2.8,1.4
4.75,6,twowheeler,2.220,50.468,-1.4961,8.012,2.0,0.8
4.75,7,twowheeler,-5.283,4.288,3.0351,5.611,2.0,0.8
4.75,8,twowheeler,-22.000,-13.000,0.5337,0.000,2.0,0.8
4.75,9,pedestrian,-38.000,7.800,-1.5708,0.000,0.5,0.5
4.75,10,pedestrian,-37.000,8.300,-1.5392,0.000,0.5,0.5
4.75,11,pedestrian,8.000,-20.000,-3.1104,0.000,0.5,0.5
4.75,12,bus,-58.000,4.600,0.0000,0.000,11.0,2.6
4.75,13,pedestrian,-51.600,4.569,-1.5708,1.644,0.5,0.5
4.75,14,pushcart,4.600,-42.000,1.5708,0.000,2.0,1.2
4.75,15,pedestrian,-8.497,9.676,-0.4879,0.600,0.5,0.5
4.75,16,pedestrian,7.536,-9.803,1.4458,0.600,0.5,0.5
4.85,1,car,17.456,-2.959,3.2064,9.247,4.2,1.8
4.85,2,auto,62.574,-3.420,3.0469,6.317,2.8,1.4
4.85,3,bus,110.622,-2.987,3.1483,8.119,11.0,2.6
4.85,4,car,-2.838,-24.264,1.5539,7.882,4.2,1.8
4.85,5,auto,2.500,20.606,-1.5613,6.392,2.8,1.4
4.85,6,twowheeler,2.280,49.667,-1.4960,8.004,2.0,0.8
4.85,7,twowheeler,-5.844,4.348,3.0351,5.611,2.0,0.8
4.85,8,twowheeler,-22.000,-13.000,0.5337,0.000,2.0,0.8
4.85,9,pedestrian,-38.000,7.800,-1.5708,0.000,0.5,0.5
4.85,10,pedestrian,-37.000,8.300,-1.5392,0.000,0.5,0.5
4.85,11,pedestrian,8.000,-20.000,-3.1104,0.000,0.5,0.5
4.85,12,bus,-58.000,4.600,0.0000,0.000,11.0,2.6
4.85,13,pedestrian,-51.600,4.405,-1.5708,1.644,0.5,0.5
4.85,14,pushcart,4.600,-42.000,1.5708,0.000,2.0,1.2
4.85,15,pedestrian,-8.442,9.653,-0.2826,0.600,0.5,0.5
4.85,16,pedestrian,7.545,-9.744,1.3242,0.600,0.5,0.5
4.95,1,car,16.532,-2.952,3.0768,9.247,4.2,1.8
4.95,2,auto,61.943,-3.442,3.1157,6.318,2.8,1.4
4.95,3,bus,109.810,-3.006,3.1355,8.119,11.0,2.6
4.95,4,car,-2.778,-23.475,1.4951,7.914,4.2,1.8
4.95,5,auto,2.560,19.966,-1.4774,6.403,2.8,1.4
4.95,6,twowheeler,2.340,48.867,-1.4959,7.996,2.0,0.8
4.95,7,twowheeler,-6.405,4.408,3.0351,5.611,2.0,0.8
4.95,8,twowheeler,-22.000,-13.000,0.5337,0.000,2.0,0.8
4.95,9,pedestrian,-38.000,7.800,-1.5708,0.000,0.5,0.5
4.95,10,pedestrian,-37.000,8.300,-1.5392,0.000,0.5,0.5
4.95,11,pedestrian,8.000,-20.000,-3.1104,0.000,0.5,0.5
4.95,12,bus,-58.000,4.600,0.0000,0.000,11.0,2.6
4.95,13,pedestrian,-51.600,4.240,-1.5708,1.644,0.5,0.5
4.95,14,pushcart,4.600,-42.000,1.5708,0.000,2.0,1.2
4.95,15,pedestrian,-8.391,9.625,-0.6937,0.600,0.5,0.5
4.95,16,pedestrian,7.537,-9.715,-0.8509,0.600,0.5,0.5
5.05,1,car,15.607,-2.986,3.2064,9.247,4.2,1.8
5.05,2,auto,61.311,-3.382,3.0469,6.318,2.8,1.4
5.05,3,bus,108.998,-2.978,3.1300,8.119,11.0,2.6
5.05,4,car,-2.838,-22.682,1.6462,7.943,4.2,1.8
5.05,5,auto,2.559,19.326,-1.6641,6.414,2.8,1.4
5.05,6,twowheeler,2.400,48.068,-1.4958,7.987,2.0,0.8
5.05,7,twowheeler,-6.966,4.416,3.1511,5.611,2.0,0.8
5.05,8,twowheeler,-22.000,-13.000,0.5337,0.000,2.0,0.8
5.05,9,pedestrian,-38.000,7.800,-1.5708,0.000,0.5,0.5
5.05,10,pedestrian,-37.000,8.300,-1.5392,0.000,0.5,0.5
5.05,11,pedestrian,8.000,-20.000,-3.1104,0.000,0.5,0.5
5.05,12,bus,-58.000,4.600,0.0000,0.000,11.0,2.6
5.05,13,pedestrian,-51.600,4.076,-1.5708,1.644,0.5,0.5
5.05,14,pushcart,4.600,-42.000,1.5708,0.000,2.0,1.2
5.05,15,pedestrian,-8.354,9.581,-1.1914,0.600,0.5,0.5
5.05,16,pedestrian,7.584,-9.752,-0.6965,0.600,0.5,0.5
5.15,1,car,14.682,-2.968,3.0768,9.247,4.2,1.8
5.15,2,auto,60.679,-3.322,3.0469,6.319,2.8,1.4
5.15,3,bus,108.186,-3.017,3.1716,8.119,11.0,2.6
5.15,4,car,-2.898,-21.886,1.6459,7.971,4.2,1.8
5.15,5,auto,2.499,18.684,-1.6639,6.423,2.8,1.4
5.15,6,twowheeler,2.460,47.269,-1.4957,7.979,2.0,0.8
5.15,7,twowheeler,-7.527,4.391,3.2481,5.611,2.0,0.8
5.15,8,twowheeler,-22.000,-13.000,0.5337,0.000,2.0,0.8
5.15,9,pedestrian,-38.000,7.800,-1.5708,0.000,0.5,0.5
5.15,10,pedestrian,-37.000,8.300,-1.5392,0.000,0.5,0.5
5.15,11,pedestrian,8.000,-20.000,-3.1104,0.000,0.5,0.5
5.15,12,bus,-58.000,4.600,0.0000,0.000,11.0,2.6
5.15,13,pedestrian,-51.600,3.911,-1.5708,1.644,0.5,0.5
5.15,14,pushcart,4.600,-42.000,1.5708,0.000,2.0,1.2
5.15,15,pedestrian,-8.357,9.524,-1.9378,0.600,0.5,0.5
5.15,16,pedestrian,7.631,-9.789,-0.6591,0.600,0.5,0.5
5.25,1,car,13.758,-2.963,3.0768,9.247,4.2,1.8
5.25,2,auto,60.047,-3.262,3.0469,6.319,2.8,1.4
5.25,3,bus,107.375,-3.015,3.1201,8.119,11.0,2.6
5.25,4,car,-2.910,-21.088,1.6457,7.997,4.2,1.8
5.25,5,auto,2.462,18.041,-1.5919,6.432,2.8,1.4
5.25,6,twowheeler,2.520,46.472,-1.4957,7.972,2.0,0.8
5.25,7,twowheeler,-8.088,4.432,3.1030,5.611,2.0,0.8
5.25,8,twowheeler,-22.000,-13.000,0.5337,0.000,2.0,0.8
5.25,9,pedestrian,-38.000,7.800,-1.5708,0.000,0.5,0.5
5.25,10,pedestrian,-37.000,8.300,-1.5392,0.000,0.5,0.5
5.25,11,pedestrian,8.000,-20.000,-3.1104,0.000,0.5,0.5
5.25,12,bus,-58.000,4.600,0.0000,0.000,11.0,2.6
5.25,13,pedestrian,-51.600,3.747,-1.5708,1.644,0.5,0.5
5.25,14,pushcart,4.600,-42.000,1.5708,0.000,2.0,1.2
5.25,15,pedestrian,-8.386,9.471,-2.0356,0.600,0.5,0.5
5.25,16,pedestrian,7.674,-9.831,-0.8696,0.600,0.5,0.5
5.35,1,car,12.833,-2.963,3.2064,9.247,4.2,1.8
5.35,2,auto,59.415,-3.202,3.0469,6.320,2.8,1.4
5.35,3,bus,106.563,-3.003,3.1220,8.119,11.0,2.6
5.35,4,car,-2.970,-20.287,1.6455,8.022,4.2,1.8
5.35,5,auto,2.462,17.397,-1.4779,6.440,2.8,1.4
5.35,6,twowheeler,2.580,45.675,-1.4956,7.964,2.0,0.8
5.35,7,twowheeler,-8.649,4.472,3.0935,5.611,2.0,0.8
5.35,8,twowheeler,-22.000,-13.000,0.5337,0.000,2.0,0.8
5.35,9,pedestrian,-38.000,7.800,-1.5708,0.000,0.5,0.5
5.35,10,pedestrian,-36.998,8.243,-1.5392,1.138,0.5,0.5
5.35,11,pedestrian,8.000,-20.000,-3.1104,0.000,0.5,0.5
5.35,12,bus,-58.000,4.600,0.0000,0.000,11.0,2.6
5.35,13,pedestrian,-51.600,3.583,-1.5708,1.644,0.5,0.5
5.35,14,pushcart,4.600,-42.000,1.5708,0.000,2.0,1.2
5.35,15,pedestrian,-8.387,9.412,-1.4106,0.600,0.5,0.5
5.35,16,pedestrian,7.730,-9.850,-0.2989,0.600,0.5,0.5
5.45,1,car,11.909,-3.023,3.2064,9.247,4.2,1.8
5.45,2,auto,58.783,-3.142,3.0469,6.320,2.8,1.4
5.45,3,bus,105.751,-2.968,3.1116,8.119,11.0,2.6
5.45,4,car,-3.030,-19.483,1.6452,8.044,4.2,1.8
5.45,5,auto,2.449,16.753,-1.5650,6.447,2.8,1.4
5.45,6,twowheeler,2.520,44.879,-1.6461,7.957,2.0,0.8
5.45,7,twowheeler,-9.211,4.496,3.1643,5.611,2.0,0.8
5.45,8,twowheeler,-22.000,-13.000,0.5337,0.000,2.0,0.8
5.45,9,pedestrian,-38.000,7.800,-1.5708,0.000,0.5,0.5
5.45,10,pedestrian,-36.995,8.129,-1.5392,1.138,0.5,0.5
5.45,11,pedestrian,8.000,-20.000,-3.1104,0.000,0.5,0.5
5.45,12,bus,-58.000,4.600,0.0000,0.000,11.0,2.6
5.45,13,pedestrian,-51.600,3.418,-1.5708,1.644,0.5,0.5
5.45,14,pushcart,4.600,-42.000,1.5708,0.000,2.0,1.2
5.45,15,pedestrian,-8.405,9.355,-1.9513,0.600,0.5,0.5
5.45,16,pedestrian,7.779,-9.883,-0.7557,0.600,0.5,0.5
5.55,1,car,10.984,-3.073,3.1851,9.247,4.2,1.8
5.55,2,auto,58.151,-3.146,3.2362,6.320,2.8,1.4
5.55,3,bus,104.939,-2.984,3.1716,8.119,11.0,2.6
5.55,4,car,-3.061,-18.678,1.5720,8.066,4.2,1.8
5.55,5,auto,2.425,16.108,-1.5775,6.454,2.8,1.4
5.55,6,twowheeler,2.460,44.084,-1.6461,7.950,2.0,0.8
5.55,7,twowheeler,-9.772,4.540,3.0905,5.611,2.0,0.8
5.55,8,twowheeler,-22.000,-13.000,0.5337,0.000,2.0,0.8
5.55,9,pedestrian,-38.000,7.682,-1.5708,1.177,0.5,0.5
5.55,10,pedestrian,-36.991,8.016,-1.5392,1.138,0.5,0.5
5.55,11,pedestrian,8.000,-20.000,-3.1104,0.000,0.5,0.5
5.55,12,bus,-58.000,4.600,0.0000,0.000,11.0,2.6
5.55,13,pedestrian,-51.600,3.254,-1.5708,1.644,0.5,0.5
5.55,14,pushcart,4.600,-42.000,1.5708,0.000,2.0,1.2
5.55,15,pedestrian,-8.414,9.297,-1.5193,0.600,0.5,0.5
5.55,16,pedestrian,7.837,-9.899,-0.2524,0.600,0.5,0.5
5.65,1,car,10.059,-3.133,3.2064,9.247,4.2,1.8
5.65,2,auto,57.519,-3.206,3.2362,6.320,2.8,1.4
5.65,3,bus,104.127,-3.035,3.1716,8.119,11.0,2.6
5.65,4,car,-3.061,-17.870,1.6449,8.086,4.2,1.8
5.65,5,auto,2.445,15.462,-1.6028,6.460,2.8,1.4
5.65,6,twowheeler,2.400,43.289,-1.6462,7.943,2.0,0.8
5.65,7,twowheeler,-10.333,4.502,3.1977,5.611,2.0,0.8
5.65,8,twowheeler,-22.000,-13.000,0.5337,0.000,2.0,0.8
5.65,9,pedestrian,-38.000,7.565,-1.5708,1.177,0.5,0.5
5.65,10,pedestrian,-36.987,7.902,-1.5392,1.138,0.5,0.5
5.65,11,pedestrian,8.000,-20.000,-3.1104,0.000,0.5,0.5
5.65,12,bus,-58.000,4.600,0.0000,0.000,11.0,2.6
5.65,13,pedestrian,-51.600,3.089,-1.5708,1.644,0.5,0.5
5.65,14,pushcart,4.600,-42.000,1.5708,0.000,2.0,1.2
5.65,15,pedestrian,-8.394,9.241,-1.3439,0.600,0.5,0.5
5.65,16,pedestrian,7.890,-9.928,-0.5616,0.600,0.5,0.5
5.75,1,car,9.135,-3.164,3.1440,9.247,4.2,1.8
5.75,2,auto,56.887,-3.240,3.1528,6.321,2.8,1.4
5.75,3,bus,103.315,-3.035,3.1116,8.119,11.0,2.6
5.75,4,car,-3.104,-17.061,1.6029,8.105,4.2,1.8
5.75,5,auto,2.416,14.816,-1.5676,6.465,2.8,1.4
5.75,6,twowheeler,2.340,42.495,-1.6463,7.936,2.0,0.8
5.75,7,twowheeler,-10.894,4.497,3.2481,5.611,2.0,0.8
5.75,8,twowheeler,-22.000,-13.000,0.5337,0.000,2.0,0.8
5.75,9,pedestrian,-38.000,7.447,-1.5708,1.177,0.5,0.5
5.75,10,pedestrian,-36.984,7.788,-1.5392,1.138,0.5,0.5
5.75,11,pedestrian,8.000,-20.000,-3.1104,0.000,0.5,0.5
5.75,12,bus,-58.000,4.600,0.0000,0.000,11.0,2.6
5.75,13,pedestrian,-51.600,2.925,-1.5708,1.644,0.5,0.5
5.75,14,pushcart,4.600,-42.000,1.5708,0.000,2.0,1.2
5.75,15,pedestrian,-8.378,9.183,-1.3205,0.600,0.5,0.5
5.75,16,pedestrian,7.938,-9.964,-0.6503,0.600,0.5,0.5
5.85,1,car,8.210,-3.180,3.2064,9.247,4.2,1.8
5.85,2,auto,56.255,-3.247,3.0980,6.321,2.8,1.4
5.85,3,bus,102.503,-3.095,3.1716,8.119,11.0,2.6
5.85,4,car,-3.152,-16.249,1.6445,8.123,4.2,1.8
5.85,5,auto,2.358,14.169,-1.6550,6.470,2.8,1.4
5.85,6,twowheeler,2.280,41.702,-1.6463,7.929,2.0,0.8
5.85,7,twowheeler,-11.455,4.475,3.1157,5.611,2.0,0.8
5.85,8,twowheeler,-22.000,-13.000,0.5337,0.000,2.0,0.8
5.85,9,pedestrian,-38.000,7.329,-1.5708,1.177,0.5,0.5
5.85,10,pedestrian,-36.980,7.675,-1.5392,1.138,0.5,0.5
5.85,11,pedestrian,8.000,-20.000,-3.1104,0.000,0.5,0.5
5.85,12,bus,-58.000,4.600,0.0000,0.000,11.0,2.6
5.85,13,pedestrian,-51.600,2.761,-1.5708,1.644,0.5,0.5
5.85,14,pushcart,4.600,-42.000,1.5708,0.000,2.0,1.2
5.85,15,pedestrian,-8.352,9.130,-0.9968,0.600,0.5,0.5
5.85,16,pedestrian,7.989,-9.995,-0.5492,0.600,0.5,0.5
5.95,1,car,7.285,-3.120,3.0768,9.247,4.2,1.8
5.95,2,auto,55.623,-3.266,3.2362,6.321,2.8,1.4
5.95,3,bus,101.691,-3.086,3.1116,8.119,11.0,2.6
5.95,4,car,-3.116,-15.436,1.5563,8.139,4.2,1.8
5.95,5,auto,2.298,13.522,-1.6632,6.475,2.8,1.4
5.95,6,twowheeler,2.220,40.909,-1.6464,7.922,2.0,0.8
5.95,7,twowheeler,-12.016,4.514,3.1093,5.611,2.0,0.8
5.95,8,twowheeler,-22.000,-13.000,0.5337,0.000,2.0,0.8
5.95,9,pedestrian,-38.000,7.211,-1.5708,1.177,0.5,0.5
5.95,10,pedestrian,-36.977,7.561,-1.5392,1.138,0.5,0.5
5.95,11,pedestrian,8.000,-20.000,-3.1104,0.000,0.5,0.5
5.95,12,bus,-58.000,4.600,0.0000,0.000,11.0,2.6
5.95,13,pedestrian,-51.600,2.761,-1.5708,0.000,0.5,0.5
5.95,14,pushcart,4.600,-42.000,1.5708,0.000,2.0,1.2
5.95,15,pedestrian,-8.302,9.097,-0.4806,0.600,0.5,0.5
5.95,16,pedestrian,8.026,-10.042,-0.8717,0.600,0.5,0.5
6.05,1,car,6.361,-3.134,3.1541,9.247,4.2,1.8
6.05,2,auto,54.991,-3.275,3.2362,6.321,2.8,1.4
6.05,3,bus,100.879,-3.103,3.1116,8.119,11.0,2.6
6.05,4,car,-3.082,-14.621,1.5613,8.155,4.2,1.8
6.05,5,auto,2.238,12.874,-1.6631,6.479,2.8,1.4
6.05,6,twowheeler,2.220,40.117,-1.6465,7.915,2.0,0.8
6.05,7,twowheeler,-12.577,4.528,3.0351,5.611,2.0,0.8
6.05,8,twowheeler,-22.000,-13.000,0.5337,0.000,2.0,0.8
6.05,9,pedestrian,-38.000,7.094,-1.5708,1.177,0.5,0.5
6.05,10,pedestrian,-36.973,7.447,-1.5392,1.138,0.5,0.5
6.05,11,pedestrian,8.000,-20.000,-3.1104,0.000,0.5,0.5
6.05,12,bus,-58.000,4.600,0.0000,0.000,11.0,2.6
6.05,13,pedestrian,-51.600,2.761,-1.5708,0.000,0.5,0.5
6.05,14,pushcart,4.600,-42.000,1.5708,0.000,2.0,1.2
6.05,15,pedestrian,-8.270,9.047,-1.1933,0.600,0.5,0.5
6.05,16,pedestrian,8.080,-10.065,-0.1768,0.600,0.5,0.5
6.15,1,car,5.436,-3.095,3.1218,9.247,4.2,1.8
6.15,2,auto,54.359,-3.332,3.2249,6.321,2.8,1.4
6.15,3,bus,100.067,-3.068,3.1116,8.119,11.0,2.6
6.15,4,car,-3.086,-13.805,1.6441,8.169,4.2,1.8
6.15,5,auto,2.178,12.226,-1.6631,6.483,2.8,1.4
6.15,6,twowheeler,2.220,39.326,-1.4951,7.908,2.0,0.8
6.15,7,twowheeler,-13.138,4.568,3.1050,5.611,2.0,0.8
6.15,8,twowheeler,-22.000,-13.000,0.5337,0.000,2.0,0.8
6.15,9,pedestrian,-38.000,6.976,-1.5708,1.177,0.5,0.5
6.15,10,pedestrian,-36.969,7.334,-1.5392,1.138,0.5,0.5
6.15,11,pedestrian,8.000,-20.000,-3.1104,0.000,0.5,0.5
6.15,12,bus,-58.000,4.600,0.0000,0.000,11.0,2.6
6.15,13,pedestrian,-51.600,2.761,-1.5708,0.000,0.5,0.5
6.15,14,pushcart,4.600,-42.000,1.5708,0.000,2.0,1.2
6.15,15,pedestrian,-8.262,8.989,-1.6034,0.600,0.5,0.5
6.15,16,pedestrian,8.135,-10.089,-0.4011,0.600,0.5,0.5
6.25,1,car,4.511,-3.114,3.1190,9.247,4.2,1.8
6.25,2,auto,53.726,-3.354,3.1188,6.322,2.8,1.4
6.25,3,bus,99.255,-3.061,3.1478,8.119,11.0,2.6
6.25,4,car,-3.071,-12.988,1.4976,8.182,4.2,1.8
6.25,5,auto,2.235,11.578,-1.4886,6.487,2.8,1.4
6.25,6,twowheeler,2.280,38.536,-1.4950,7.901,2.0,0.8
6.25,7,twowheeler,-13.699,4.578,3.0351,5.611,2.0,0.8
6.25,8,twowheeler,-22.000,-13.000,0.5337,0.000,2.0,0.8
6.25,9,pedestrian,-38.000,6.858,-1.5708,1.177,0.5,0.5
6.25,10,pedestrian,-36.966,7.220,-1.5392,1.138,0.5,0.5
6.25,11,pedestrian,8.000,-20.000,-3.1104,0.000,0.5,0.5
6.25,12,bus,-58.000,4.600,0.0000,0.000,11.0,2.6
6.25,13,pedestrian,-51.600,2.761,-1.5708,0.000,0.5,0.5
6.25,14,pushcart,4.600,-42.000,1.5708,0.000,2.0,1.2
6.25,15,pedestrian,-8.264,8.929,-1.5941,0.600,0.5,0.5
6.25,16,pedestrian,8.195,-10.093,-0.0600,0.600,0.5,0.5
6.35,1,car,3.587,-3.067,3.0768,9.247,4.2,1.8
6.35,2,auto,53.094,-3.295,3.0470,6.322,2.8,1.4
6.35,3,bus,98.444,-3.096,3.1716,8.119,11.0,2.6
6.35,4,car,-3.068,-12.169,1.6368,8.195,4.2,1.8
6.35,5,auto,2.295,10.936,-1.4746,6.217,2.8,1.4
6.35,6,twowheeler,2.280,37.746,-1.6467,7.892,2.0,0.8
6.35,7,twowheeler,-14.260,4.563,3.2321,5.611,2.0,0.8
6.35,8,twowheeler,-21.436,-12.667,0.5337,6.554,2.0,0.8
6.35,9,pedestrian,-38.000,6.740,-1.5708,1.177,0.5,0.5
6.35,10,pedestrian,-36.962,7.106,-1.5392,1.138,0.5,0.5
6.35,11,pedestrian,8.000,-20.000,-3.1104,0.000,0.5,0.5
6.35,12,bus,-58.000,4.600,0.0000,0.000,11.0,2.6
6.35,13,pedestrian,-51.600,2.761,-1.5708,0.000,0.5,0.5
6.35,14,pushcart,4.600,-42.000,1.5708,0.000,2.0,1.2
6.35,15,pedestrian,-8.253,8.870,-1.3879,0.600,0.5,0.5
6.35,16,pedestrian,8.253,-10.093,0.2794,0.600,0.5,0.5
6.45,1,car,2.662,-3.036,3.0768,9.247,4.2,1.8
6.45,2,auto,52.462,-3.272,3.0470,6.322,2.8,1.4
6.45,3,bus,97.632,-3.052,3.1116,8.119,11.0,2.6
6.45,4,car,-3.103,-11.349,1.6204,8.207,4.2,1.8
6.45,5,auto,2.240,10.336,-1.6745,5.767,2.8,1.4
6.45,6,twowheeler,2.220,36.958,-1.6468,7.877,2.0,0.8
6.45,7,twowheeler,-14.821,4.599,3.0351,5.611,2.0,0.8
6.45,8,twowheeler,-20.872,-12.333,0.5337,6.554,2.0,0.8
6.45,9,pedestrian,-38.000,6.623,-1.5708,1.177,0.5,0.5
6.45,10,pedestrian,-36.959,6.992,-1.5392,1.138,0.5,0.5
6.45,11,pedestrian,8.000,-20.000,-3.1104,0.000,0.5,0.5
6.45,12,bus,-58.000,4.600,0.0000,0.000,11.0,2.6
6.45,13,pedestrian,-51.600,2.761,-1.5708,0.000,0.5,0.5
6.45,14,pushcart,4.600,-42.000,1.5708,0.000,2.0,1.2
6.45,15,pedestrian,-8.236,8.812,-1.3605,0.600,0.5,0.5
6.45,16,pedestrian,8.311,-10.078,0.2967,0.600,0.5,0.5
6.55,1,car,1.737,-2.994,3.1173,9.247,4.2,1.8
6.55,2,auto,51.830,-3.212,3.0470,6.322,2.8,1.4
6.55,3,bus,96.820,-3.054,3.1689,8.119,11.0,2.6
6.55,4,car,-3.043,-10.527,1.4979,8.218,4.2,1.8
6.55,5,auto,2.211,9.780,-1.6820,5.376,2.8,1.4
6.55,6,twowheeler,2.160,36.171,-1.6470,7.857,2.0,0.8
6.55,7,twowheeler,-15.382,4.622,3.1668,5.611,2.0,0.8
6.55,8,twowheeler,-20.307,-12.000,0.5337,6.554,2.0,0.8
6.55,9,pedestrian,-38.000,6.505,-1.5708,1.177,0.5,0.5
6.55,10,pedestrian,-36.955,6.879,-1.5392,1.138,0.5,0.5
6.55,11,pedestrian,8.000,-20.000,-3.1104,0.000,0.5,0.5
6.55,12,bus,-58.000,4.600,0.0000,0.000,11.0,2.6
6.55,13,pedestrian,-51.600,2.678,-1.5708,1.644,0.5,0.5
6.55,14,pushcart,4.600,-42.000,1.5708,0.000,2.0,1.2
6.55,15,pedestrian,-8.205,8.761,-0.9204,0.600,0.5,0.5
6.55,16,pedestrian,8.368,-10.064,0.0974,0.600,0.5,0.5
6.65,1,car,0.813,-2.987,3.0768,9.247,4.2,1.8
6.65,2,auto,51.198,-3.230,3.2362,6.322,2.8,1.4
6.65,3,bus,96.008,-3.064,3.1190,8.119,11.0,2.6
6.65,4,car,-3.103,-9.705,1.6436,8.228,4.2,1.8
6.65,5,auto,2.204,9.258,-1.4782,5.052,2.8,1.4
6.65,6,twowheeler,2.100,35.386,-1.6473,7.832,2.0,0.8
6.65,7,twowheeler,-15.944,4.645,3.0581,5.611,2.0,0.8
6.65,8,twowheeler,-19.743,-11.666,0.5337,6.554,2.0,0.8
6.65,9,pedestrian,-38.000,6.387,-1.5708,1.177,0.5,0.5
6.65,10,pedestrian,-36.951,6.765,-1.5392,1.138,0.5,0.5
6.65,11,pedestrian,8.000,-20.000,-3.1104,0.000,0.5,0.5
6.65,12,bus,-58.000,4.600,0.0000,0.000,11.0,2.6
6.65,13,pedestrian,-51.600,2.514,-1.5708,1.644,0.5,0.5
6.65,14,pushcart,4.600,-42.000,1.5708,0.000,2.0,1.2
6.65,15,pedestrian,-8.205,8.761,2.5944,0.000,0.5,0.5
6.65,16,pedestrian,8.426,-10.049,0.3532,0.600,0.5,0.5
6.75,1,car,-0.112,-3.047,3.2064,9.247,4.2,1.8
6.75,2,auto,50.565,-3.170,3.0470,6.322,2.8,1.4
6.75,3,bus,95.196,-3.020,3.1116,8.119,11.0,2.6
6.75,4,car,-3.096,-8.882,1.5192,8.238,4.2,1.8
6.75,5,auto,2.264,8.748,-1.4547,5.147,2.8,1.4
6.75,6,twowheeler,2.040,34.605,-1.6475,7.806,2.0,0.8
6.75,7,twowheeler,-16.505,4.669,3.0351,5.611,2.0,0.8
6.75,8,twowheeler,-19.179,-11.333,0.5337,6.554,2.0,0.8
6.75,9,pedestrian,-38.000,6.269,-1.5708,1.177,0.5,0.5
6.75,10,pedestrian,-36.948,6.651,-1.5392,1.138,0.5,0.5
6.75,11,pedestrian,8.000,-20.000,-3.1104,0.000,0.5,0.5
6.75,12,bus,-58.000,4.600,0.0000,0.000,11.0,2.6
6.75,13,pedestrian,-51.600,2.349,-1.6172,1.644,0.5,0.5
6.75,14,pushcart,4.600,-42.000,1.5708,0.000,2.0,1.2
6.75,15,pedestrian,-8.205,8.761,2.5944,0.000,0.5,0.5
6.75,16,pedestrian,8.484,-10.038,0.0135,0.600,0.5,0.5
6.85,1,car,-1.037,-3.042,3.1418,9.247,4.2,1.8
6.85,2,auto,49.933,-3.110,3.0470,6.322,2.8,1.4
6.85,3,bus,94.384,-3.011,3.1716,8.119,11.0,2.6
6.85,4,car,-3.096,-8.058,1.6434,8.247,4.2,1.8
6.85,5,auto,2.324,8.228,-1.4567,5.238,2.8,1.4
6.85,6,twowheeler,1.980,33.825,-1.6477,7.783,2.0,0.8
6.85,7,twowheeler,-17.066,4.609,3.2481,5.611,2.0,0.8
6.85,8,twowheeler,-18.615,-11.000,0.5337,6.554,2.0,0.8
6.85,9,pedestrian,-38.000,6.152,-1.5708,1.177,0.5,0.5
6.85,10,pedestrian,-36.944,6.538,-1.5392,1.138,0.5,0.5
6.85,11,pedestrian,8.000,-20.000,-3.1104,0.000,0.5,0.5
6.85,12,bus,-58.000,4.600,0.0000,0.000,11.0,2.6
6.85,13,pedestrian,-51.601,2.185,-1.6633,1.644,0.5,0.5
6.85,14,pushcart,4.600,-42.000,1.5708,0.000,2.0,1.2
6.85,15,pedestrian,-8.205,8.761,2.5944,0.000,0.5,0.5
6.85,16,pedestrian,8.541,-10.021,0.3974,0.600,0.5,0.5
6.95,1,car,-1.961,-3.042,3.0768,9.247,4.2,1.8
6.95,2,auto,49.301,-3.050,3.0470,6.322,2.8,1.4
6.95,3,bus,93.572,-3.035,3.1716,8.119,11.0,2.6
6.95,4,car,-3.156,-7.273,1.6512,7.447,4.2,1.8
6.95,5,auto,2.314,7.700,-1.4965,5.324,2.8,1.4
6.95,6,twowheeler,1.947,33.048,-1.5796,7.762,2.0,0.8
6.95,7,twowheeler,-17.627,4.584,3.2225,5.611,2.0,0.8
6.95,8,twowheeler,-18.050,-10.666,0.5337,6.554,2.0,0.8
6.95,9,pedestrian,-38.000,6.034,-1.5708,1.177,0.5,0.5
6.95,10,pedestrian,-36.941,6.424,-1.5392,1.138,0.5,0.5
6.95,11,pedestrian,8.000,-20.000,-3.1104,0.000,0.5,0.5
6.95,12,bus,-58.000,4.600,0.0000,0.000,11.0,2.6
6.95,13,pedestrian,-51.617,2.021,-1.6633,1.644,0.5,0.5
6.95,14,pushcart,4.600,-42.000,1.5708,0.000,2.0,1.2
6.95,15,pedestrian,-8.205,8.761,2.5944,0.000,0.5,0.5
6.95,16,pedestrian,8.601,-10.029,-0.1865,0.600,0.5,0.5
7.05,1,car,-2.886,-3.013,3.1428,9.247,4.2,1.8
7.05,2,auto,48.669,-2.990,3.0470,6.322,2.8,1.4
7.05,3,bus,92.760,-3.038,3.1488,8.119,11.0,2.6
7.05,4,car,-3.216,-6.568,1.6608,6.647,4.2,1.8
7.05,5,auto,2.374,7.164,-1.4603,5.406,2.8,1.4
7.05,6,twowheeler,2.007,32.273,-1.4935,7.743,2.0,0.8
7.05,7,twowheeler,-18.188,4.644,3.0351,5.611,2.0,0.8
7.05,8,twowheeler,-17.486,-10.333,0.5337,6.554,2.0,0.8
7.05,9,pedestrian,-38.000,5.916,-1.5708,1.177,0.5,0.5
7.05,10,pedestrian,-36.937,6.310,-1.5392,1.138,0.5,0.5
7.05,11,pedestrian,8.000,-20.000,-3.1104,0.000,0.5,0.5
7.05,12,bus,-58.000,4.600,0.0000,0.000,11.0,2.6
7.05,13,pedestrian,-51.632,1.858,-1.6633,1.644,0.5,0.5
7.05,14,pushcart,4.600,-42.000,1.5708,0.000,2.0,1.2
7.05,15,pedestrian,-8.205,8.761,2.5944,0.000,0.5,0.5
7.05,16,pedestrian,8.658,-10.044,-0.1312,0.600,0.5,0.5
7.15,1,car,-3.811,-3.029,3.1126,9.247,4.2,1.8
7.15,2,auto,48.037,-2.930,3.0470,6.323,2.8,1.4
7.15,3,bus,91.948,-3.065,3.1327,8.119,11.0,2.6
7.15,4,car,-3.276,-5.944,1.6731,5.847,4.2,1.8
7.15,5,auto,2.434,6.619,-1.4618,5.485,2.8,1.4
7.15,6,twowheeler,2.067,31.499,-1.4933,7.725,2.0,0.8
7.15,7,twowheeler,-18.747,4.645,3.2448,5.576,2.0,0.8
7.15,8,twowheeler,-16.922,-9.999,0.5337,6.554,2.0,0.8
7.15,9,pedestrian,-38.000,5.798,-1.5708,1.177,0.5,0.5
7.15,10,pedestrian,-36.933,6.197,-1.5392,1.138,0.5,0.5
7.15,11,pedestrian,8.000,-20.000,-3.1104,0.000,0.5,0.5
7.15,12,bus,-58.000,4.600,0.0000,0.000,11.0,2.6
7.15,13,pedestrian,-51.647,1.694,-1.6633,1.644,0.5,0.5
7.15,14,pushcart,4.600,-42.000,1.5708,0.000,2.0,1.2
7.15,15,pedestrian,-8.205,8.761,2.5944,0.000,0.5,0.5
7.15,16,pedestrian,8.695,-10.087,-1.1832,0.600,0.5,0.5
7.25,1,car,-4.735,-2.969,3.0768,9.247,4.2,1.8
7.25,2,auto,47.404,-2.930,3.2362,6.323,2.8,1.4
7.25,3,bus,91.136,-3.087,3.1716,8.119,11.0,2.6
7.25,4,car,-3.336,-5.399,1.6891,5.047,4.2,1.8
7.25,5,auto,2.406,6.067,-1.6434,5.559,2.8,1.4
7.25,6,twowheeler,2.071,30.728,-1.6384,7.708,2.0,0.8
7.25,7,twowheeler,-19.303,4.606,3.2494,5.545,2.0,0.8
7.25,8,twowheeler,-16.358,-9.666,0.5337,6.554,2.0,0.8
7.25,9,pedestrian,-38.000,5.681,-1.5708,1.177,0.5,0.5
7.25,10,pedestrian,-36.930,6.083,-1.5392,1.138,0.5,0.5
7.25,11,pedestrian,8.000,-20.000,-3.1104,0.000,0.5,0.5
7.25,12,bus,-58.000,4.600,0.0000,0.000,11.0,2.6
7.25,13,pedestrian,-51.662,1.530,-1.6633,1.644,0.5,0.5
7.25,14,pushcart,4.600,-42.000,1.5708,0.000,2.0,1.2
7.25,15,pedestrian,-8.205,8.761,2.5944,0.000,0.5,0.5
7.25,16,pedestrian,8.734,-10.131,-0.6163,0.600,0.5,0.5
7.35,1,car,-5.660,-2.909,3.0768,9.247,4.2,1.8
7.35,2,auto,46.772,-2.895,3.1273,6.323,2.8,1.4
7.35,3,bus,90.324,-3.094,3.1355,8.119,11.0,2.6
7.35,4,car,-3.396,-4.888,1.6862,5.176,4.2,1.8
7.35,5,auto,2.346,5.508,-1.6770,5.628,2.8,1.4
7.35,6,twowheeler,2.011,29.958,-1.6486,7.693,2.0,0.8
7.35,7,twowheeler,-19.856,4.546,3.2478,5.516,2.0,0.8
7.35,8,twowheeler,-15.793,-9.332,0.5337,6.554,2.0,0.8
7.35,9,pedestrian,-38.000,5.563,-1.5708,1.177,0.5,0.5
7.35,10,pedestrian,-36.926,5.969,-1.5392,1.138,0.5,0.5
7.35,11,pedestrian,8.000,-20.000,-3.1104,0.000,0.5,0.5
7.35,12,bus,-58.000,4.600,0.0000,0.000,11.0,2.6
7.35,13,pedestrian,-51.677,1.366,-1.6633,1.644,0.5,0.5
7.35,14,pushcart,4.600,-42.000,1.5708,0.000,2.0,1.2
7.35,15,pedestrian,-8.205,8.761,2.5944,0.000,0.5,0.5
7.35,16,pedestrian,8.769,-10.180,-0.9575,0.600,0.5,0.5
7.45,1,car,-6.585,-2.887,3.1378,9.247,4.2,1.8
7.45,2,auto,46.140,-2.955,3.2362,6.323,2.8,1.4
7.45,3,bus,89.512,-3.095,3.1716,8.119,11.0,2.6
7.45,4,car,-3.393,-4.364,1.4581,5.304,4.2,1.8
7.45,5,auto,2.303,4.942,-1.6235,5.694,2.8,1.4
7.45,6,twowheeler,2.038,29.189,-1.5779,7.678,2.0,0.8
7.45,7,twowheeler,-20.406,4.549,3.2414,5.489,2.0,0.8
7.45,8,twowheeler,-15.229,-8.999,0.5337,6.554,2.0,0.8
7.45,9,pedestrian,-38.000,5.445,-1.5708,1.177,0.5,0.5
7.45,10,pedestrian,-36.923,5.856,-1.5392,1.138,0.5,0.5
7.45,11,pedestrian,8.000,-20.000,-3.1104,0.000,0.5,0.5
7.45,12,bus,-58.000,4.600,0.0000,0.000,11.0,2.6
7.45,13,pedestrian,-51.693,1.203,-1.6633,1.644,0.5,0.5
7.45,14,pushcart,4.600,-42.000,1.5708,0.000,2.0,1.2
7.45,15,pedestrian,-8.205,8.761,2.5944,0.000,0.5,0.5
7.45,16,pedestrian,8.804,-10.228,-1.0084,0.600,0.5,0.5
7.55,1,car,-7.509,-2.846,3.0768,9.247,4.2,1.8
7.55,2,auto,45.507,-3.012,3.2257,6.323,2.8,1.4
7.55,3,bus,88.701,-3.062,3.1116,8.119,11.0,2.6
7.55,4,car,-3.333,-3.827,1.4607,5.429,4.2,1.8
7.55,5,auto,2.363,4.369,-1.4669,5.756,2.8,1.4
7.55,6,twowheeler,2.098,28.422,-1.4927,7.665,2.0,0.8
7.55,7,twowheeler,-20.954,4.605,3.0461,5.464,2.0,0.8
7.55,8,twowheeler,-14.665,-8.666,0.5337,6.554,2.0,0.8
7.55,9,pedestrian,-38.000,5.328,-1.5708,1.177,0.5,0.5
7.55,10,pedestrian,-36.919,5.742,-1.5392,1.138,0.5,0.5
7.55,11,pedestrian,8.000,-20.000,-3.1104,0.000,0.5,0.5
7.55,12,bus,-58.000,4.600,0.0000,0.000,11.0,2.6
7.55,13,pedestrian,-51.708,1.039,-1.6633,1.644,0.5,0.5
7.55,14,pushcart,4.600,-42.000,1.5708,0.000,2.0,1.2
7.55,15,pedestrian,-8.205,8.761,2.5944,0.000,0.5,0.5
7.55,16,pedestrian,8.814,-10.287,-1.3186,0.600,0.5,0.5
7.65,1,car,-8.434,-2.846,3.2064,9.247,4.2,1.8
7.65,2,auto,44.875,-2.952,3.0470,6.323,2.8,1.4
7.65,3,bus,87.889,-3.041,3.1539,8.119,11.0,2.6
7.65,4,car,-3.273,-3.278,1.4631,5.552,4.2,1.8
7.65,5,auto,2.313,3.790,-1.6409,5.814,2.8,1.4
7.65,6,twowheeler,2.038,27.656,-1.6490,7.653,2.0,0.8
7.65,7,twowheeler,-21.494,4.665,3.0296,5.336,2.0,0.8
7.65,8,twowheeler,-14.101,-8.332,0.5337,6.554,2.0,0.8
7.65,9,pedestrian,-38.000,5.210,-1.5708,1.177,0.5,0.5
7.65,10,pedestrian,-36.915,5.628,-1.5392,1.138,0.5,0.5
7.65,11,pedestrian,8.000,-20.000,-3.1104,0.000,0.5,0.5
7.65,12,bus,-58.000,4.600,0.0000,0.000,11.0,2.6
7.65,13,pedestrian,-51.723,0.875,-1.6633,1.644,0.5,0.5
7.65,14,pushcart,4.600,-42.000,1.5708,0.000,2.0,1.2
7.65,15,pedestrian,-8.205,8.761,2.5944,0.000,0.5,0.5
7.65,16,pedestrian,8.829,-10.345,-1.3414,0.600,0.5,0.5
7.75,1,car,-9.358,-2.815,3.1381,9.247,4.2,1.8
7.75,2,auto,44.243,-2.892,3.0470,6.323,2.8,1.4
7.75,3,bus,87.077,-3.020,3.1116,8.119,11.0,2.6
7.75,4,car,-3.288,-2.717,1.6762,5.672,4.2,1.8
7.75,5,auto,2.373,3.206,-1.4689,5.868,2.8,1.4
7.75,6,twowheeler,1.978,26.891,-1.6492,7.641,2.0,0.8
7.75,7,twowheeler,-22.022,4.645,3.1025,5.218,2.0,0.8
7.75,8,twowheeler,-13.536,-7.999,0.5337,6.554,2.0,0.8
7.75,9,pedestrian,-38.000,5.092,-1.5708,1.177,0.5,0.5
7.75,10,pedestrian,-36.912,5.514,-1.5392,1.138,0.5,0.5
7.75,11,pedestrian,8.000,-20.000,-3.1104,0.000,0.5,0.5
7.75,12,bus,-58.000,4.600,0.0000,0.000,11.0,2.6
7.75,13,pedestrian,-51.738,0.712,-1.6633,1.644,0.5,0.5
7.75,14,pushcart,4.600,-42.000,1.5708,0.000,2.0,1.2
7.75,15,pedestrian,-8.205,8.761,2.5944,0.000,0.5,0.5
7.75,16,pedestrian,8.853,-10.399,-0.9280,0.600,0.5,0.5
7.85,1,car,-10.283,-2.801,3.1532,9.247,4.2,1.8
7.85,2,auto,43.611,-2.832,3.0470,6.323,2.8,1.4
7.85,3,bus,86.265,-2.977,3.1116,8.119,11.0,2.6
7.85,4,car,-3.348,-2.144,1.6741,5.790,4.2,1.8
7.85,5,auto,2.313,2.617,-1.6718,5.919,2.8,1.4
7.85,6,twowheeler,1.918,26.128,-1.6493,7.630,2.0,0.8
7.85,7,twowheeler,-22.538,4.619,3.2108,5.109,2.0,0.8
7.85,8,twowheeler,-12.972,-7.665,0.5337,6.554,2.0,0.8
7.85,9,pedestrian,-38.000,4.974,-1.5708,1.177,0.5,0.5
7.85,10,pedestrian,-36.908,5.401,-1.5392,1.138,0.5,0.5
7.85,11,pedestrian,8.000,-20.000,-3.1104,0.000,0.5,0.5
7.85,12,bus,-58.000,4.600,0.0000,0.000,11.0,2.6
7.85,13,pedestrian,-51.753,0.548,-1.6633,1.644,0.5,0.5
7.85,14,pushcart,4.600,-42.000,1.5708,0.000,2.0,1.2
7.85,15,pedestrian,-8.205,8.761,2.5944,0.000,0.5,0.5
7.85,16,pedestrian,8.880,-10.452,-1.1998,0.600,0.5,0.5
7.95,1,car,-11.208,-2.828,3.1371,9.247,4.2,1.8
7.95,2,auto,42.978,-2.772,3.0470,6.323,2.8,1.4
7.95,3,bus,85.453,-2.922,3.1116,8.119,11.0,2.6
7.95,4,car,-3.335,-1.559,1.4695,5.905,4.2,1.8
7.95,5,auto,2.373,2.023,-1.4706,5.967,2.8,1.4
7.95,6,twowheeler,1.858,25.365,-1.6494,7.619,2.0,0.8
7.95,7,twowheeler,-23.043,4.679,3.0220,4.991,2.0,0.8
7.95,8,twowheeler,-12.408,-7.332,0.5337,6.554,2.0,0.8
7.95,9,pedestrian,-38.000,4.857,-1.5708,1.177,0.5,0.5
7.95,10,pedestrian,-36.905,5.287,-1.5392,1.138,0.5,0.5
7.95,11,pedestrian,8.000,-20.000,-3.1104,0.000,0.5,0.5
7.95,12,bus,-58.000,4.600,0.0000,0.000,11.0,2.6
7.95,13,pedestrian,-51.768,0.384,-1.6633,1.644,0.5,0.5
7.95,14,pushcart,4.600,-42.000,1.5708,0.000,2.0,1.2
7.95,15,pedestrian,-8.205,8.761,2.5944,0.000,0.5,0.5
7.95,16,pedestrian,8.881,-10.512,-1.5227,0.600,0.5,0.5
8.05,1,car,-12.132,-2.811,3.0768,9.247,4.2,1.8
8.05,2,auto,42.346,-2.712,3.0470,6.323,2.8,1.4
8.05,3,bus,84.641,-2.919,3.1116,8.119,11.0,2.6
8.05,4,car,-3.280,-0.963,1.4714,6.017,4.2,1.8
8.05,5,auto,2.433,1.424,-1.4713,6.011,2.8,1.4
8.05,6,twowheeler,1.918,24.604,-1.4921,7.610,2.0,0.8
8.05,7,twowheeler,-23.536,4.733,3.0444,4.867,2.0,0.8
8.05,8,twowheeler,-11.844,-6.999,0.5337,6.554,2.0,0.8
8.05,9,pedestrian,-38.000,4.739,-1.5708,1.177,0.5,0.5
8.05,10,pedestrian,-36.901,5.173,-1.5392,1.138,0.5,0.5
8.05,11,pedestrian,8.000,-20.000,-3.1104,0.000,0.5,0.5
8.05,12,bus,-58.000,4.600,0.0000,0.000,11.0,2.6
8.05,13,pedestrian,-51.784,0.220,-1.6633,1.644,0.5,0.5
8.05,14,pushcart,4.600,-42.000,1.5708,0.000,2.0,1.2
8.05,15,pedestrian,-8.205,8.761,2.5944,0.000,0.5,0.5
8.05,16,pedestrian,8.894,-10.570,-1.1495,0.600,0.5,0.5
8.15,1,car,-13.057,-2.790,3.1342,9.247,4.2,1.8
8.15,2,auto,41.714,-2.689,3.1629,6.323,2.8,1.4
8.15,3,bus,83.829,-2.949,3.1716,8.119,11.0,2.6
8.15,4,car,-3.258,-0.356,1.5212,6.126,4.2,1.8
8.15,5,auto,2.433,0.821,-1.6696,6.052,2.8,1.4
8.15,6,twowheeler,1.917,23.843,-1.6496,7.600,2.0,0.8
8.15,7,twowheeler,-24.017,4.679,3.2417,4.748,2.0,0.8
8.15,8,twowheeler,-11.279,-6.665,0.5337,6.554,2.0,0.8
8.15,9,pedestrian,-38.000,4.621,-1.5708,1.177,0.5,0.5
8.15,10,pedestrian,-36.897,5.060,-1.5392,1.138,0.5,0.5
8.15,11,pedestrian,8.000,-20.000,-3.1104,0.000,0.5,0.5
8.15,12,bus,-58.000,4.600,0.0000,0.000,11.0,2.6
8.15,13,pedestrian,-51.799,0.057,-1.6633,1.644,0.5,0.5
8.15,14,pushcart,4.600,-42.000,1.5708,0.000,2.0,1.2
8.15,15,pedestrian,-8.205,8.761,2.5944,0.000,0.5,0.5
8.15,16,pedestrian,8.927,-10.619,-1.1360,0.600,0.5,0.5
8.25,1,car,-13.982,-2.850,3.2064,9.247,4.2,1.8
8.25,2,auto,41.081,-2.686,3.1983,6.323,2.8,1.4
8.25,3,bus,83.017,-2.967,3.1716,8.119,11.0,2.6
8.25,4,car,-3.274,0.262,1.6668,6.232,4.2,1.8
8.25,5,auto,2.461,0.213,-1.5757,6.090,2.8,1.4
8.25,6,twowheeler,1.917,23.084,-1.4919,7.592,2.0,0.8
8.25,7,twowheeler,-24.486,4.688,3.1459,4.633,2.0,0.8
8.25,8,twowheeler,-10.715,-6.332,0.5337,6.554,2.0,0.8
8.25,9,pedestrian,-38.000,4.503,-1.5708,1.177,0.5,0.5
8.25,10,pedestrian,-36.894,4.946,-1.5392,1.138,0.5,0.5
8.25,11,pedestrian,8.000,-20.000,-3.1104,0.000,0.5,0.5
8.25,12,bus,-58.000,4.600,0.0000,0.000,11.0,2.6
8.25,13,pedestrian,-51.814,-0.107,-1.6633,1.644,0.5,0.5
8.25,14,pushcart,4.600,-42.000,1.5708,0.000,2.0,1.2
8.25,15,pedestrian,-8.205,8.761,2.5944,0.000,0.5,0.5
8.25,16,pedestrian,8.948,-10.674,-1.0684,0.600,0.5,0.5
8.35,1,car,-14.906,-2.909,3.2064,9.247,4.2,1.8
8.35,2,auto,40.449,-2.746,3.2362,6.323,2.8,1.4
8.35,3,bus,82.205,-2.945,3.1443,8.119,11.0,2.6
8.35,4,car,-3.215,0.890,1.4791,6.335,4.2,1.8
8.35,5,auto,2.468,-0.397,-1.5417,6.125,2.8,1.4
8.35,6,twowheeler,1.857,22.325,-1.6498,7.583,2.0,0.8
8.35,7,twowheeler,-24.943,4.628,3.2735,4.521,2.0,0.8
8.35,8,twowheeler,-10.151,-5.998,0.5337,6.554,2.0,0.8
8.35,9,pedestrian,-38.000,4.386,-1.5708,1.177,0.5,0.5
8.35,10,pedestrian,-36.890,4.832,-1.5392,1.138,0.5,0.5
8.35,11,pedestrian,8.000,-20.000,-3.1104,0.000,0.5,0.5
8.35,12,bus,-58.000,4.600,0.0000,0.000,11.0,2.6
8.35,13,pedestrian,-51.829,-0.271,-1.6633,1.644,0.5,0.5
8.35,14,pushcart,4.600,-42.000,1.5708,0.000,2.0,1.2
8.35,15,pedestrian,-8.205,8.761,2.5944,0.000,0.5,0.5
8.35,16,pedestrian,8.985,-10.720,-0.6921,0.600,0.5,0.5
8.45,1,car,-15.831,-2.893,3.1509,9.247,4.2,1.8
8.45,2,auto,39.817,-2.781,3.1563,6.323,2.8,1.4
8.45,3,bus,81.393,-2.957,3.1116,8.119,11.0,2.6
8.45,4,car,-3.258,1.529,1.6108,6.435,4.2,1.8
8.45,5,auto,2.453,-1.012,-1.5893,6.158,2.8,1.4
8.45,6,twowheeler,1.917,21.567,-1.4918,7.576,2.0,0.8
8.45,7,twowheeler,-25.390,4.601,3.2567,4.410,2.0,0.8
8.45,8,twowheeler,-9.587,-5.665,0.5337,6.554,2.0,0.8
8.45,9,pedestrian,-38.000,4.268,-1.5708,1.177,0.5,0.5
8.45,10,pedestrian,-36.887,4.719,-1.5392,1.138,0.5,0.5
8.45,11,pedestrian,8.000,-20.000,-3.1104,0.000,0.5,0.5
8.45,12,bus,-58.000,4.600,0.0000,0.000,11.0,2.6
8.45,13,pedestrian,-51.844,-0.434,-1.6633,1.644,0.5,0.5
8.45,14,pushcart,4.600,-42.000,1.5708,0.000,2.0,1.2
8.45,15,pedestrian,-8.205,8.761,2.5944,0.000,0.5,0.5
8.45,16,pedestrian,9.040,-10.745,-0.5241,0.600,0.5,0.5
8.55,1,car,-16.756,-2.884,3.0768,9.247,4.2,1.8
8.55,2,auto,39.185,-2.721,3.0466,6.298,2.8,1.4
8.55,3,bus,80.581,-2.953,3.1374,8.119,11.0,2.6
8.55,4,car,-3.276,2.177,1.5350,6.532,4.2,1.8
8.55,5,auto,2.453,-1.629,-1.6675,6.188,2.8,1.4
8.55,6,twowheeler,1.857,20.810,-1.6499,7.568,2.0,0.8
8.55,7,twowheeler,-25.825,4.541,3.2802,4.300,2.0,0.8
8.55,8,twowheeler,-9.022,-5.331,0.5337,6.554,2.0,0.8
8.55,9,pedestrian,-38.000,4.150,-1.5708,1.177,0.5,0.5
8.55,10,pedestrian,-36.883,4.605,-1.5392,1.138,0.5,0.5
8.55,11,pedestrian,8.000,-20.000,-3.1104,0.000,0.5,0.5
8.55,12,bus,-58.000,4.600,0.0000,0.000,11.0,2.6
8.55,13,pedestrian,-51.860,-0.598,-1.6633,1.644,0.5,0.5
8.55,14,pushcart,4.600,-42.000,1.5708,0.000,2.0,1.2
8.55,15,pedestrian,-8.205,8.761,2.5944,0.000,0.5,0.5
8.55,16,pedestrian,9.100,-10.744,0.0094,0.600,0.5,0.5
8.65,1,car,-17.680,-2.844,3.1187,9.247,4.2,1.8
8.65,2,auto,38.558,-2.661,3.0459,6.254,2.8,1.4
8.65,3,bus,79.769,-2.943,3.1116,8.119,11.0,2.6
8.65,4,car,-3.336,2.835,1.6611,6.625,4.2,1.8
8.65,5,auto,2.513,-2.249,-1.4746,6.216,2.8,1.4
8.65,6,twowheeler,1.797,20.054,-1.6500,7.560,2.0,0.8
8.65,7,twowheeler,-26.250,4.486,3.2574,4.190,2.0,0.8
8.65,8,twowheeler,-8.458,-4.998,0.5337,6.554,2.0,0.8
8.65,9,pedestrian,-38.000,4.032,-1.5708,1.177,0.5,0.5
8.65,10,pedestrian,-36.879,4.491,-1.5392,1.138,0.5,0.5
8.65,11,pedestrian,8.000,-20.000,-3.1104,0.000,0.5,0.5
8.65,12,bus,-58.000,4.600,0.0000,0.000,11.0,2.6
8.65,13,pedestrian,-51.875,-0.762,-1.6633,1.644,0.5,0.5
8.65,14,pushcart,4.600,-42.000,1.5708,0.000,2.0,1.2
8.65,15,pedestrian,-8.226,8.783,2.3533,0.600,0.5,0.5
8.65,16,pedestrian,9.156,-10.745,-0.3418,0.600,0.5,0.5
8.75,1,car,-18.605,-2.881,3.2064,9.247,4.2,1.8
8.75,2,auto,37.934,-2.601,3.0453,6.209,2.8,1.4
8.75,3,bus,78.958,-2.946,3.1448,8.119,11.0,2.6
8.75,4,car,-3.352,3.502,1.6188,6.715,4.2,1.8
8.75,5,auto,2.573,-2.872,-1.4750,6.242,2.8,1.4
8.75,6,twowheeler,1.756,19.298,-1.6018,7.552,2.0,0.8
8.75,7,twowheeler,-26.663,4.546,2.9955,4.079,2.0,0.8
8.75,8,twowheeler,-7.894,-4.665,0.5337,6.554,2.0,0.8
8.75,9,pedestrian,-38.000,3.915,-1.5708,1.177,0.5,0.5
8.75,10,pedestrian,-36.876,4.377,-1.5392,1.138,0.5,0.5
8.75,11,pedestrian,8.000,-20.000,-3.1104,0.000,0.5,0.5
8.75,12,bus,-58.000,4.600,0.0000,0.000,11.0,2.6
8.75,13,pedestrian,-51.890,-0.926,-1.6633,1.644,0.5,0.5
8.75,14,pushcart,4.600,-42.000,1.5708,0.000,2.0,1.2
8.75,15,pedestrian,-8.234,8.842,1.6052,0.600,0.5,0.5
8.75,16,pedestrian,9.205,-10.780,-0.6878,0.600,0.5,0.5
8.85,1,car,-19.530,-2.941,3.2064,9.247,4.2,1.8
8.85,2,auto,37.316,-2.643,3.2386,6.169,2.8,1.4
8.85,3,bus,78.146,-2.925,3.1356,8.119,11.0,2.6
8.85,4,car,-3.303,4.178,1.4828,6.802,4.2,1.8
8.85,5,auto,2.610,-3.497,-1.4753,6.265,2.8,1.4
8.85,6,twowheeler,1.696,18.543,-1.6501,7.545,2.0,0.8
8.85,7,twowheeler,-27.066,4.606,2.9916,3.967,2.0,0.8
8.85,8,twowheeler,-7.330,-4.331,0.5337,6.554,2.0,0.8
8.85,9,pedestrian,-38.000,3.797,-1.5708,1.177,0.5,0.5
8.85,10,pedestrian,-36.872,4.264,-1.5392,1.138,0.5,0.5
8.85,11,pedestrian,8.000,-20.000,-3.1104,0.000,0.5,0.5
8.85,12,bus,-58.000,4.600,0.0000,0.000,11.0,2.6
8.85,13,pedestrian,-51.905,-1.089,-1.6633,1.644,0.5,0.5
8.85,14,pushcart,4.600,-42.000,1.5708,0.000,2.0,1.2
8.85,15,pedestrian,-8.197,8.888,0.7269,0.600,0.5,0.5
8.85,16,pedestrian,9.261,-10.801,-0.3465,0.600,0.5,0.5
8.95,1,car,-20.454,-2.994,3.1908,9.247,4.2,1.8
8.95,2,auto,36.701,-2.647,3.1989,6.129,2.8,1.4
8.95,3,bus,77.334,-2.881,3.1116,8.119,11.0,2.6
8.95,4,car,-3.288,4.862,1.5030,6.886,4.2,1.8
8.95,5,auto,2.670,-4.125,-1.4757,6.287,2.8,1.4
8.95,6,twowheeler,1.636,17.789,-1.6502,7.538,2.0,0.8
8.95,7,twowheeler,-27.457,4.663,3.0039,3.853,2.0,0.8
8.95,8,twowheeler,-6.765,-3.998,0.5337,6.554,2.0,0.8
8.95,9,pedestrian,-38.000,3.679,-1.5708,1.177,0.5,0.5
8.95,10,pedestrian,-36.869,4.150,-1.5392,1.138,0.5,0.5
8.95,11,pedestrian,8.000,-20.000,-3.1104,0.000,0.5,0.5
8.95,12,bus,-58.000,4.600,0.0000,0.000,11.0,2.6
8.95,13,pedestrian,-51.920,-1.253,-1.6633,1.644,0.5,0.5
8.95,14,pushcart,4.600,-42.000,1.5708,0.000,2.0,1.2
8.95,15,pedestrian,-8.144,8.916,0.4855,0.600,0.5,0.5
8.95,16,pedestrian,9.319,-10.816,-0.3627,0.600,0.5,0.5
9.05,1,car,-21.379,-2.983,3.1374,9.247,4.2,1.8
9.05,2,auto,36.089,-2.707,3.2393,6.119,2.8,1.4
9.05,3,bus,76.522,-2.881,3.1387,8.119,11.0,2.6
9.05,4,car,-3.243,5.555,1.5288,6.966,4.2,1.8
9.05,5,auto,2.730,-4.755,-1.4760,6.307,2.8,1.4
9.05,6,twowheeler,1.576,17.036,-1.6503,7.531,2.0,0.8
9.05,7,twowheeler,-27.836,4.669,3.2075,3.737,2.0,0.8
9.05,8,twowheeler,-6.201,-3.664,0.5337,6.554,2.0,0.8
9.05,9,pedestrian,-38.000,3.561,-1.5708,1.177,0.5,0.5
9.05,10,pedestrian,-36.865,4.036,-1.5392,1.138,0.5,0.5
9.05,11,pedestrian,8.000,-20.000,-3.1104,0.000,0.5,0.5
9.05,12,bus,-58.000,4.600,0.0000,0.000,11.0,2.6
9.05,13,pedestrian,-51.936,-1.417,-1.6633,1.644,0.5,0.5
9.05,14,pushcart,4.600,-42.000,1.5708,0.000,2.0,1.2
9.05,15,pedestrian,-8.104,8.961,0.9755,0.600,0.5,0.5
9.05,16,pedestrian,9.372,-10.843,-0.3873,0.600,0.5,0.5
9.15,1,car,-22.304,-3.043,3.2064,9.247,4.2,1.8
9.15,2,auto,35.476,-2.707,3.0441,6.137,2.8,1.4
9.15,3,bus,75.710,-2.900,3.1688,8.119,11.0,2.6
9.15,4,car,-3.224,6.255,1.4858,7.043,4.2,1.8
9.15,5,auto,2.790,-5.386,-1.4762,6.326,2.8,1.4
9.15,6,twowheeler,1.516,16.282,-1.6500,7.558,2.0,0.8
9.15,7,twowheeler,-28.204,4.703,3.1218,3.618,2.0,0.8
9.15,8,twowheeler,-5.637,-3.331,0.5337,6.554,2.0,0.8
9.15,9,pedestrian,-38.000,3.444,-1.5708,1.177,0.5,0.5
9.15,10,pedestrian,-36.861,3.923,-1.5392,1.138,0.5,0.5
9.15,11,pedestrian,8.000,-20.000,-3.1104,0.000,0.5,0.5
9.15,12,bus,-58.000,4.600,0.0000,0.000,11.0,2.6
9.15,13,pedestrian,-51.951,-1.581,-1.6633,1.644,0.5,0.5
9.15,14,pushcart,4.600,-42.000,1.5708,0.000,2.0,1.2
9.15,15,pedestrian,-8.064,9.005,0.9326,0.600,0.5,0.5
9.15,16,pedestrian,9.421,-10.878,-0.6089,0.600,0.5,0.5
9.25,1,car,-23.228,-3.042,3.2038,9.247,4.2,1.8
9.25,2,auto,34.862,-2.647,3.0444,6.154,2.8,1.4
9.25,3,bus,74.898,-2.907,3.1310,8.119,11.0,2.6
9.25,4,car,-3.213,6.964,1.5282,7.117,4.2,1.8
9.25,5,auto,2.849,-6.020,-1.4765,6.343,2.8,1.4
9.25,6,twowheeler,1.456,15.523,-1.6494,7.616,2.0,0.8
9.25,7,twowheeler,-28.571,4.726,3.1140,3.716,2.0,0.8
9.25,8,twowheeler,-5.073,-2.998,0.5337,6.554,2.0,0.8
9.25,9,pedestrian,-38.000,3.326,-1.5708,1.177,0.5,0.5
9.25,10,pedestrian,-36.858,3.809,-1.5392,1.138,0.5,0.5
9.25,11,pedestrian,8.000,-20.000,-3.1104,0.000,0.5,0.5
9.25,12,bus,-58.000,4.600,0.0000,0.000,11.0,2.6
9.25,13,pedestrian,-51.966,-1.744,-1.6633,1.644,0.5,0.5
9.25,14,pushcart,4.600,-42.000,1.5708,0.000,2.0,1.2
9.25,15,pedestrian,-8.026,9.050,0.7448,0.600,0.5,0.5
9.25,16,pedestrian,9.464,-10.918,-0.5411,0.600,0.5,0.5
9.35,1,car,-24.150,-3.064,3.1906,9.126,4.2,1.8
9.35,2,auto,34.249,-2.587,3.0435,6.095,2.8,1.4
9.35,3,bus,74.086,-2.872,3.1194,8.119,11.0,2.6
9.35,4,car,-3.159,7.679,1.5034,7.188,4.2,1.8
9.35,5,auto,2.909,-6.655,-1.4767,6.358,2.8,1.4
9.35,6,twowheeler,1.443,14.759,-1.5239,7.672,2.0,0.8
9.35,7,twowheeler,-28.947,4.705,3.2372,3.809,2.0,0.8
9.35,8,twowheeler,-4.508,-2.664,0.5337,6.554,2.0,0.8
9.35,9,pedestrian,-38.000,3.208,-1.5708,1.177,0.5,0.5
9.35,10,pedestrian,-36.854,3.695,-1.5392,1.138,0.5,0.5
9.35,11,pedestrian,8.000,-20.000,-3.1104,0.000,0.5,0.5
9.35,12,bus,-58.000,4.600,0.0000,0.000,11.0,2.6
9.35,13,pedestrian,-51.981,-1.908,-1.6633,1.644,0.5,0.5
9.35,14,pushcart,4.600,-42.000,1.5708,0.000,2.0,1.2
9.35,15,pedestrian,-7.978,9.086,0.7404,0.600,0.5,0.5
9.35,16,pedestrian,9.515,-10.949,-0.5286,0.600,0.5,0.5
9.45,1,car,-25.051,-3.004,3.0743,8.897,4.2,1.8
9.45,2,auto,33.643,-2.527,3.0426,6.038,2.8,1.4
9.45,3,bus,73.274,-2.880,3.1716,8.119,11.0,2.6
9.45,4,car,-3.099,8.401,1.4883,7.255,4.2,1.8
9.45,5,auto,2.969,-7.291,-1.4769,6.372,2.8,1.4
9.45,6,twowheeler,1.443,13.989,-1.6483,7.725,2.0,0.8
9.45,7,twowheeler,-29.332,4.713,2.9916,3.897,2.0,0.8
9.45,8,twowheeler,-3.944,-2.331,0.5337,6.554,2.0,0.8
9.45,9,pedestrian,-38.000,3.091,-1.5708,1.177,0.5,0.5
9.45,10,pedestrian,-36.851,3.582,-1.5392,1.138,0.5,0.5
9.45,11,pedestrian,8.000,-20.000,-3.1104,0.000,0.5,0.5
9.45,12,bus,-58.000,4.600,0.0000,0.000,11.0,2.6
9.45,13,pedestrian,-51.996,-2.072,-1.6633,1.644,0.5,0.5
9.45,14,pushcart,4.600,-42.000,1.5708,0.000,2.0,1.2
9.45,15,pedestrian,-7.926,9.117,0.5928,0.600,0.5,0.5
9.45,16,pedestrian,9.571,-10.970,-0.3809,0.600,0.5,0.5
9.55,1,car,-25.930,-3.019,3.2106,8.683,4.2,1.8
9.55,2,auto,33.041,-2.467,3.0416,5.983,2.8,1.4
9.55,3,bus,72.464,-2.890,3.1116,8.085,11.0,2.6
9.55,4,car,-3.124,9.130,1.6045,7.320,4.2,1.8
9.55,5,auto,3.029,-7.929,-1.4771,6.385,2.8,1.4
9.55,6,twowheeler,1.383,13.214,-1.6478,7.776,2.0,0.8
9.55,7,twowheeler,-29.726,4.732,3.1968,3.978,2.0,0.8
9.55,8,twowheeler,-3.380,-1.997,0.5337,6.554,2.0,0.8
9.55,9,pedestrian,-38.000,2.973,-1.5708,1.177,0.5,0.5
9.55,10,pedestrian,-36.847,3.468,-1.5392,1.138,0.5,0.5
9.55,11,pedestrian,8.000,-20.000,-3.1104,0.000,0.5,0.5
9.55,12,bus,-58.000,4.600,0.0000,0.000,11.0,2.6
9.55,13,pedestrian,-52.012,-2.235,-1.6633,1.644,0.5,0.5
9.55,14,pushcart,4.600,-42.000,1.5708,0.000,2.0,1.2
9.55,15,pedestrian,-7.868,9.132,0.3036,0.600,0.5,0.5
9.55,16,pedestrian,9.626,-10.994,-0.5213,0.600,0.5,0.5
9.65,1,car,-26.788,-3.079,3.2122,8.482,4.2,1.8
9.65,2,auto,32.446,-2.407,3.0407,5.928,2.8,1.4
9.65,3,bus,71.657,-2.914,3.1618,8.053,11.0,2.6
9.65,4,car,-3.135,9.865,1.6319,7.381,4.2,1.8
9.65,5,auto,3.029,-8.568,-1.4773,6.397,2.8,1.4
9.65,6,twowheeler,1.384,12.434,-1.4943,7.823,2.0,0.8
9.65,7,twowheeler,-30.128,4.733,3.2843,4.054,2.0,0.8
9.65,8,twowheeler,-2.816,-1.664,0.5337,6.554,2.0,0.8
9.65,9,pedestrian,-38.000,2.855,-1.5708,1.177,0.5,0.5
9.65,10,pedestrian,-36.843,3.354,-1.5392,1.138,0.5,0.5
9.65,11,pedestrian,8.000,-20.000,-3.1104,0.000,0.5,0.5
9.65,12,bus,-58.000,4.600,0.0000,0.000,11.0,2.6
9.65,13,pedestrian,-52.027,-2.399,-1.6633,1.644,0.5,0.5
9.65,14,pushcart,4.600,-42.000,1.5708,0.000,2.0,1.2
9.65,15,pedestrian,-7.815,9.159,0.4438,0.600,0.5,0.5
9.65,16,pedestrian,9.658,-11.043,-1.1786,0.600,0.5,0.5
9.75,1,car,-27.627,-3.019,3.0693,8.290,4.2,1.8
9.75,2,auto,31.856,-2.347,3.0398,5.873,2.8,1.4
9.75,3,bus,70.853,-2.926,3.1716,8.023,11.0,2.6
9.75,4,car,-3.088,10.606,1.4903,7.440,4.2,1.8
9.75,5,auto,3.089,-9.209,-1.4774,6.408,2.8,1.4
9.75,6,twowheeler,1.384,11.649,-1.6469,7.869,2.0,0.8
9.75,7,twowheeler,-30.537,4.734,3.1451,4.124,2.0,0.8
9.75,8,twowheeler,-2.252,-1.330,0.5337,6.554,2.0,0.8
9.75,9,pedestrian,-38.000,2.737,-1.5708,1.177,0.5,0.5
9.75,10,pedestrian,-36.840,3.240,-1.5392,1.138,0.5,0.5
9.75,11,pedestrian,8.000,-20.000,-3.1104,0.000,0.5,0.5
9.75,12,bus,-58.000,4.600,0.0000,0.000,11.0,2.6
9.75,13,pedestrian,-52.042,-2.563,-1.6633,1.644,0.5,0.5
9.75,14,pushcart,4.600,-42.000,1.5708,0.000,2.0,1.2
9.75,15,pedestrian,-7.766,9.193,0.6373,0.600,0.5,0.5
9.75,16,pedestrian,9.660,-11.102,-1.7629,0.600,0.5,0.5
9.85,1,car,-28.446,-3.019,3.2155,8.106,4.2,1.8
9.85,2,auto,31.271,-2.287,3.0388,5.818,2.8,1.4
9.85,3,bus,70.052,-2.893,3.1325,7.995,11.0,2.6
9.85,4,car,-3.135,11.353,1.6166,7.495,4.2,1.8
9.85,5,auto,3.149,-9.850,-1.4776,6.418,2.8,1.4
9.85,6,twowheeler,1.324,10.860,-1.6465,7.912,2.0,0.8
9.85,7,twowheeler,-30.952,4.717,3.2839,4.187,2.0,0.8
9.85,8,twowheeler,-1.687,-0.997,0.5337,6.554,2.0,0.8
9.85,9,pedestrian,-38.000,2.620,-1.5708,1.177,0.5,0.5
9.85,10,pedestrian,-36.836,3.127,-1.5392,1.138,0.5,0.5
9.85,11,pedestrian,8.000,-20.000,-3.1104,0.000,0.5,0.5
9.85,12,bus,-58.000,4.600,0.0000,0.000,11.0,2.6
9.85,13,pedestrian,-52.057,-2.727,-1.6633,1.644,0.5,0.5
9.85,14,pushcart,4.600,-42.000,1.5708,0.000,2.0,1.2
9.85,15,pedestrian,-7.739,9.207,2.6685,0.600,0.5,0.5
9.85,16,pedestrian,9.646,-11.160,-1.8602,0.600,0.5,0.5
9.95,1,car,-29.248,-2.993,3.1509,7.928,4.2,1.8
9.95,2,auto,30.687,-2.227,3.0396,5.860,2.8,1.4
9.95,3,bus,69.254,-2.875,3.1486,7.969,11.0,2.6
9.95,4,car,-3.099,12.105,1.4915,7.548,4.2,1.8
9.95,5,auto,3.209,-10.492,-1.4777,6.427,2.8,1.4
9.95,6,twowheeler,1.264,10.067,-1.6461,7.952,2.0,0.8
9.95,7,twowheeler,-31.374,4.692,3.2820,4.245,2.0,0.8
9.95,8,twowheeler,-1.123,-0.664,0.5337,6.554,2.0,0.8
9.95,9,pedestrian,-38.000,2.502,-1.5708,1.177,0.5,0.5
9.95,10,pedestrian,-36.833,3.013,-1.5392,1.138,0.5,0.5
9.95,11,pedestrian,8.000,-20.000,-3.1104,0.000,0.5,0.5
9.95,12,bus,-58.000,4.600,0.0000,0.000,11.0,2.6
9.95,13,pedestrian,-52.072,-2.890,-1.6633,1.644,0.5,0.5
9.95,14,pushcart,4.600,-42.000,1.5708,0.000,2.0,1.2
9.95,15,pedestrian,-7.799,9.206,3.1907,0.600,0.5,0.5
9.95,16,pedestrian,9.649,-11.220,-1.5317,0.600,0.5,0.5
10.05,1,car,-30.032,-3.044,3.2041,7.755,4.2,1.8
10.05,2,auto,30.099,-2.227,3.2430,5.899,2.8,1.4
10.05,3,bus,68.459,-2.912,3.1716,7.945,11.0,2.6
10.05,4,car,-3.085,12.862,1.5076,7.598,4.2,1.8
10.05,5,auto,3.186,-11.132,-1.6647,6.370,2.8,1.4
10.05,6,twowheeler,1.264,9.270,-1.4958,7.990,2.0,0.8
10.05,7,twowheeler,-31.801,4.656,3.2803,4.297,2.0,0.8
10.05,8,twowheeler,-0.559,-0.330,0.5337,6.554,2.0,0.8
10.05,9,pedestrian,-38.000,2.384,-1.5708,1.177,0.5,0.5
10.05,10,pedestrian,-36.829,2.899,-1.5392,1.138,0.5,0.5
10.05,11,pedestrian,8.000,-20.000,-3.1104,0.000,0.5,0.5
10.05,12,bus,-58.000,4.600,0.0000,0.000,11.0,2.6
10.05,13,pedestrian,-52.087,-3.054,-1.6633,1.644,0.5,0.5
10.05,14,pushcart,4.600,-42.000,1.5708,0.000,2.0,1.2
10.05,15,pedestrian,-7.852,9.178,3.7901,0.600,0.5,0.5
10.05,16,pedestrian,9.643,-11.279,-1.5290,0.600,0.5,0.5
10.15,1,car,-30.799,-3.104,3.2205,7.586,4.2,1.8
10.15,2,auto,29.508,-2.287,3.2424,5.934,2.8,1.4
10.15,3,bus,67.665,-2.922,3.1716,7.922,11.0,2.6
10.15,4,car,-3.101,13.624,1.5362,7.645,4.2,1.8
10.15,5,auto,3.126,-11.770,-1.6645,6.383,2.8,1.4
10.15,6,twowheeler,1.324,8.469,-1.4962,8.027,2.0,0.8
10.15,7,twowheeler,-32.233,4.596,3.2789,4.343,2.0,0.8
10.15,8,twowheeler,0.005,0.003,0.5281,6.554,2.0,0.8
10.15,9,pedestrian,-38.000,2.266,-1.5708,1.177,0.5,0.5
10.15,10,pedestrian,-36.825,2.786,-1.5392,1.138,0.5,0.5
10.15,11,pedestrian,8.000,-20.000,-3.1104,0.000,0.5,0.5
10.15,12,bus,-58.000,4.600,0.0000,0.000,11.0,2.6
10.15,13,pedestrian,-52.103,-3.218,-1.6633,1.644,0.5,0.5
10.15,14,pushcart,4.600,-42.000,1.5708,0.000,2.0,1.2
10.15,15,pedestrian,-7.887,9.130,4.0617,0.600,0.5,0.5
10.15,16,pedestrian,9.643,-11.339,-1.6779,0.600,0.5,0.5
10.25,1,car,-31.549,-3.104,3.2223,7.421,4.2,1.8
10.25,2,auto,28.913,-2.347,3.2418,5.967,2.8,1.4
10.25,3,bus,66.874,-2.912,3.1116,7.902,11.0,2.6
10.25,4,car,-3.107,14.391,1.5063,7.690,4.2,1.8
10.25,5,auto,3.138,-12.409,-1.5669,6.395,2.8,1.4
10.25,6,twowheeler,1.384,7.665,-1.4965,8.061,2.0,0.8
10.25,7,twowheeler,-32.669,4.536,3.2777,4.382,2.0,0.8
10.25,8,twowheeler,0.572,0.333,0.5281,6.554,2.0,0.8
10.25,9,pedestrian,-38.000,2.149,-1.5708,1.177,0.5,0.5
10.25,10,pedestrian,-36.822,2.672,-1.5392,1.138,0.5,0.5
10.25,11,pedestrian,8.000,-20.000,-3.1104,0.000,0.5,0.5
10.25,12,bus,-58.000,4.600,0.0000,0.000,11.0,2.6
10.25,13,pedestrian,-52.118,-3.381,-1.6633,1.644,0.5,0.5
10.25,14,pushcart,4.600,-42.000,1.5708,0.000,2.0,1.2
10.25,15,pedestrian,-7.908,9.074,4.4153,0.600,0.5,0.5
10.25,16,pedestrian,9.626,-11.314,2.1867,0.600,0.5,0.5
10.35,1,car,-32.283,-3.082,3.0591,7.257,4.2,1.8
10.35,2,auto,28.314,-2.407,3.2413,5.998,2.8,1.4
10.35,3,bus,66.085,-2.904,3.1192,7.883,11.0,2.6
10.35,4,car,-3.167,15.162,1.6482,7.733,4.2,1.8
10.35,5,auto,3.198,-13.049,-1.4774,6.406,2.8,1.4
10.35,6,twowheeler,1.395,6.899,-1.4883,7.261,2.0,0.8
10.35,7,twowheeler,-33.109,4.476,3.2766,4.416,2.0,0.8
10.35,8,twowheeler,1.138,0.664,0.5281,6.554,2.0,0.8
10.35,9,pedestrian,-38.000,2.031,-1.5708,1.177,0.5,0.5
10.35,10,pedestrian,-36.818,2.558,-1.5392,1.138,0.5,0.5
10.35,11,pedestrian,8.000,-20.000,-3.1104,0.000,0.5,0.5
10.35,12,bus,-58.000,4.600,0.0000,0.000,11.0,2.6
10.35,13,pedestrian,-52.133,-3.545,-1.6633,1.644,0.5,0.5
10.35,14,pushcart,4.600,-42.000,1.5708,0.000,2.0,1.2
10.35,15,pedestrian,-7.920,9.015,4.4173,0.600,0.5,0.5
10.35,16,pedestrian,9.607,-11.258,1.7549,0.600,0.5,0.5
10.45,1,car,-33.001,-3.043,3.0572,7.094,4.2,1.8
10.45,2,auto,27.713,-2.347,3.0423,6.026,2.8,1.4
10.45,3,bus,65.297,-2.892,3.1689,7.865,11.0,2.6
10.45,4,car,-3.143,15.938,1.4938,7.773,4.2,1.8
10.45,5,auto,3.154,-13.690,-1.6640,6.416,2.8,1.4
10.45,6,twowheeler,1.395,6.212,-1.4782,6.461,2.0,0.8
10.45,7,twowheeler,-33.552,4.476,3.2758,4.445,2.0,0.8
10.45,8,twowheeler,1.704,0.994,0.5281,6.554,2.0,0.8
10.45,9,pedestrian,-38.000,1.913,-1.5708,1.177,0.5,0.5
10.45,10,pedestrian,-36.815,2.445,-1.5392,1.138,0.5,0.5
10.45,11,pedestrian,8.000,-20.000,-3.1104,0.000,0.5,0.5
10.45,12,bus,-58.000,4.600,0.0000,0.000,11.0,2.6
10.45,13,pedestrian,-52.148,-3.709,-1.6633,1.644,0.5,0.5
10.45,14,pushcart,4.600,-42.000,1.5708,0.000,2.0,1.2
10.45,15,pedestrian,-7.970,8.986,3.4111,0.600,0.5,0.5
10.45,16,pedestrian,9.597,-11.199,1.6630,0.600,0.5,0.5
10.55,1,car,-33.702,-2.983,3.0553,6.932,4.2,1.8
10.55,2,auto,27.109,-2.287,3.0428,6.051,2.8,1.4
10.55,3,bus,64.512,-2.911,3.1611,7.849,11.0,2.6
10.55,4,car,-3.109,16.717,1.4941,7.810,4.2,1.8
10.55,5,auto,3.154,-14.332,-1.4777,6.426,2.8,1.4
10.55,6,twowheeler,1.455,5.606,-1.4652,5.661,2.0,0.8
10.55,7,twowheeler,-33.998,4.475,3.0092,4.467,2.0,0.8
10.55,8,twowheeler,2.270,1.324,0.5281,6.554,2.0,0.8
10.55,9,pedestrian,-38.000,1.795,-1.5708,1.177,0.5,0.5
10.55,10,pedestrian,-36.811,2.331,-1.5392,1.138,0.5,0.5
10.55,11,pedestrian,8.000,-20.000,-3.1104,0.000,0.5,0.5
10.55,12,bus,-58.000,4.600,0.0000,0.000,11.0,2.6
10.55,13,pedestrian,-52.163,-3.873,-1.6633,1.644,0.5,0.5
10.55,14,pushcart,4.600,-42.000,1.5708,0.000,2.0,1.2
10.55,15,pedestrian,-8.025,8.963,3.5886,0.600,0.5,0.5
10.55,16,pedestrian,9.600,-11.139,1.4928,0.600,0.5,0.5
10.65,1,car,-34.387,-3.033,3.2010,6.770,4.2,1.8
10.65,2,auto,26.503,-2.227,3.0431,6.075,2.8,1.4
10.65,3,bus,63.728,-2.916,3.1453,7.833,11.0,2.6
10.65,4,car,-3.121,17.500,1.6471,7.846,4.2,1.8
10.65,5,auto,3.192,-14.975,-1.5184,6.434,2.8,1.4
10.65,6,twowheeler,1.395,5.069,-1.6830,5.325,2.0,0.8
10.65,7,twowheeler,-34.446,4.475,3.2746,4.484,2.0,0.8
10.65,8,twowheeler,2.836,1.654,0.5281,6.554,2.0,0.8
10.65,9,pedestrian,-38.000,1.678,-1.5708,1.177,0.5,0.5
10.65,10,pedestrian,-36.808,2.217,-1.5392,1.138,0.5,0.5
10.65,11,pedestrian,8.000,-20.000,-3.1104,0.000,0.5,0.5
10.65,12,bus,-58.000,4.600,0.0000,0.000,11.0,2.6
10.65,13,pedestrian,-52.179,-4.036,-1.6633,1.644,0.5,0.5
10.65,14,pushcart,4.600,-42.000,1.5708,0.000,2.0,1.2
10.65,15,pedestrian,-8.080,8.987,2.8106,0.600,0.5,0.5
10.65,16,pedestrian,9.603,-11.080,1.6432,0.600,0.5,0.5
10.75,1,car,-35.056,-3.063,3.2321,6.608,4.2,1.8
10.75,2,auto,25.894,-2.237,3.2397,6.097,2.8,1.4
10.75,3,bus,62.945,-2.897,3.1300,7.819,11.0,2.6
10.75,4,car,-3.178,18.286,1.6394,7.879,4.2,1.8
10.75,5,auto,3.174,-15.619,-1.5425,6.442,2.8,1.4
10.75,6,twowheeler,1.351,4.530,-1.6804,5.452,2.0,0.8
10.75,7,twowheeler,-34.895,4.453,3.1069,4.496,2.0,0.8
10.75,8,twowheeler,3.402,1.985,0.5281,6.554,2.0,0.8
10.75,9,pedestrian,-38.000,1.560,-1.5708,1.177,0.5,0.5
10.75,10,pedestrian,-36.804,2.104,-1.5392,1.138,0.5,0.5
10.75,11,pedestrian,8.000,-20.000,-3.1104,0.000,0.5,0.5
10.75,12,bus,-58.000,4.600,0.0000,0.000,11.0,2.6
10.75,13,pedestrian,-52.194,-4.200,-1.6633,1.644,0.5,0.5
10.75,14,pushcart,4.600,-42.000,1.5708,0.000,2.0,1.2
10.75,15,pedestrian,-8.128,9.020,2.2908,0.600,0.5,0.5
10.75,16,pedestrian,9.595,-11.020,1.7093,0.600,0.5,0.5
10.85,1,car,-35.709,-3.123,3.2344,6.444,4.2,1.8
10.85,2,auto,25.284,-2.297,3.2394,6.117,2.8,1.4
10.85,3,bus,62.164,-2.910,3.1716,7.806,11.0,2.6
10.85,4,car,-3.159,19.075,1.5629,7.911,4.2,1.8
10.85,5,auto,3.213,-16.263,-1.4780,6.449,2.8,1.4
10.85,6,twowheeler,1.350,3.978,-1.6780,5.577,2.0,0.8
10.85,7,twowheeler,-35.345,4.393,3.2741,4.502,2.0,0.8
10.85,8,twowheeler,3.968,2.315,0.5281,6.554,2.0,0.8
10.85,9,pedestrian,-38.000,1.442,-1.5708,1.177,0.5,0.5
10.85,10,pedestrian,-36.800,1.990,-1.5392,1.138,0.5,0.5
10.85,11,pedestrian,8.000,-20.000,-3.1104,0.000,0.5,0.5
10.85,12,bus,-58.000,4.600,0.0000,0.000,11.0,2.6
10.85,13,pedestrian,-52.209,-4.364,-1.6633,1.644,0.5,0.5
10.85,14,pushcart,4.600,-42.000,1.5708,0.000,2.0,1.2
10.85,15,pedestrian,-8.115,9.077,1.0947,0.600,0.5,0.5
10.85,16,pedestrian,9.580,-10.962,1.9011,0.600,0.5,0.5
10.95,1,car,-36.348,-3.159,3.1608,6.420,4.2,1.8
10.95,2,auto,24.671,-2.357,3.2391,6.135,2.8,1.4
10.95,3,bus,61.384,-2.863,3.1116,7.794,11.0,2.6
10.95,4,car,-3.219,19.868,1.6462,7.941,4.2,1.8
10.95,5,auto,3.215,-16.903,-1.6575,6.352,2.8,1.4
10.95,6,twowheeler,1.350,3.414,-1.6757,5.700,2.0,0.8
10.95,7,twowheeler,-35.795,4.396,3.2619,4.504,2.0,0.8
10.95,8,twowheeler,4.534,2.645,0.5281,6.554,2.0,0.8
10.95,9,pedestrian,-38.000,1.325,-1.5708,1.177,0.5,0.5
10.95,10,pedestrian,-36.797,1.876,-1.5392,1.138,0.5,0.5
10.95,11,pedestrian,8.000,-20.000,-3.1104,0.000,0.5,0.5
10.95,12,bus,-58.000,4.600,0.0000,0.000,11.0,2.6
10.95,13,pedestrian,-52.224,-4.527,-1.6633,1.644,0.5,0.5
10.95,14,pushcart,4.600,-42.000,1.5708,0.000,2.0,1.2
10.95,15,pedestrian,-8.069,9.114,0.8200,0.600,0.5,0.5
10.95,16,pedestrian,9.558,-10.907,1.8509,0.600,0.5,0.5
11.05,1,car,-36.996,-3.099,3.0500,6.535,4.2,1.8
11.05,2,auto,24.057,-2.417,3.2388,6.152,2.8,1.4
11.05,3,bus,60.605,-2.862,3.1227,7.782,11.0,2.6
11.05,4,car,-3.261,20.663,1.6460,7.969,4.2,1.8
11.05,5,auto,3.275,-17.534,-1.4753,6.262,2.8,1.4
11.05,6,twowheeler,1.350,2.838,-1.6211,5.820,2.0,0.8
11.05,7,twowheeler,-36.245,4.343,3.2741,4.500,2.0,0.8
11.05,8,twowheeler,5.100,2.975,0.5281,6.554,2.0,0.8
11.05,9,pedestrian,-38.000,1.207,-1.5708,1.177,0.5,0.5
11.05,10,pedestrian,-36.793,1.762,-1.5392,1.138,0.5,0.5
11.05,11,pedestrian,8.000,-20.000,-3.1104,0.000,0.5,0.5
11.05,12,bus,-58.000,4.600,0.0000,0.000,11.0,2.6
11.05,13,pedestrian,-52.239,-4.691,-1.6633,1.644,0.5,0.5
11.05,14,pushcart,4.600,-42.000,1.5708,0.000,2.0,1.2
11.05,15,pedestrian,-8.015,9.141,0.4220,0.600,0.5,0.5
11.05,16,pedestrian,9.550,-10.847,1.6991,0.600,0.5,0.5
11.15,1,car,-37.655,-3.039,3.0516,6.647,4.2,1.8
11.15,2,auto,23.441,-2.477,3.2386,6.167,2.8,1.4
11.15,3,bus,59.827,-2.863,3.1517,7.771,11.0,2.6
11.15,4,car,-3.239,21.462,1.5785,7.995,4.2,1.8
11.15,5,auto,3.335,-18.156,-1.4740,6.178,2.8,1.4
11.15,6,twowheeler,1.382,2.251,-1.5633,5.937,2.0,0.8
11.15,7,twowheeler,-36.695,4.283,3.2744,4.491,2.0,0.8
11.15,8,twowheeler,5.667,3.306,0.5281,6.554,2.0,0.8
11.15,9,pedestrian,-38.000,1.089,-1.5708,1.177,0.5,0.5
11.15,10,pedestrian,-36.790,1.649,-1.5392,1.138,0.5,0.5
11.15,11,pedestrian,8.000,-20.000,-3.1104,0.000,0.5,0.5
11.15,12,bus,-58.000,4.600,0.0000,0.000,11.0,2.6
11.15,13,pedestrian,-52.255,-4.855,-1.6633,1.644,0.5,0.5
11.15,14,pushcart,4.600,-42.000,1.5708,0.000,2.0,1.2
11.15,15,pedestrian,-7.962,9.122,-0.6669,0.600,0.5,0.5
11.15,16,pedestrian,9.541,-10.788,1.7485,0.600,0.5,0.5
11.25,1,car,-38.325,-3.051,3.1477,6.756,4.2,1.8
11.25,2,auto,22.824,-2.518,3.1772,6.181,2.8,1.4
11.25,3,bus,59.051,-2.858,3.1116,7.761,11.0,2.6
11.25,4,car,-3.179,22.262,1.4961,8.019,4.2,1.8
11.25,5,auto,3.377,-18.770,-1.5303,6.097,2.8,1.4
11.25,6,twowheeler,1.382,1.651,-1.4720,6.052,2.0,0.8
11.25,7,twowheeler,-37.143,4.283,3.0084,4.477,2.0,0.8
11.25,8,twowheeler,6.233,3.636,0.5281,6.554,2.0,0.8
11.25,9,pedestrian,-38.000,0.971,-1.5708,1.177,0.5,0.5
11.25,10,pedestrian,-36.786,1.535,-1.5392,1.138,0.5,0.5
11.25,11,pedestrian,8.000,-20.000,-3.1104,0.000,0.5,0.5
11.25,12,bus,-58.000,4.600,0.0000,0.000,11.0,2.6
11.25,13,pedestrian,-52.270,-5.019,-1.6633,1.644,0.5,0.5
11.25,14,pushcart,4.600,-42.000,1.5708,0.000,2.0,1.2
11.25,15,pedestrian,-7.918,9.081,-0.7248,0.600,0.5,0.5
11.25,16,pedestrian,9.536,-10.728,1.7413,0.600,0.5,0.5
11.35,1,car,-39.006,-2.991,3.0544,6.863,4.2,1.8
11.35,2,auto,22.205,-2.465,3.0669,6.194,2.8,1.4
11.35,3,bus,58.275,-2.898,3.1679,7.751,11.0,2.6
11.35,4,car,-3.191,23.065,1.6087,8.042,4.2,1.8
11.35,5,auto,3.317,-19.376,-1.6701,6.020,2.8,1.4
11.35,6,twowheeler,1.442,1.040,-1.4738,6.164,2.0,0.8
11.35,7,twowheeler,-37.590,4.343,3.0078,4.459,2.0,0.8
11.35,8,twowheeler,6.799,3.966,0.5281,6.554,2.0,0.8
11.35,9,pedestrian,-38.000,0.854,-1.5708,1.177,0.5,0.5
11.35,10,pedestrian,-36.782,1.421,-1.5392,1.138,0.5,0.5
11.35,11,pedestrian,8.000,-20.000,-3.1104,0.000,0.5,0.5
11.35,12,bus,-58.000,4.600,0.0000,0.000,11.0,2.6
11.35,13,pedestrian,-52.285,-5.182,-1.6633,1.644,0.5,0.5
11.35,14,pushcart,4.600,-42.000,1.5708,0.000,2.0,1.2
11.35,15,pedestrian,-7.875,9.039,-0.7621,0.600,0.5,0.5
11.35,16,pedestrian,9.531,-10.669,1.6658,0.600,0.5,0.5
11.45,1,car,-39.698,-2.938,3.0750,6.966,4.2,1.8
11.45,2,auto,21.585,-2.418,3.0862,6.205,2.8,1.4
11.45,3,bus,57.501,-2.886,3.1460,7.742,11.0,2.6
11.45,4,car,-3.169,23.871,1.5603,8.064,4.2,1.8
11.45,5,auto,3.342,-19.974,-1.5547,5.946,2.8,1.4
11.45,6,twowheeler,1.382,0.418,-1.6662,6.273,2.0,0.8
11.45,7,twowheeler,-38.035,4.348,3.0580,4.435,2.0,0.8
11.45,8,twowheeler,7.365,4.296,0.5281,6.554,2.0,0.8
11.45,9,pedestrian,-38.000,0.736,-1.5708,1.177,0.5,0.5
11.45,10,pedestrian,-36.779,1.308,-1.5392,1.138,0.5,0.5
11.45,11,pedestrian,8.000,-20.000,-3.1104,0.000,0.5,0.5
11.45,12,bus,-58.000,4.600,0.0000,0.000,11.0,2.6
11.45,13,pedestrian,-52.300,-5.346,-1.6633,1.644,0.5,0.5
11.45,14,pushcart,4.600,-42.000,1.5708,0.000,2.0,1.2
11.45,15,pedestrian,-7.901,9.053,2.6527,0.600,0.5,0.5
11.45,16,pedestrian,9.518,-10.610,1.7684,0.600,0.5,0.5
11.55,1,car,-40.400,-2.977,3.1670,7.067,4.2,1.8
11.55,2,auto,20.964,-2.417,3.2374,6.216,2.8,1.4
11.55,3,bus,56.727,-2.853,3.1116,7.733,11.0,2.6
11.55,4,car,-3.136,24.678,1.4967,8.084,4.2,1.8
11.55,5,auto,3.326,-20.565,-1.6726,5.874,2.8,1.4
11.55,6,twowheeler,1.382,-0.214,-1.4770,6.379,2.0,0.8
11.55,7,twowheeler,-38.477,4.378,3.1409,4.407,2.0,0.8
11.55,8,twowheeler,7.931,4.626,0.5281,6.554,2.0,0.8
11.55,9,pedestrian,-38.000,0.618,-1.5708,1.177,0.5,0.5
11.55,10,pedestrian,-36.775,1.194,-1.5392,1.138,0.5,0.5
11.55,11,pedestrian,8.000,-20.000,-3.1104,0.000,0.5,0.5
11.55,12,bus,-58.000,4.600,0.0000,0.000,11.0,2.6
11.55,13,pedestrian,-52.315,-5.510,-1.6633,1.644,0.5,0.5
11.55,14,pushcart,4.600,-42.000,1.5708,0.000,2.0,1.2
11.55,15,pedestrian,-7.945,9.094,2.3285,0.600,0.5,0.5
11.55,16,pedestrian,9.507,-10.552,1.9414,0.600,0.5,0.5
11.65,1,car,-41.111,-3.037,3.2251,7.165,4.2,1.8
11.65,2,auto,20.342,-2.357,3.0455,6.226,2.8,1.4
11.65,3,bus,55.954,-2.825,3.1192,7.725,11.0,2.6
11.65,4,car,-3.077,25.488,1.4972,8.103,4.2,1.8
11.65,5,auto,3.386,-21.149,-1.4678,5.804,2.8,1.4
11.65,6,twowheeler,1.442,-0.857,-1.4785,6.483,2.0,0.8
11.65,7,twowheeler,-38.916,4.318,3.2779,4.375,2.0,0.8
11.65,8,twowheeler,8.497,4.957,0.5281,6.554,2.0,0.8
11.65,9,pedestrian,-38.000,0.500,-1.5708,1.177,0.5,0.5
11.65,10,pedestrian,-36.772,1.080,-1.5392,1.138,0.5,0.5
11.65,11,pedestrian,8.000,-20.000,-3.1104,0.000,0.5,0.5
11.65,12,bus,-58.000,4.600,0.0000,0.000,11.0,2.6
11.65,13,pedestrian,-52.331,-5.674,-1.6633,1.644,0.5,0.5
11.65,14,pushcart,4.600,-42.000,1.5708,0.000,2.0,1.2
11.65,15,pedestrian,-7.975,9.144,2.3441,0.600,0.5,0.5
11.65,16,pedestrian,9.482,-10.498,1.8567,0.600,0.5,0.5
11.75,1,car,-41.833,-3.035,3.0591,7.261,4.2,1.8
11.75,2,auto,19.721,-2.297,3.0439,6.125,2.8,1.4
11.75,3,bus,55.182,-2.834,3.1716,7.716,11.0,2.6
11.75,4,car,-3.137,26.299,1.6445,8.121,4.2,1.8
11.75,5,auto,3.409,-21.726,-1.4665,5.734,2.8,1.4
11.75,6,twowheeler,1.502,-1.511,-1.4799,6.583,2.0,0.8
11.75,7,twowheeler,-39.352,4.342,3.0041,4.337,2.0,0.8
11.75,8,twowheeler,9.063,5.287,0.5281,6.554,2.0,0.8
11.75,9,pedestrian,-38.000,0.383,-1.5708,1.177,0.5,0.5
11.75,10,pedestrian,-36.768,0.967,-1.5392,1.138,0.5,0.5
11.75,11,pedestrian,8.000,-20.000,-3.1104,0.000,0.5,0.5
11.75,12,bus,-58.000,4.600,0.0000,0.000,11.0,2.6
11.75,13,pedestrian,-52.346,-5.837,-1.6633,1.644,0.5,0.5
11.75,14,pushcart,4.600,-42.000,1.5708,0.000,2.0,1.2
11.75,15,pedestrian,-7.992,9.201,1.7873,0.600,0.5,0.5
11.75,16,pedestrian,9.464,-10.474,2.2147,0.000,0.5,0.5
11.85,1,car,-42.563,-3.041,3.0771,7.353,4.2,1.8
11.85,2,auto,19.119,-2.237,3.0408,5.930,2.8,1.4
11.85,3,bus,54.411,-2.890,3.1716,7.706,11.0,2.6
11.85,4,car,-3.197,27.112,1.6444,8.138,4.2,1.8
11.85,5,auto,3.469,-22.296,-1.4653,5.664,2.8,1.4
11.85,6,twowheeler,1.562,-2.174,-1.4812,6.680,2.0,0.8
11.85,7,twowheeler,-39.783,4.331,3.0618,4.295,2.0,0.8
11.85,8,twowheeler,9.629,5.617,0.5281,6.554,2.0,0.8
11.85,9,pedestrian,-38.000,0.265,-1.5708,1.177,0.5,0.5
11.85,10,pedestrian,-36.764,0.853,-1.5392,1.138,0.5,0.5
11.85,11,pedestrian,8.000,-20.000,-3.1104,0.000,0.5,0.5
11.85,12,bus,-58.000,4.600,0.0000,0.000,11.0,2.6
11.85,13,pedestrian,-52.361,-6.001,-1.6633,1.644,0.5,0.5
11.85,14,pushcart,4.600,-42.000,1.5708,0.000,2.0,1.2
11.85,15,pedestrian,-8.011,9.258,1.7269,0.600,0.5,0.5
11.85,16,pedestrian,9.464,-10.474,2.2147,0.000,0.5,0.5
11.95,1,car,-43.303,-3.101,3.2220,7.442,4.2,1.8
11.95,2,auto,18.535,-2.201,3.1166,5.750,2.8,1.4
11.95,3,bus,53.641,-2.950,3.1716,7.695,11.0,2.6
11.95,4,car,-3.228,27.926,1.6443,8.153,4.2,1.8
11.95,5,auto,3.529,-22.859,-1.4640,5.595,2.8,1.4
11.95,6,twowheeler,1.622,-2.847,-1.4824,6.774,2.0,0.8
11.95,7,twowheeler,-40.210,4.357,3.1611,4.247,2.0,0.8
11.95,8,twowheeler,10.195,5.947,0.5281,6.554,2.0,0.8
11.95,9,pedestrian,-38.000,0.147,-1.5708,1.177,0.5,0.5
11.95,10,pedestrian,-36.761,0.739,-1.5392,1.138,0.5,0.5
11.95,11,pedestrian,8.000,-20.000,-3.1104,0.000,0.5,0.5
11.95,12,bus,-58.000,4.600,0.0000,0.000,11.0,2.6
11.95,13,pedestrian,-52.376,-6.165,-1.6633,1.644,0.5,0.5
11.95,14,pushcart,4.600,-42.000,1.5708,0.000,2.0,1.2
11.95,15,pedestrian,-8.023,9.316,1.7572,0.600,0.5,0.5
11.95,16,pedestrian,9.464,-10.474,2.2147,0.000,0.5,0.5
12.05,1,car,-44.052,-3.153,3.1999,7.528,4.2,1.8
12.05,2,auto,17.968,-2.204,3.0434,5.582,2.8,1.4
12.05,3,bus,52.872,-2.991,3.1716,7.682,11.0,2.6
12.05,4,car,-3.261,28.742,1.6299,8.168,4.2,1.8
12.05,5,auto,3.589,-23.415,-1.4626,5.525,2.8,1.4
12.05,6,twowheeler,1.682,-3.528,-1.4836,6.864,2.0,0.8
12.05,7,twowheeler,-40.632,4.356,3.0546,4.195,2.0,0.8
12.05,8,twowheeler,10.762,6.278,0.5281,6.554,2.0,0.8
12.05,9,pedestrian,-38.000,0.029,-1.5708,1.177,0.5,0.5
12.05,10,pedestrian,-36.757,0.625,-1.5392,1.138,0.5,0.5
12.05,11,pedestrian,8.000,-20.000,-3.1104,0.000,0.5,0.5
12.05,12,bus,-58.000,4.600,0.0000,0.000,11.0,2.6
12.05,13,pedestrian,-52.391,-6.328,-1.6633,1.644,0.5,0.5
12.05,14,pushcart,4.600,-42.000,1.5708,0.000,2.0,1.2
12.05,15,pedestrian,-8.028,9.376,1.6682,0.600,0.5,0.5
12.05,16,pedestrian,9.464,-10.474,2.2147,0.000,0.5,0.5
12.15,1,car,-44.809,-3.190,3.1613,7.612,4.2,1.8
12.15,2,auto,17.407,-2.264,3.2476,5.640,2.8,1.4
12.15,3,bus,52.104,-2.995,3.1574,7.670,11.0,2.6
12.15,4,car,-3.318,29.560,1.6440,8.181,4.2,1.8
12.15,5,auto,3.622,-23.963,-1.5601,5.454,2.8,1.4
12.15,6,twowheeler,1.742,-4.219,-1.4847,6.952,2.0,0.8
12.15,7,twowheeler,-41.049,4.416,2.9976,4.138,2.0,0.8
12.15,8,twowheeler,11.328,6.608,0.5281,6.554,2.0,0.8
12.15,9,pedestrian,-38.000,-0.088,-1.5708,1.177,0.5,0.5
12.15,10,pedestrian,-36.754,0.512,-1.5392,1.138,0.5,0.5
12.15,11,pedestrian,8.000,-20.000,-3.1104,0.000,0.5,0.5
12.15,12,bus,-58.000,4.600,0.0000,0.000,11.0,2.6
12.15,13,pedestrian,-52.406,-6.492,-1.6633,1.644,0.5,0.5
12.15,14,pushcart,4.600,-42.000,1.5708,0.000,2.0,1.2
12.15,15,pedestrian,-8.044,9.434,1.8523,0.600,0.5,0.5
12.15,16,pedestrian,9.464,-10.474,2.2147,0.000,0.5,0.5
12.25,1,car,-45.574,-3.180,3.0637,7.692,4.2,1.8
12.25,2,auto,16.841,-2.324,3.2466,5.694,2.8,1.4
12.25,3,bus,51.338,-3.023,3.1716,7.659,11.0,2.6
12.25,4,car,-3.318,30.378,1.4977,8.194,4.2,1.8
12.25,5,auto,3.646,-24.505,-1.5927,5.382,2.8,1.4
12.25,6,twowheeler,1.802,-4.919,-1.4857,7.036,2.0,0.8
12.25,7,twowheeler,-41.460,4.476,2.9955,4.076,2.0,0.8
12.25,8,twowheeler,11.894,6.938,0.5281,6.554,2.0,0.8
12.25,9,pedestrian,-38.000,-0.206,-1.5708,1.177,0.5,0.5
12.25,10,pedestrian,-36.750,0.398,-1.5392,1.138,0.5,0.5
12.25,11,pedestrian,8.000,-20.000,-3.1104,0.000,0.5,0.5
12.25,12,bus,-58.000,4.600,0.0000,0.000,11.0,2.6
12.25,13,pedestrian,-52.422,-6.656,-1.6633,1.644,0.5,0.5
12.25,14,pushcart,4.600,-42.000,1.5708,0.000,2.0,1.2
12.25,15,pedestrian,-8.053,9.490,1.4166,0.600,0.5,0.5
12.25,16,pedestrian,9.464,-10.474,2.2147,0.000,0.5,0.5
12.35,1,car,-46.347,-3.197,3.2154,7.770,4.2,1.8
12.35,2,auto,16.269,-2.384,3.2457,5.744,2.8,1.4
12.35,3,bus,50.572,-3.023,3.1568,7.648,11.0,2.6
12.35,4,car,-3.258,31.198,1.4978,8.206,4.2,1.8
12.35,5,auto,3.586,-25.040,-1.6834,5.308,2.8,1.4
12.35,6,twowheeler,1.862,-5.626,-1.4867,7.117,2.0,0.8
12.35,7,twowheeler,-41.864,4.473,3.2901,4.010,2.0,0.8
12.35,8,twowheeler,12.460,7.268,0.5281,6.554,2.0,0.8
12.35,9,pedestrian,-38.000,-0.324,-1.5708,1.177,0.5,0.5
12.35,10,pedestrian,-36.746,0.284,-1.5392,1.138,0.5,0.5
12.35,11,pedestrian,8.000,-20.000,-3.1104,0.000,0.5,0.5
12.35,12,bus,-58.000,4.600,0.0000,0.000,11.0,2.6
12.35,13,pedestrian,-52.437,-6.820,-1.6633,1.644,0.5,0.5
12.35,14,pushcart,4.600,-42.000,1.5708,0.000,2.0,1.2
12.35,15,pedestrian,-8.045,9.550,1.4538,0.600,0.5,0.5
12.35,16,pedestrian,9.464,-10.474,2.2147,0.000,0.5,0.5
12.45,1,car,-47.128,-3.173,3.0653,7.844,4.2,1.8
12.45,2,auto,15.692,-2.444,3.2448,5.791,2.8,1.4
12.45,3,bus,49.808,-3.038,3.1716,7.638,11.0,2.6
12.45,4,car,-3.198,32.020,1.4979,8.217,4.2,1.8
12.45,5,auto,3.526,-25.567,-1.6850,5.232,2.8,1.4
12.45,6,twowheeler,1.922,-6.342,-1.4876,7.195,2.0,0.8
12.45,7,twowheeler,-42.262,4.425,3.2916,3.938,2.0,0.8
12.45,8,twowheeler,13.026,7.599,0.5281,6.554,2.0,0.8
12.45,9,pedestrian,-38.000,-0.442,-1.5708,1.177,0.5,0.5
12.45,10,pedestrian,-36.743,0.171,-1.5392,1.138,0.5,0.5
12.45,11,pedestrian,8.000,-20.000,-3.1104,0.000,0.5,0.5
12.45,12,bus,-58.000,4.600,0.0000,0.000,11.0,2.6
12.45,13,pedestrian,-52.452,-6.983,-1.6633,1.644,0.5,0.5
12.45,14,pushcart,4.600,-42.000,1.5708,0.000,2.0,1.2
12.45,15,pedestrian,-8.042,9.610,1.5334,0.600,0.5,0.5
12.45,16,pedestrian,9.464,-10.474,2.2147,0.000,0.5,0.5
12.55,1,car,-47.916,-3.113,3.0659,7.916,4.2,1.8
12.55,2,auto,15.110,-2.504,3.2441,5.835,2.8,1.4
12.55,3,bus,49.045,-3.069,3.1453,7.629,11.0,2.6
12.55,4,car,-3.138,32.842,1.4980,8.227,4.2,1.8
12.55,5,auto,3.466,-26.086,-1.6867,5.154,2.8,1.4
12.55,6,twowheeler,1.982,-7.065,-1.4885,7.270,2.0,0.8
12.55,7,twowheeler,-42.652,4.365,3.2916,3.861,2.0,0.8
12.55,8,twowheeler,13.592,7.929,0.5281,6.554,2.0,0.8
12.55,9,pedestrian,-38.000,-0.559,-1.5708,1.177,0.5,0.5
12.55,10,pedestrian,-36.739,0.057,-1.5392,1.138,0.5,0.5
12.55,11,pedestrian,8.000,-20.000,-3.1104,0.000,0.5,0.5
12.55,12,bus,-58.000,4.600,0.0000,0.000,11.0,2.6
12.55,13,pedestrian,-52.467,-7.147,-1.6633,1.644,0.5,0.5
12.55,14,pushcart,4.600,-42.000,1.5708,0.000,2.0,1.2
12.55,15,pedestrian,-8.040,9.669,1.7042,0.600,0.5,0.5
12.55,16,pedestrian,9.464,-10.474,2.2147,0.000,0.5,0.5
12.65,1,car,-48.711,-3.053,3.0666,7.984,4.2,1.8
12.65,2,auto,14.525,-2.477,3.1542,5.875,2.8,1.4
12.65,3,bus,48.282,-3.009,3.1116,7.621,11.0,2.6
12.65,4,car,-3.078,33.665,1.4981,8.237,4.2,1.8
12.65,5,auto,3.406,-26.598,-1.6885,5.074,2.8,1.4
12.65,6,twowheeler,2.042,-7.796,-1.4893,7.342,2.0,0.8
12.65,7,twowheeler,-43.034,4.390,2.9916,3.779,2.0,0.8
12.65,8,twowheeler,14.158,8.259,0.5281,6.554,2.0,0.8
12.65,9,pedestrian,-38.000,-0.677,-1.5708,1.177,0.5,0.5
12.65,10,pedestrian,-36.736,-0.057,-1.5392,1.138,0.5,0.5
12.65,11,pedestrian,8.000,-20.000,-3.1104,0.000,0.5,0.5
12.65,12,bus,-58.000,4.600,0.0000,0.000,11.0,2.6
12.65,13,pedestrian,-52.482,-7.311,-1.6633,1.644,0.5,0.5
12.65,14,pushcart,4.600,-42.000,1.5708,0.000,2.0,1.2
12.65,15,pedestrian,-8.047,9.728,1.7583,0.600,0.5,0.5
12.65,16,pedestrian,9.464,-10.474,2.2147,0.000,0.5,0.5
12.75,1,car,-49.512,-3.042,3.1176,8.050,4.2,1.8
12.75,2,auto,13.936,-2.482,3.2427,5.913,2.8,1.4
12.75,3,bus,47.520,-2.983,3.1116,7.613,11.0,2.6
12.75,4,car,-3.018,34.489,1.4982,8.246,4.2,1.8
12.75,5,auto,3.346,-27.101,-1.6905,4.990,2.8,1.4
12.75,6,twowheeler,2.102,-8.534,-1.4900,7.410,2.0,0.8
12.75,7,twowheeler,-43.407,4.442,3.0263,3.691,2.0,0.8
12.75,8,twowheeler,14.724,8.589,0.5281,6.554,2.0,0.8
12.75,9,pedestrian,-38.000,-0.795,-1.5708,1.177,0.5,0.5
12.75,10,pedestrian,-36.732,-0.170,-1.5392,1.138,0.5,0.5
12.75,11,pedestrian,8.000,-20.000,-3.1104,0.000,0.5,0.5
12.75,12,bus,-58.000,4.600,0.0000,0.000,11.0,2.6
12.75,13,pedestrian,-52.498,-7.474,-1.6633,1.644,0.5,0.5
12.75,14,pushcart,4.600,-42.000,1.5708,0.000,2.0,1.2
12.75,15,pedestrian,-8.048,9.788,1.4404,0.600,0.5,0.5
12.75,16,pedestrian,9.464,-10.474,2.2147,0.000,0.5,0.5
12.85,1,car,-50.321,-2.991,3.0726,8.113,4.2,1.8
12.85,2,auto,13.342,-2.542,3.2421,5.947,2.8,1.4
12.85,3,bus,46.759,-2.998,3.1705,7.606,11.0,2.6
12.85,4,car,-2.958,35.314,1.4982,8.254,4.2,1.8
12.85,5,auto,3.286,-27.595,-1.6926,4.904,2.8,1.4
12.85,6,twowheeler,2.162,-9.276,-1.4900,7.408,2.0,0.8
12.85,7,twowheeler,-43.772,4.472,2.9916,3.599,2.0,0.8
12.85,8,twowheeler,15.291,8.919,0.5281,6.554,2.0,0.8
12.85,9,pedestrian,-38.000,-0.912,-1.5708,1.177,0.5,0.5
12.85,10,pedestrian,-36.728,-0.284,-1.5392,1.138,0.5,0.5
12.85,11,pedestrian,8.000,-20.000,-3.1104,0.000,0.5,0.5
12.85,12,bus,-58.000,4.600,0.0000,0.000,11.0,2.6
12.85,13,pedestrian,-52.500,-7.500,-1.6633,0.000,0.5,0.5
12.85,14,pushcart,4.600,-42.000,1.5708,0.000,2.0,1.2
12.85,15,pedestrian,-8.011,9.833,0.7243,0.600,0.5,0.5
12.85,16,pedestrian,9.464,-10.474,2.2147,0.000,0.5,0.5
12.95,1,car,-51.135,-2.980,3.1268,8.174,4.2,1.8
12.95,2,auto,12.746,-2.602,3.2416,5.979,2.8,1.4
12.95,3,bus,45.999,-3.041,3.1716,7.599,11.0,2.6
12.95,4,car,-2.900,36.140,1.4983,8.262,4.2,1.8
12.95,5,auto,3.226,-28.081,-1.6948,4.814,2.8,1.4
12.95,6,twowheeler,2.222,-10.014,-1.4892,7.338,2.0,0.8
12.95,7,twowheeler,-44.127,4.426,3.2916,3.502,2.0,0.8
12.95,8,twowheeler,15.857,9.250,0.5281,6.554,2.0,0.8
12.95,9,pedestrian,-38.000,-1.030,-1.5708,1.177,0.5,0.5
12.95,10,pedestrian,-36.725,-0.398,-1.5392,1.138,0.5,0.5
12.95,11,pedestrian,8.000,-20.000,-3.1104,0.000,0.5,0.5
12.95,12,bus,-58.000,4.600,0.0000,0.000,11.0,2.6
12.95,13,pedestrian,-52.500,-7.500,-1.6633,0.000,0.5,0.5
12.95,14,pushcart,4.600,-42.000,1.5708,0.000,2.0,1.2
12.95,15,pedestrian,-7.971,9.878,0.9830,0.600,0.5,0.5
12.95,16,pedestrian,9.448,-10.449,2.1359,0.600,0.5,0.5
13.05,1,car,-51.955,-2.920,3.0688,8.232,4.2,1.8
13.05,2,auto,12.147,-2.662,3.2411,6.009,2.8,1.4
13.05,3,bus,45.240,-3.017,3.1116,7.592,11.0,2.6
13.05,4,car,-2.848,36.966,1.5110,8.269,4.2,1.8
13.05,5,auto,3.216,-28.561,-1.4884,4.821,2.8,1.4
13.05,6,twowheeler,2.282,-10.744,-1.4885,7.271,2.0,0.8
13.05,7,twowheeler,-44.472,4.438,2.9916,3.400,2.0,0.8
13.05,8,twowheeler,16.423,9.580,0.5281,6.554,2.0,0.8
13.05,9,pedestrian,-38.000,-1.148,-1.5708,1.177,0.5,0.5
13.05,10,pedestrian,-36.721,-0.512,-1.5392,1.138,0.5,0.5
13.05,11,pedestrian,8.000,-20.000,-3.1104,0.000,0.5,0.5
13.05,12,bus,-58.000,4.600,0.0000,0.000,11.0,2.6
13.05,13,pedestrian,-52.500,-7.500,-1.6633,0.000,0.5,0.5
13.05,14,pushcart,4.600,-42.000,1.5708,0.000,2.0,1.2
13.05,15,pedestrian,-7.948,9.933,1.1425,0.600,0.5,0.5
13.05,16,pedestrian,9.398,-10.416,2.4821,0.600,0.5,0.5
13.15,1,car,-52.781,-2.933,3.1715,8.287,4.2,1.8
13.15,2,auto,11.544,-2.602,3.0425,6.036,2.8,1.4
13.15,3,bus,44.481,-2.976,3.1116,7.586,11.0,2.6
13.15,4,car,-2.802,37.794,1.4984,8.276,4.2,1.8
13.15,5,auto,3.158,-29.040,-1.6846,4.819,2.8,1.4
13.15,6,twowheeler,2.222,-11.468,-1.6539,7.205,2.0,0.8
13.15,7,twowheeler,-44.806,4.486,2.9916,3.293,2.0,0.8
13.15,8,twowheeler,16.989,9.910,0.5281,6.554,2.0,0.8
13.15,9,pedestrian,-38.000,-1.266,-1.5708,1.177,0.5,0.5
13.15,10,pedestrian,-36.718,-0.625,-1.5392,1.138,0.5,0.5
13.15,11,pedestrian,8.000,-20.000,-3.1104,0.000,0.5,0.5
13.15,12,bus,-58.000,4.600,0.0000,0.000,11.0,2.6
13.15,13,pedestrian,-52.500,-7.500,-1.6633,0.000,0.5,0.5
13.15,14,pushcart,4.600,-42.000,1.5708,0.000,2.0,1.2
13.15,15,pedestrian,-7.917,9.984,0.9196,0.600,0.5,0.5
13.15,16,pedestrian,9.374,-10.362,1.8210,0.600,0.5,0.5
13.25,1,car,-53.613,-2.964,3.1436,8.339,4.2,1.8
13.25,2,auto,10.940,-2.625,3.1188,6.061,2.8,1.4
13.25,3,bus,43.722,-2.987,3.1583,7.580,11.0,2.6
13.25,4,car,-2.742,38.622,1.4985,8.282,4.2,1.8
13.25,5,auto,3.197,-29.527,-1.5349,4.923,2.8,1.4
13.25,6,twowheeler,2.162,-12.185,-1.6546,7.147,2.0,0.8
13.25,7,twowheeler,-45.130,4.546,2.9916,3.182,2.0,0.8
13.25,8,twowheeler,17.555,10.240,0.5281,6.554,2.0,0.8
13.25,9,pedestrian,-38.000,-1.383,-1.5708,1.177,0.5,0.5
13.25,10,pedestrian,-36.714,-0.739,-1.5392,1.138,0.5,0.5
13.25,11,pedestrian,8.000,-20.000,-3.1104,0.000,0.5,0.5
13.25,12,bus,-58.000,4.600,0.0000,0.000,11.0,2.6
13.25,13,pedestrian,-52.500,-7.500,-1.6633,0.000,0.5,0.5
13.25,14,pushcart,4.600,-42.000,1.5708,0.000,2.0,1.2
13.25,15,pedestrian,-7.862,10.006,0.2217,0.600,0.5,0.5
13.25,16,pedestrian,9.344,-10.311,2.0661,0.600,0.5,0.5
13.35,1,car,-54.449,-2.931,3.1355,8.390,4.2,1.8
13.35,2,auto,10.332,-2.685,3.2399,6.084,2.8,1.4
13.35,3,bus,42.965,-2.968,3.1708,7.574,11.0,2.6
13.35,4,car,-2.682,39.450,1.4985,8.288,4.2,1.8
13.35,5,auto,3.197,-30.021,-1.6932,4.876,2.8,1.4
13.35,6,twowheeler,2.102,-12.897,-1.6552,7.090,2.0,0.8
13.35,7,twowheeler,-45.443,4.606,2.9916,3.066,2.0,0.8
13.35,8,twowheeler,18.121,10.571,0.5281,6.554,2.0,0.8
13.35,9,pedestrian,-38.000,-1.501,-1.5708,1.177,0.5,0.5
13.35,10,pedestrian,-36.710,-0.853,-1.5392,1.138,0.5,0.5
13.35,11,pedestrian,8.000,-20.000,-3.1104,0.000,0.5,0.5
13.35,12,bus,-58.000,4.600,0.0000,0.000,11.0,2.6
13.35,13,pedestrian,-52.500,-7.500,-1.6633,0.000,0.5,0.5
13.35,14,pushcart,4.600,-42.000,1.5708,0.000,2.0,1.2
13.35,15,pedestrian,-7.804,10.021,0.2184,0.600,0.5,0.5
13.35,16,pedestrian,9.321,-10.255,2.0043,0.600,0.5,0.5
13.45,1,car,-55.290,-2.920,3.0706,8.437,4.2,1.8
13.45,2,auto,9.723,-2.634,3.0436,6.105,2.8,1.4
13.45,3,bus,42.208,-2.960,3.1116,7.569,11.0,2.6
13.45,4,car,-2.622,40.279,1.4986,8.294,4.2,1.8
13.45,5,auto,3.137,-30.513,-1.6908,4.978,2.8,1.4
13.45,6,twowheeler,2.042,-13.603,-1.6559,7.036,2.0,0.8
13.45,7,twowheeler,-45.743,4.666,2.9916,2.947,2.0,0.8
13.45,8,twowheeler,18.687,10.901,0.5281,6.554,2.0,0.8
13.45,9,pedestrian,-38.000,-1.619,-1.5708,1.177,0.5,0.5
13.45,10,pedestrian,-36.707,-0.966,-1.5392,1.138,0.5,0.5
13.45,11,pedestrian,8.000,-20.000,-3.1104,0.000,0.5,0.5
13.45,12,bus,-58.000,4.600,0.0000,0.000,11.0,2.6
13.45,13,pedestrian,-52.500,-7.500,-1.6633,0.000,0.5,0.5
13.45,14,pushcart,4.600,-42.000,1.5708,0.000,2.0,1.2
13.45,15,pedestrian,-7.747,10.040,0.4558,0.600,0.5,0.5
13.45,16,pedestrian,9.294,-10.201,2.0102,0.600,0.5,0.5
13.55,1,car,-56.136,-2.980,3.2122,8.483,4.2,1.8
13.55,2,auto,9.111,-2.664,3.2393,6.124,2.8,1.4
13.55,3,bus,41.451,-2.906,3.1116,7.563,11.0,2.6
13.55,4,car,-2.682,41.109,1.6430,8.299,4.2,1.8
13.55,5,auto,3.077,-31.016,-1.6885,5.076,2.8,1.4
13.55,6,twowheeler,1.982,-14.305,-1.6565,6.988,2.0,0.8
13.55,7,twowheeler,-46.032,4.726,2.9916,2.825,2.0,0.8
13.55,8,twowheeler,19.253,11.231,0.5281,6.554,2.0,0.8
13.55,9,pedestrian,-38.000,-1.737,-1.5708,1.177,0.5,0.5
13.55,10,pedestrian,-36.703,-1.080,-1.5392,1.138,0.5,0.5
13.55,11,pedestrian,8.000,-20.000,-3.1104,0.000,0.5,0.5
13.55,12,bus,-58.000,4.600,0.0000,0.000,11.0,2.6
13.55,13,pedestrian,-52.500,-7.500,-1.6633,0.000,0.5,0.5
13.55,14,pushcart,4.600,-42.000,1.5708,0.000,2.0,1.2
13.55,15,pedestrian,-7.701,10.078,0.7697,0.600,0.5,0.5
13.55,16,pedestrian,9.275,-10.145,2.0374,0.600,0.5,0.5
13.65,1,car,-56.987,-3.022,3.1886,8.526,4.2,1.8
13.65,2,auto,8.498,-2.656,3.0442,6.142,2.8,1.4
13.65,3,bus,40.695,-2.943,3.1716,7.558,11.0,2.6
13.65,4,car,-2.726,41.939,1.6055,8.304,4.2,1.8
13.65,5,auto,3.077,-31.528,-1.4553,5.170,2.8,1.4
13.65,6,twowheeler,1.922,-15.001,-1.6570,6.943,2.0,0.8
13.65,7,twowheeler,-46.308,4.726,3.2916,2.699,2.0,0.8
13.65,8,twowheeler,19.819,11.561,0.5281,6.554,2.0,0.8
13.65,9,pedestrian,-38.000,-1.854,-1.5708,1.177,0.5,0.5
13.65,10,pedestrian,-36.700,-1.194,-1.5392,1.138,0.5,0.5
13.65,11,pedestrian,8.000,-20.000,-3.1104,0.000,0.5,0.5
13.65,12,bus,-58.000,4.600,0.0000,0.000,11.0,2.6
13.65,13,pedestrian,-52.500,-7.500,-1.6633,0.000,0.5,0.5
13.65,14,pushcart,4.600,-42.000,1.5708,0.000,2.0,1.2
13.65,15,pedestrian,-7.651,10.111,0.5732,0.600,0.5,0.5
13.65,16,pedestrian,9.247,-10.092,2.0643,0.600,0.5,0.5
13.75,1,car,-57.841,-2.973,3.0717,8.567,4.2,1.8
13.75,2,auto,7.883,-2.596,3.0445,6.158,2.8,1.4
13.75,3,bus,39.939,-2.949,3.1531,7.553,11.0,2.6
13.75,4,car,-2.736,42.770,1.5648,8.308,4.2,1.8
13.75,5,auto,3.077,-32.050,-1.6844,5.259,2.8,1.4
13.75,6,twowheeler,1.862,-15.693,-1.6575,6.903,2.0,0.8
13.75,7,twowheeler,-46.572,4.715,3.0086,2.571,2.0,0.8
13.75,8,twowheeler,20.386,11.892,0.5281,6.554,2.0,0.8
13.75,9,pedestrian,-38.000,-1.972,-1.5708,1.177,0.5,0.5
13.75,10,pedestrian,-36.696,-1.307,-1.5392,1.138,0.5,0.5
13.75,11,pedestrian,8.000,-20.000,-3.1104,0.000,0.5,0.5
13.75,12,bus,-58.000,4.600,0.0000,0.000,11.0,2.6
13.75,13,pedestrian,-52.500,-7.500,-1.6633,0.000,0.5,0.5
13.75,14,pushcart,4.600,-42.000,1.5708,0.000,2.0,1.2
13.75,15,pedestrian,-7.593,10.124,0.1574,0.600,0.5,0.5
13.75,16,pedestrian,9.234,-10.034,1.6846,0.600,0.5,0.5
13.85,1,car,-58.700,-2.973,3.2112,8.606,4.2,1.8
13.85,2,auto,7.267,-2.536,3.0447,6.173,2.8,1.4
13.85,3,bus,39.184,-2.930,3.1429,7.548,11.0,2.6
13.85,4,car,-2.796,43.601,1.6429,8.312,4.2,1.8
13.85,5,auto,3.017,-32.580,-1.6826,5.345,2.8,1.4
13.85,6,twowheeler,1.802,-16.382,-1.6580,6.867,2.0,0.8
13.85,7,twowheeler,-46.822,4.674,3.2327,2.442,2.0,0.8
13.85,8,twowheeler,20.952,12.222,0.5281,6.554,2.0,0.8
13.85,9,pedestrian,-38.000,-2.090,-1.5708,1.177,0.5,0.5
13.85,10,pedestrian,-36.692,-1.421,-1.5392,1.138,0.5,0.5
13.85,11,pedestrian,8.000,-20.000,-3.1104,0.000,0.5,0.5
13.85,12,bus,-58.000,4.600,0.0000,0.000,11.0,2.6
13.85,13,pedestrian,-52.500,-7.500,-1.6633,0.000,0.5,0.5
13.85,14,pushcart,4.600,-42.000,1.5708,0.000,2.0,1.2
13.85,15,pedestrian,-7.534,10.137,0.1655,0.600,0.5,0.5
13.85,16,pedestrian,9.236,-9.975,1.3489,0.600,0.5,0.5
13.95,1,car,-59.563,-2.973,3.0723,8.643,4.2,1.8
13.95,2,auto,6.649,-2.488,3.0826,6.186,2.8,1.4
13.95,3,bus,38.430,-2.950,3.1139,7.543,11.0,2.6
13.95,4,car,-2.786,44.432,1.4988,8.316,4.2,1.8
13.95,5,auto,2.963,-33.119,-1.6809,5.426,2.8,1.4
13.95,6,twowheeler,1.742,-17.067,-1.6584,6.834,2.0,0.8
13.95,7,twowheeler,-47.060,4.614,3.2916,2.311,2.0,0.8
13.95,8,twowheeler,21.518,12.552,0.5281,6.554,2.0,0.8
13.95,9,pedestrian,-38.000,-2.208,-1.5708,1.177,0.5,0.5
13.95,10,pedestrian,-36.689,-1.535,-1.5392,1.138,0.5,0.5
13.95,11,pedestrian,8.000,-20.000,-3.1104,0.000,0.5,0.5
13.95,12,bus,-58.000,4.600,0.0000,0.000,11.0,2.6
13.95,13,pedestrian,-52.500,-7.500,-1.6633,0.000,0.5,0.5
13.95,14,pushcart,4.600,-42.000,1.5708,0.000,2.0,1.2
13.95,15,pedestrian,-7.560,10.122,-2.6230,0.600,0.5,0.5
13.95,16,pedestrian,9.258,-9.921,1.4458,0.600,0.5,0.5
14.05,1,car,-60.429,-2.923,3.0726,8.678,4.2,1.8
14.05,2,auto,6.030,-2.469,3.1783,6.198,2.8,1.4
14.05,3,bus,37.676,-2.962,3.1569,7.538,11.0,2.6
14.05,4,car,-2.812,45.264,1.6428,8.320,4.2,1.8
14.05,5,auto,2.903,-33.665,-1.6794,5.503,2.8,1.4
14.05,6,twowheeler,1.682,-17.749,-1.6588,6.804,2.0,0.8
14.05,7,twowheeler,-47.285,4.580,3.2916,2.180,2.0,0.8
14.05,8,twowheeler,22.084,12.882,0.5281,6.554,2.0,0.8
14.05,9,pedestrian,-38.000,-2.325,-1.5708,1.177,0.5,0.5
14.05,10,pedestrian,-36.685,-1.648,-1.5392,1.138,0.5,0.5
14.05,11,pedestrian,8.000,-20.000,-3.1104,0.000,0.5,0.5
14.05,12,bus,-58.000,4.600,0.0000,0.000,11.0,2.6
14.05,13,pedestrian,-52.500,-7.500,-1.6633,0.000,0.5,0.5
14.05,14,pushcart,4.600,-42.000,1.5708,0.000,2.0,1.2
14.05,15,pedestrian,-7.618,10.105,-2.8913,0.600,0.5,0.5
14.05,16,pedestrian,9.246,-9.862,1.8876,0.600,0.5,0.5
14.15,1,car,-61.298,-2.923,3.0728,8.711,4.2,1.8
14.15,2,auto,5.409,-2.429,3.0453,6.210,2.8,1.4
14.15,3,bus,36.922,-2.970,3.1650,7.534,11.0,2.6
14.15,4,car,-2.759,46.096,1.4988,8.323,4.2,1.8
14.15,5,auto,2.843,-34.219,-1.6780,5.576,2.8,1.4
14.15,6,twowheeler,1.622,-18.428,-1.6591,6.777,2.0,0.8
14.15,7,twowheeler,-47.496,4.535,3.2611,2.049,2.0,0.8
14.15,8,twowheeler,22.650,13.212,0.5281,6.554,2.0,0.8
14.15,9,pedestrian,-38.000,-2.443,-1.5708,1.177,0.5,0.5
14.15,10,pedestrian,-36.682,-1.762,-1.5392,1.138,0.5,0.5
14.15,11,pedestrian,8.000,-20.000,-3.1104,0.000,0.5,0.5
14.15,12,bus,-58.000,4.600,0.0000,0.000,11.0,2.6
14.15,13,pedestrian,-52.500,-7.500,-1.6633,0.000,0.5,0.5
14.15,14,pushcart,4.600,-42.000,1.5708,0.000,2.0,1.2
14.15,15,pedestrian,-7.671,10.077,-2.5704,0.600,0.5,0.5
14.15,16,pedestrian,9.253,-9.806,1.1438,0.600,0.5,0.5
14.25,1,car,-62.171,-2.937,3.1421,8.742,4.2,1.8
14.25,2,auto,4.788,-2.369,3.0454,6.220,2.8,1.4
14.25,3,bus,36.169,-2.997,3.1716,7.529,11.0,2.6
14.25,4,car,-2.819,46.928,1.6427,8.326,4.2,1.8
14.25,5,auto,2.843,-34.780,-1.4649,5.645,2.8,1.4
14.25,6,twowheeler,1.622,-19.104,-1.6594,6.753,2.0,0.8
14.25,7,twowheeler,-47.694,4.540,2.9916,1.919,2.0,0.8
14.25,8,twowheeler,23.216,13.543,0.5281,6.554,2.0,0.8
14.25,9,pedestrian,-38.000,-2.561,-1.5708,1.177,0.5,0.5
14.25,10,pedestrian,-36.678,-1.876,-1.5392,1.138,0.5,0.5
14.25,11,pedestrian,8.000,-20.000,-3.1104,0.000,0.5,0.5
14.25,12,bus,-58.000,4.600,0.0000,0.000,11.0,2.6
14.25,13,pedestrian,-52.500,-7.500,-1.6633,0.000,0.5,0.5
14.25,14,pushcart,4.600,-42.000,1.5708,0.000,2.0,1.2
14.25,15,pedestrian,-7.707,10.030,-2.3322,0.600,0.5,0.5
14.25,16,pedestrian,9.272,-9.750,1.3829,0.600,0.5,0.5
14.35,1,car,-63.047,-2.877,3.0733,8.772,4.2,1.8
14.35,2,auto,4.165,-2.309,3.0456,6.229,2.8,1.4
14.35,3,bus,35.416,-2.993,3.1133,7.524,11.0,2.6
14.35,4,car,-2.759,47.761,1.4989,8.329,4.2,1.8
14.35,5,auto,2.894,-35.348,-1.4970,5.710,2.8,1.4
14.35,6,twowheeler,1.564,-19.784,-1.6582,6.844,2.0,0.8
14.35,7,twowheeler,-47.880,4.581,3.0585,1.790,2.0,0.8
14.35,8,twowheeler,23.782,13.873,0.5281,6.554,2.0,0.8
14.35,9,pedestrian,-38.000,-2.679,-1.5708,1.177,0.5,0.5
14.35,10,pedestrian,-36.674,-1.990,-1.5392,1.138,0.5,0.5
14.35,11,pedestrian,8.000,-20.000,-3.1104,0.000,0.5,0.5
14.35,12,bus,-58.000,4.600,0.0000,0.000,11.0,2.6
14.35,13,pedestrian,-52.500,-7.500,-1.6633,0.000,0.5,0.5
14.35,14,pushcart,4.600,-42.000,1.5708,0.000,2.0,1.2
14.35,15,pedestrian,-7.766,10.025,-2.9645,0.600,0.5,0.5
14.35,16,pedestrian,9.274,-9.690,1.6220,0.600,0.5,0.5
14.45,1,car,-63.925,-2.817,3.0735,8.800,4.2,1.8
14.45,2,auto,3.542,-2.249,3.0457,6.238,2.8,1.4
14.45,3,bus,34.664,-3.010,3.1716,7.520,11.0,2.6
14.45,4,car,-2.699,48.594,1.4989,8.332,4.2,1.8
14.45,5,auto,2.954,-35.922,-1.4672,5.771,2.8,1.4
14.45,6,twowheeler,1.624,-20.473,-1.4845,6.932,2.0,0.8
14.45,7,twowheeler,-48.053,4.607,2.9916,1.664,2.0,0.8
14.45,8,twowheeler,24.000,14.000,0.5281,0.000,2.0,0.8
14.45,9,pedestrian,-38.000,-2.796,-1.5708,1.177,0.5,0.5
14.45,10,pedestrian,-36.671,-2.103,-1.5392,1.138,0.5,0.5
14.45,11,pedestrian,8.000,-20.000,-3.1104,0.000,0.5,0.5
14.45,12,bus,-58.000,4.600,0.0000,0.000,11.0,2.6
14.45,13,pedestrian,-52.500,-7.500,-1.6633,0.000,0.5,0.5
14.45,14,pushcart,4.600,-42.000,1.5708,0.000,2.0,1.2
14.45,15,pedestrian,-7.825,10.012,-2.8842,0.600,0.5,0.5
14.45,16,pedestrian,9.284,-9.631,1.4499,0.600,0.5,0.5
14.55,1,car,-64.807,-2.764,3.0737,8.827,4.2,1.8
14.55,2,auto,2.918,-2.189,3.0455,6.227,2.8,1.4
14.55,3,bus,33.912,-3.036,3.1317,7.515,11.0,2.6
14.55,4,car,-2.639,49.427,1.4989,8.334,4.2,1.8
14.55,5,auto,3.014,-36.502,-1.4682,5.828,2.8,1.4
14.55,6,twowheeler,1.684,-21.170,-1.4855,7.017,2.0,0.8
14.55,7,twowheeler,-48.213,4.667,2.9916,1.541,2.0,0.8
14.55,8,twowheeler,24.000,14.000,0.5281,0.000,2.0,0.8
14.55,9,pedestrian,-38.000,-2.914,-1.5708,1.177,0.5,0.5
14.55,10,pedestrian,-36.667,-2.217,-1.5392,1.138,0.5,0.5
14.55,11,pedestrian,8.000,-20.000,-3.1104,0.000,0.5,0.5
14.55,12,bus,-58.000,4.600,0.0000,0.000,11.0,2.6
14.55,13,pedestrian,-52.500,-7.500,-1.6633,0.000,0.5,0.5
14.55,14,pushcart,4.600,-42.000,1.5708,0.000,2.0,1.2
14.55,15,pedestrian,-7.884,10.015,-3.3374,0.600,0.5,0.5
14.55,16,pedestrian,9.267,-9.574,1.9764,0.600,0.5,0.5
14.65,1,car,-65.690,-2.710,3.0739,8.852,4.2,1.8
14.65,2,auto,2.297,-2.129,3.0451,6.200,2.8,1.4
14.65,3,bus,33.161,-3.031,3.1116,7.510,11.0,2.6
14.65,4,car,-2.681,50.261,1.6426,8.336,4.2,1.8
14.65,5,auto,2.987,-37.088,-1.6717,5.881,2.8,1.4
14.65,6,twowheeler,1.624,-21.876,-1.6551,7.099,2.0,0.8
14.65,7,twowheeler,-48.361,4.667,3.2916,1.421,2.0,0.8
14.65,8,twowheeler,24.000,14.000,0.5281,0.000,2.0,0.8
14.65,9,pedestrian,-38.000,-3.032,-1.5708,1.177,0.5,0.5
14.65,10,pedestrian,-36.664,-2.331,-1.5392,1.138,0.5,0.5
14.65,11,pedestrian,8.000,-20.000,-3.1104,0.000,0.5,0.5
14.65,12,bus,-58.000,4.600,0.0000,0.000,11.0,2.6
14.65,13,pedestrian,-52.500,-7.500,-1.6633,0.000,0.5,0.5
14.65,14,pushcart,4.600,-42.000,1.5708,0.000,2.0,1.2
14.65,15,pedestrian,-7.943,10.025,-3.2026,0.600,0.5,0.5
14.65,16,pedestrian,9.233,-9.525,2.1079,0.600,0.5,0.5
14.75,1,car,-66.577,-2.770,3.2091,8.876,4.2,1.8
14.75,2,auto,1.678,-2.069,3.0447,6.175,2.8,1.4
14.75,3,bus,32.411,-3.035,3.1716,7.504,11.0,2.6
14.75,4,car,-2.677,51.095,1.4990,8.339,4.2,1.8
14.75,5,auto,2.927,-37.678,-1.6716,5.931,2.8,1.4
14.75,6,twowheeler,1.564,-22.590,-1.6542,7.178,2.0,0.8
14.75,7,twowheeler,-48.497,4.638,3.2916,1.305,2.0,0.8
14.75,8,twowheeler,24.000,14.000,0.5281,0.000,2.0,0.8
14.75,9,pedestrian,-38.000,-3.149,-1.5708,1.177,0.5,0.5
14.75,10,pedestrian,-36.660,-2.444,-1.5392,1.138,0.5,0.5
14.75,11,pedestrian,8.000,-20.000,-3.1104,0.000,0.5,0.5
14.75,12,bus,-58.000,4.600,0.0000,0.000,11.0,2.6
14.75,13,pedestrian,-52.500,-7.500,-1.6633,0.000,0.5,0.5
14.75,14,pushcart,4.600,-42.000,1.5708,0.000,2.0,1.2
14.75,15,pedestrian,-7.999,10.029,-2.8893,0.600,0.5,0.5
14.75,16,pedestrian,9.199,-9.476,2.2846,0.600,0.5,0.5
14.85,1,car,-67.466,-2.826,3.2002,8.898,4.2,1.8
14.85,2,auto,1.062,-2.009,3.0444,6.151,2.8,1.4
14.85,3,bus,31.660,-3.050,3.1226,7.498,11.0,2.6
14.85,4,car,-2.617,51.929,1.4990,8.341,4.2,1.8
14.85,5,auto,2.878,-38.274,-1.6369,5.978,2.8,1.4
14.85,6,twowheeler,1.588,-23.312,-1.5761,7.253,2.0,0.8
14.85,7,twowheeler,-48.622,4.584,3.2916,1.194,2.0,0.8
14.85,8,twowheeler,24.000,14.000,0.5281,0.000,2.0,0.8
14.85,9,pedestrian,-38.000,-3.267,-1.5708,1.177,0.5,0.5
14.85,10,pedestrian,-36.656,-2.558,-1.5392,1.138,0.5,0.5
14.85,11,pedestrian,8.000,-20.000,-3.1104,0.000,0.5,0.5
14.85,12,bus,-58.000,4.600,0.0000,0.000,11.0,2.6
14.85,13,pedestrian,-52.500,-7.500,-1.6633,0.000,0.5,0.5
14.85,14,pushcart,4.600,-42.000,1.5708,0.000,2.0,1.2
14.85,15,pedestrian,-8.046,9.994,-2.2476,0.600,0.5,0.5
14.85,16,pedestrian,9.161,-9.430,2.4367,0.600,0.5,0.5
14.95,1,car,-68.356,-2.826,3.2088,8.919,4.2,1.8
14.95,2,auto,0.448,-1.949,3.0440,6.128,2.8,1.4
14.95,3,bus,30.911,-3.094,3.1716,7.492,11.0,2.6
14.95,4,car,-2.612,52.763,1.4990,8.342,4.2,1.8
14.95,5,auto,2.938,-38.874,-1.4715,6.021,2.8,1.4
14.95,6,twowheeler,1.648,-24.041,-1.4891,7.326,2.0,0.8
14.95,7,twowheeler,-48.736,4.524,3.2916,1.088,2.0,0.8
14.95,8,twowheeler,24.000,14.000,0.5281,0.000,2.0,0.8
14.95,9,pedestrian,-38.000,-3.385,-1.5708,1.177,0.5,0.5
14.95,10,pedestrian,-36.653,-2.672,-1.5392,1.138,0.5,0.5
14.95,11,pedestrian,8.000,-20.000,-3.1104,0.000,0.5,0.5
14.95,12,bus,-58.000,4.600,0.0000,0.000,11.0,2.6
14.95,13,pedestrian,-52.500,-7.500,-1.6633,0.000,0.5,0.5
14.95,14,pushcart,4.600,-42.000,1.5708,0.000,2.0,1.2
14.95,15,pedestrian,-8.073,9.942,-1.8938,0.600,0.5,0.5
14.95,16,pedestrian,9.131,-9.379,1.9718,0.600,0.5,0.5
15.05,1,car,-69.249,-2.841,3.1082,8.939,4.2,1.8
15.05,2,auto,-0.164,-1.889,3.0436,6.106,2.8,1.4
15.05,3,bus,30.162,-3.126,3.1716,7.485,11.0,2.6
15.05,4,car,-2.626,53.597,1.6210,8.344,4.2,1.8
15.05,5,auto,2.996,-39.478,-1.4721,6.062,2.8,1.4
15.05,6,twowheeler,1.708,-24.777,-1.4898,7.395,2.0,0.8
15.05,7,twowheeler,-48.840,4.464,3.2916,0.987,2.0,0.8
15.05,8,twowheeler,24.000,14.000,0.5281,0.000,2.0,0.8
15.05,9,pedestrian,-38.000,-3.503,-1.5708,1.177,0.5,0.5
15.05,10,pedestrian,-36.649,-2.785,-1.5392,1.138,0.5,0.5
15.05,11,pedestrian,8.000,-20.000,-3.1104,0.000,0.5,0.5
15.05,12,bus,-58.000,4.600,0.0000,0.000,11.0,2.6
15.05,13,pedestrian,-52.500,-7.500,-1.6633,0.000,0.5,0.5
15.05,14,pushcart,4.600,-42.000,1.5708,0.000,2.0,1.2
15.05,15,pedestrian,-8.055,9.885,-1.1995,0.600,0.5,0.5
15.05,16,pedestrian,9.107,-9.324,1.9140,0.600,0.5,0.5
15.15,1,car,-70.144,-2.842,3.2085,8.958,4.2,1.8
15.15,2,auto,-0.774,-1.829,3.0433,6.085,2.8,1.4
15.15,3,bus,29.414,-3.173,3.1716,7.478,11.0,2.6
15.15,4,car,-2.616,54.432,1.5739,8.346,4.2,1.8
15.15,5,auto,3.056,-40.086,-1.4727,6.099,2.8,1.4
15.15,6,twowheeler,1.768,-25.519,-1.4905,7.461,2.0,0.8
15.15,7,twowheeler,-48.934,4.406,3.2916,0.891,2.0,0.8
15.15,8,twowheeler,24.000,14.000,0.5281,0.000,2.0,0.8
15.15,9,pedestrian,-38.000,-3.620,-1.5708,1.177,0.5,0.5
15.15,10,pedestrian,-36.646,-2.899,-1.5392,1.138,0.5,0.5
15.15,11,pedestrian,8.000,-20.000,-3.1104,0.000,0.5,0.5
15.15,12,bus,-58.000,4.600,0.0000,0.000,11.0,2.6
15.15,13,pedestrian,-52.500,-7.500,-1.6633,0.000,0.5,0.5
15.15,14,pushcart,4.600,-42.000,1.5708,0.000,2.0,1.2
15.15,15,pedestrian,-8.038,9.827,-1.3287,0.600,0.5,0.5
15.15,16,pedestrian,9.084,-9.269,1.8687,0.600,0.5,0.5
15.25,1,car,-71.041,-2.902,3.2083,8.975,4.2,1.8
15.25,2,auto,-1.383,-1.880,3.2395,6.106,2.8,1.4
15.25,3,bus,28.666,-3.187,3.1565,7.472,11.0,2.6
15.25,4,car,-2.619,55.266,1.6426,8.347,4.2,1.8
15.25,5,auto,3.070,-40.698,-1.6210,6.134,2.8,1.4
15.25,6,twowheeler,1.828,-26.269,-1.4912,7.524,2.0,0.8
15.25,7,twowheeler,-49.018,4.458,2.9916,0.801,2.0,0.8
15.25,8,twowheeler,24.000,14.000,0.5281,0.000,2.0,0.8
15.25,9,pedestrian,-38.000,-3.738,-1.5708,1.177,0.5,0.5
15.25,10,pedestrian,-36.642,-3.013,-1.5392,1.138,0.5,0.5
15.25,11,pedestrian,8.000,-20.000,-3.1104,0.000,0.5,0.5
15.25,12,bus,-58.000,4.600,0.0000,0.000,11.0,2.6
15.25,13,pedestrian,-52.500,-7.500,-1.6633,0.000,0.5,0.5
15.25,14,pushcart,4.600,-42.000,1.5708,0.000,2.0,1.2
15.25,15,pedestrian,-8.030,9.768,-1.3069,0.600,0.5,0.5
15.25,16,pedestrian,9.056,-9.216,2.0788,0.600,0.5,0.5
15.35,1,car,-71.939,-2.962,3.2082,8.992,4.2,1.8
15.35,2,auto,-1.995,-1.940,3.2392,6.125,2.8,1.4
15.35,3,bus,27.920,-3.175,3.1116,7.465,11.0,2.6
15.35,4,car,-2.645,56.101,1.5962,8.349,4.2,1.8
15.35,5,auto,3.108,-41.312,-1.5444,6.166,2.8,1.4
15.35,6,twowheeler,1.888,-27.024,-1.4918,7.584,2.0,0.8
15.35,7,twowheeler,-49.094,4.456,2.9916,0.716,2.0,0.8
15.35,8,twowheeler,24.000,14.000,0.5281,0.000,2.0,0.8
15.35,9,pedestrian,-38.000,-3.856,-1.5708,1.177,0.5,0.5
15.35,10,pedestrian,-36.638,-3.127,-1.5392,1.138,0.5,0.5
15.35,11,pedestrian,8.000,-20.000,-3.1104,0.000,0.5,0.5
15.35,12,bus,-58.000,4.600,0.0000,0.000,11.0,2.6
15.35,13,pedestrian,-52.500,-7.500,-1.6633,0.000,0.5,0.5
15.35,14,pushcart,4.600,-42.000,1.5708,0.000,2.0,1.2
15.35,15,pedestrian,-8.016,9.710,-1.2824,0.600,0.5,0.5
15.35,16,pedestrian,9.063,-9.157,1.4465,0.600,0.5,0.5
15.45,1,car,-72.839,-3.022,3.2081,9.007,4.2,1.8
15.45,2,auto,-2.608,-2.000,3.2390,6.143,2.8,1.4
15.45,3,bus,27.173,-3.132,3.1116,7.459,11.0,2.6
15.45,4,car,-2.692,56.936,1.6343,8.350,4.2,1.8
15.45,5,auto,3.168,-41.931,-1.4742,6.195,2.8,1.4
15.45,6,twowheeler,1.948,-27.786,-1.4924,7.642,2.0,0.8
15.45,7,twowheeler,-49.162,4.470,2.9916,0.637,2.0,0.8
15.45,8,twowheeler,24.000,14.000,0.5281,0.000,2.0,0.8
15.45,9,pedestrian,-38.000,-3.974,-1.5708,1.177,0.5,0.5
15.45,10,pedestrian,-36.635,-3.240,-1.5392,1.138,0.5,0.5
15.45,11,pedestrian,8.000,-20.000,-3.1104,0.000,0.5,0.5
15.45,12,bus,-58.000,4.600,0.0000,0.000,11.0,2.6
15.45,13,pedestrian,-52.500,-7.500,-1.6633,0.000,0.5,0.5
15.45,14,pushcart,4.600,-42.000,1.5708,0.000,2.0,1.2
15.45,15,pedestrian,-7.972,9.671,-0.5560,0.600,0.5,0.5
15.45,16,pedestrian,9.063,-9.099,1.8404,0.600,0.5,0.5
15.55,1,car,-73.741,-3.022,3.0752,9.022,4.2,1.8
15.55,2,auto,-3.223,-2.000,3.0445,6.159,2.8,1.4
15.55,3,bus,26.428,-3.123,3.1116,7.453,11.0,2.6
15.55,4,car,-2.747,57.771,1.6300,8.351,4.2,1.8
15.55,5,auto,3.108,-42.551,-1.6669,6.223,2.8,1.4
15.55,6,twowheeler,2.008,-28.543,-1.4910,7.505,2.0,0.8
15.55,7,twowheeler,-49.222,4.488,2.9985,0.564,2.0,0.8
15.55,8,twowheeler,24.000,14.000,0.5281,0.000,2.0,0.8
15.55,9,pedestrian,-38.000,-4.091,-1.5708,1.177,0.5,0.5
15.55,10,pedestrian,-36.631,-3.354,-1.5392,1.138,0.5,0.5
15.55,11,pedestrian,8.000,-20.000,-3.1104,0.000,0.5,0.5
15.55,12,bus,-58.000,4.600,0.0000,0.000,11.0,2.6
15.55,13,pedestrian,-52.500,-7.500,-1.6633,0.000,0.5,0.5
15.55,14,pushcart,4.600,-42.000,1.5708,0.000,2.0,1.2
15.55,15,pedestrian,-7.938,9.623,-1.1912,0.600,0.5,0.5
15.55,16,pedestrian,9.054,-9.039,1.7002,0.600,0.5,0.5
15.65,1,car,-74.643,-2.962,3.0753,9.036,4.2,1.8
15.65,2,auto,-3.840,-1.940,3.0447,6.173,2.8,1.4
15.65,3,bus,25.683,-3.183,3.1716,7.447,11.0,2.6
15.65,4,car,-2.687,58.606,1.4991,8.352,4.2,1.8
15.65,5,auto,3.048,-43.175,-1.6665,6.248,2.8,1.4
15.65,6,twowheeler,2.068,-29.287,-1.4897,7.383,2.0,0.8
15.65,7,twowheeler,-49.275,4.493,3.1904,0.497,2.0,0.8
15.65,8,twowheeler,24.000,14.000,0.5281,0.000,2.0,0.8
15.65,9,pedestrian,-38.000,-4.209,-1.5708,1.177,0.5,0.5
15.65,10,pedestrian,-36.628,-3.468,-1.5392,1.138,0.5,0.5
15.65,11,pedestrian,8.000,-20.000,-3.1104,0.000,0.5,0.5
15.65,12,bus,-58.000,4.600,0.0000,0.000,11.0,2.6
15.65,13,pedestrian,-52.500,-7.500,-1.6633,0.000,0.5,0.5
15.65,14,pushcart,4.600,-42.000,1.5708,0.000,2.0,1.2
15.65,15,pedestrian,-7.899,9.578,-0.6810,0.600,0.5,0.5
15.65,16,pedestrian,9.046,-8.980,1.8149,0.600,0.5,0.5
15.75,1,car,-75.548,-2.962,3.2078,9.049,4.2,1.8
15.75,2,auto,-4.458,-1.880,3.0449,6.187,2.8,1.4
15.75,3,bus,24.938,-3.171,3.1500,7.441,11.0,2.6
15.75,4,car,-2.668,59.441,1.5588,8.353,4.2,1.8
15.75,5,auto,2.988,-43.801,-1.6662,6.271,2.8,1.4
15.75,6,twowheeler,2.128,-30.020,-1.4885,7.276,2.0,0.8
15.75,7,twowheeler,-49.321,4.522,3.0305,0.435,2.0,0.8
15.75,8,twowheeler,24.000,14.000,0.5281,0.000,2.0,0.8
15.75,9,pedestrian,-38.000,-4.327,-1.5708,1.177,0.5,0.5
15.75,10,pedestrian,-36.624,-3.581,-1.5392,1.138,0.5,0.5
15.75,11,pedestrian,8.000,-20.000,-3.1104,0.000,0.5,0.5
15.75,12,bus,-58.000,4.600,0.0000,0.000,11.0,2.6
15.75,13,pedestrian,-52.500,-7.500,-1.6633,0.000,0.5,0.5
15.75,14,pushcart,4.600,-42.000,1.5708,0.000,2.0,1.2
15.75,15,pedestrian,-7.848,9.548,-0.4661,0.600,0.5,0.5
15.75,16,pedestrian,9.063,-8.924,1.0531,0.600,0.5,0.5
15.85,1,car,-76.453,-3.022,3.2077,9.061,4.2,1.8
15.85,2,auto,-5.077,-1.824,3.0451,6.199,2.8,1.4
15.85,3,bus,24.195,-3.191,3.1161,7.435,11.0,2.6
15.85,4,car,-2.709,60.277,1.6184,8.354,4.2,1.8
15.85,5,auto,2.928,-44.429,-1.6659,6.292,2.8,1.4
15.85,6,twowheeler,2.188,-30.743,-1.4874,7.180,2.0,0.8
15.85,7,twowheeler,-49.362,4.547,3.0446,0.378,2.0,0.8
15.85,8,twowheeler,24.000,14.000,0.5281,0.000,2.0,0.8
15.85,9,pedestrian,-38.000,-4.445,-1.5708,1.177,0.5,0.5
15.85,10,pedestrian,-36.620,-3.695,-1.5392,1.138,0.5,0.5
15.85,11,pedestrian,8.000,-20.000,-3.1104,0.000,0.5,0.5
15.85,12,bus,-58.000,4.600,0.0000,0.000,11.0,2.6
15.85,13,pedestrian,-52.500,-7.500,-1.6633,0.000,0.5,0.5
15.85,14,pushcart,4.600,-42.000,1.5708,0.000,2.0,1.2
15.85,15,pedestrian,-7.801,9.510,-0.6915,0.600,0.5,0.5
15.85,16,pedestrian,9.102,-8.878,0.8917,0.600,0.5,0.5
15.95,1,car,-77.360,-3.076,3.1959,9.073,4.2,1.8
15.95,2,auto,-5.698,-1.796,3.1478,6.210,2.8,1.4
15.95,3,bus,23.451,-3.201,3.1716,7.429,11.0,2.6
15.95,4,car,-2.711,61.112,1.6425,8.355,4.2,1.8
15.95,5,auto,2.868,-45.059,-1.6656,6.312,2.8,1.4
15.95,6,twowheeler,2.248,-31.456,-1.4864,7.094,2.0,0.8
15.95,7,twowheeler,-49.397,4.538,3.2257,0.326,2.0,0.8
15.95,8,twowheeler,24.000,14.000,0.5281,0.000,2.0,0.8
15.95,9,pedestrian,-38.000,-4.562,-1.5708,1.177,0.5,0.5
15.95,10,pedestrian,-36.617,-3.809,-1.5392,1.138,0.5,0.5
15.95,11,pedestrian,8.000,-20.000,-3.1104,0.000,0.5,0.5
15.95,12,bus,-58.000,4.600,0.0000,0.000,11.0,2.6
15.95,13,pedestrian,-52.500,-7.500,-1.6633,0.000,0.5,0.5
15.95,14,pushcart,4.600,-42.000,1.5708,0.000,2.0,1.2
15.95,15,pedestrian,-7.749,9.481,-0.4199,0.600,0.5,0.5
15.95,16,pedestrian,9.145,-8.838,0.5711,0.600,0.5,0.5
16.05,1,car,-78.268,-3.093,3.2041,9.083,4.2,1.8
16.05,2,auto,-6.319,-1.751,3.0938,6.220,2.8,1.4
16.05,3,bus,22.709,-3.185,3.1184,7.424,11.0,2.6
16.05,4,car,-2.771,61.948,1.6425,8.356,4.2,1.8
16.05,5,auto,2.824,-45.691,-1.6144,6.330,2.8,1.4
16.05,6,twowheeler,2.267,-32.162,-1.4953,7.017,2.0,0.8
16.05,7,twowheeler,-49.427,4.523,3.1791,0.279,2.0,0.8
16.05,8,twowheeler,24.000,14.000,0.5281,0.000,2.0,0.8
16.05,9,pedestrian,-38.000,-4.680,-1.5708,1.177,0.5,0.5
16.05,10,pedestrian,-36.613,-3.922,-1.5392,1.138,0.5,0.5
16.05,11,pedestrian,8.000,-20.000,-3.1104,0.000,0.5,0.5
16.05,12,bus,-58.000,4.600,0.0000,0.000,11.0,2.6
16.05,13,pedestrian,-52.500,-7.500,-1.6633,0.000,0.5,0.5
16.05,14,pushcart,4.600,-42.000,1.5708,0.000,2.0,1.2
16.05,15,pedestrian,-7.692,9.470,0.0596,0.600,0.5,0.5
16.05,16,pedestrian,9.185,-8.794,0.6898,0.600,0.5,0.5
16.15,1,car,-79.177,-3.033,3.0757,9.094,4.2,1.8
16.15,2,auto,-6.942,-1.735,3.0456,6.230,2.8,1.4
16.15,3,bus,21.967,-3.161,3.1116,7.418,11.0,2.6
16.15,4,car,-2.746,62.784,1.5658,8.357,4.2,1.8
16.15,5,auto,2.839,-46.325,-1.6187,6.347,2.8,1.4
16.15,6,twowheeler,2.327,-32.860,-1.4847,6.948,2.0,0.8
16.15,7,twowheeler,-49.453,4.523,3.1416,0.237,2.0,0.8
16.15,8,twowheeler,24.000,14.000,0.5281,0.000,2.0,0.8
16.15,9,pedestrian,-38.000,-4.798,-1.5708,1.177,0.5,0.5
16.15,10,pedestrian,-36.610,-4.036,-1.5392,1.138,0.5,0.5
16.15,11,pedestrian,8.000,-20.000,-3.1104,0.000,0.5,0.5
16.15,12,bus,-58.000,4.600,0.0000,0.000,11.0,2.6
16.15,13,pedestrian,-52.500,-7.500,-1.6633,0.000,0.5,0.5
16.15,14,pushcart,4.600,-42.000,1.5708,0.000,2.0,1.2
16.15,15,pedestrian,-7.635,9.487,0.2566,0.600,0.5,0.5
16.15,16,pedestrian,9.238,-8.768,0.3465,0.600,0.5,0.5
16.25,1,car,-80.086,-2.973,3.0758,9.103,4.2,1.8
16.25,2,auto,-7.565,-1.721,3.1911,6.238,2.8,1.4
16.25,3,bus,21.225,-3.105,3.1116,7.413,11.0,2.6
16.25,4,car,-2.782,63.619,1.6425,8.358,4.2,1.8
16.25,5,auto,2.780,-46.961,-1.6626,6.362,2.8,1.4
16.25,6,twowheeler,2.362,-33.552,-1.4839,6.886,2.0,0.8
16.25,7,twowheeler,-49.475,4.523,3.1416,0.199,2.0,0.8
16.25,8,twowheeler,24.000,14.000,0.5281,0.000,2.0,0.8
16.25,9,pedestrian,-38.000,-4.916,-1.5708,1.177,0.5,0.5
16.25,10,pedestrian,-36.606,-4.150,-1.5392,1.138,0.5,0.5
16.25,11,pedestrian,8.000,-20.000,-3.1104,0.000,0.5,0.5
16.25,12,bus,-58.000,4.600,0.0000,0.000,11.0,2.6
16.25,13,pedestrian,-52.500,-7.500,-1.6633,0.000,0.5,0.5
16.25,14,pushcart,4.600,-42.000,1.5708,0.000,2.0,1.2
16.25,15,pedestrian,-7.607,9.498,3.2121,0.600,0.5,0.5
16.25,16,pedestrian,9.257,-8.744,0.9058,0.000,0.5,0.5
16.35,1,car,-80.997,-2.913,3.0758,9.112,4.2,1.8
16.35,2,auto,-8.189,-1.661,3.0458,6.246,2.8,1.4
16.35,3,bus,20.484,-3.111,3.1540,7.407,11.0,2.6
16.35,4,car,-2.835,64.455,1.6373,8.358,4.2,1.8
16.35,5,auto,2.840,-47.598,-1.4770,6.376,2.8,1.4
16.35,6,twowheeler,2.344,-34.237,-1.6584,6.830,2.0,0.8
16.35,7,twowheeler,-49.493,4.523,3.1416,0.165,2.0,0.8
16.35,8,twowheeler,24.000,14.000,0.5281,0.000,2.0,0.8
16.35,9,pedestrian,-38.000,-5.033,-1.5708,1.177,0.5,0.5
16.35,10,pedestrian,-36.602,-4.263,-1.5392,1.138,0.5,0.5
16.35,11,pedestrian,8.000,-20.000,-3.1104,0.000,0.5,0.5
16.35,12,bus,-58.000,4.600,0.0000,0.000,11.0,2.6
16.35,13,pedestrian,-52.500,-7.500,-1.6633,0.000,0.5,0.5
16.35,14,pushcart,4.600,-42.000,1.5708,0.000,2.0,1.2
16.35,15,pedestrian,-7.666,9.501,3.2505,0.600,0.5,0.5
16.35,16,pedestrian,9.257,-8.744,0.9058,0.000,0.5,0.5
16.45,1,car,-81.909,-2.853,3.0759,9.120,4.2,1.8
16.45,2,auto,-8.814,-1.607,3.0667,6.253,2.8,1.4
16.45,3,bus,19.744,-3.125,3.1716,7.402,11.0,2.6
16.45,4,car,-2.844,65.291,1.5197,8.359,4.2,1.8
16.45,5,auto,2.900,-48.236,-1.4772,6.388,2.8,1.4
16.45,6,twowheeler,2.305,-34.918,-1.6387,6.779,2.0,0.8
16.45,7,twowheeler,-49.508,4.523,3.1416,0.135,2.0,0.8
16.45,8,twowheeler,24.000,14.000,0.5281,0.000,2.0,0.8
16.45,9,pedestrian,-38.000,-5.151,-1.5708,1.177,0.5,0.5
16.45,10,pedestrian,-36.599,-4.377,-1.5392,1.138,0.5,0.5
16.45,11,pedestrian,8.000,-20.000,-3.1104,0.000,0.5,0.5
16.45,12,bus,-58.000,4.600,0.0000,0.000,11.0,2.6
16.45,13,pedestrian,-52.500,-7.500,-1.6633,0.000,0.5,0.5
16.45,14,pushcart,4.600,-42.000,1.5708,0.000,2.0,1.2
16.45,15,pedestrian,-7.724,9.489,3.1985,0.600,0.5,0.5
16.45,16,pedestrian,9.257,-8.744,0.9058,0.000,0.5,0.5
16.55,1,car,-82.821,-2.793,3.0760,9.128,4.2,1.8
16.55,2,auto,-9.440,-1.667,3.2372,6.259,2.8,1.4
16.55,3,bus,19.004,-3.108,3.1116,7.396,11.0,2.6
16.55,4,car,-2.844,66.127,1.4991,8.359,4.2,1.8
16.55,5,auto,2.960,-48.875,-1.4773,6.400,2.8,1.4
16.55,6,twowheeler,2.245,-35.593,-1.6597,6.733,2.0,0.8
16.55,7,twowheeler,-49.520,4.523,3.1416,0.108,2.0,0.8
16.55,8,twowheeler,24.000,14.000,0.5281,0.000,2.0,0.8
16.55,9,pedestrian,-38.000,-5.269,-1.5708,1.177,0.5,0.5
16.55,10,pedestrian,-36.595,-4.491,-1.5392,1.138,0.5,0.5
16.55,11,pedestrian,8.000,-20.000,-3.1104,0.000,0.5,0.5
16.55,12,bus,-58.000,4.600,0.0000,0.000,11.0,2.6
16.55,13,pedestrian,-52.500,-7.500,-1.6633,0.000,0.5,0.5
16.55,14,pushcart,4.600,-42.000,1.5708,0.000,2.0,1.2
16.55,15,pedestrian,-7.768,9.528,2.5520,0.600,0.5,0.5
16.55,16,pedestrian,9.257,-8.744,0.9058,0.000,0.5,0.5
16.65,1,car,-83.734,-2.808,3.2072,9.136,4.2,1.8
16.65,2,auto,-10.066,-1.727,3.2371,6.265,2.8,1.4
16.65,3,bus,18.264,-3.081,3.1116,7.391,11.0,2.6
16.65,4,car,-2.837,66.963,1.6049,8.360,4.2,1.8
16.65,5,auto,3.020,-49.516,-1.4775,6.411,2.8,1.4
16.65,6,twowheeler,2.185,-36.264,-1.6602,6.691,2.0,0.8
16.65,7,twowheeler,-49.530,4.523,3.1416,0.085,2.0,0.8
16.65,8,twowheeler,24.000,14.000,0.5281,0.000,2.0,0.8
16.65,9,pedestrian,-38.000,-5.386,-1.5708,1.177,0.5,0.5
16.65,10,pedestrian,-36.592,-4.605,-1.5392,1.138,0.5,0.5
16.65,11,pedestrian,8.000,-20.000,-3.1104,0.000,0.5,0.5
16.65,12,bus,-58.000,4.600,0.0000,0.000,11.0,2.6
16.65,13,pedestrian,-52.500,-7.500,-1.6633,0.000,0.5,0.5
16.65,14,pushcart,4.600,-42.000,1.5708,0.000,2.0,1.2
16.65,15,pedestrian,-7.824,9.551,2.7834,0.600,0.5,0.5
16.65,16,pedestrian,9.257,-8.744,0.9058,0.000,0.5,0.5
16.75,1,car,-84.648,-2.868,3.2071,9.143,4.2,1.8
16.75,2,auto,-10.693,-1.667,3.0462,6.270,2.8,1.4
16.75,3,bus,17.526,-3.063,3.1116,7.385,11.0,2.6
16.75,4,car,-2.897,67.799,1.6424,8.361,4.2,1.8
16.75,5,auto,3.080,-50.157,-1.4776,6.420,2.8,1.4
16.75,6,twowheeler,2.166,-36.932,-1.5381,6.654,2.0,0.8
16.75,7,twowheeler,-49.537,4.523,3.1416,0.065,2.0,0.8
16.75,8,twowheeler,24.000,14.000,0.5281,0.000,2.0,0.8
16.75,9,pedestrian,-38.000,-5.504,-1.5708,1.177,0.5,0.5
16.75,10,pedestrian,-36.588,-4.718,-1.5392,1.138,0.5,0.5
16.75,11,pedestrian,8.000,-20.000,-3.1104,0.000,0.5,0.5
16.75,12,bus,-58.000,4.600,0.0000,0.000,11.0,2.6
16.75,13,pedestrian,-52.500,-7.500,-1.6633,0.000,0.5,0.5
16.75,14,pushcart,4.600,-42.000,1.5708,0.000,2.0,1.2
16.75,15,pedestrian,-7.872,9.586,2.5102,0.600,0.5,0.5
16.75,16,pedestrian,9.257,-8.744,0.9058,0.000,0.5,0.5
16.85,1,car,-85.563,-2.868,3.2071,9.149,4.2,1.8
16.85,2,auto,-11.320,-1.704,3.1636,6.275,2.8,1.4
16.85,3,bus,16.787,-3.038,3.1545,7.380,11.0,2.6
16.85,4,car,-2.942,68.635,1.6424,8.361,4.2,1.8
16.85,5,auto,3.068,-50.800,-1.6524,6.429,2.8,1.4
16.85,6,twowheeler,2.226,-37.595,-1.4804,6.621,2.0,0.8
16.85,7,twowheeler,-49.543,4.523,3.1416,0.047,2.0,0.8
16.85,8,twowheeler,24.000,14.000,0.5281,0.000,2.0,0.8
16.85,9,pedestrian,-38.000,-5.622,-1.5708,1.177,0.5,0.5
16.85,10,pedestrian,-36.584,-4.832,-1.5392,1.138,0.5,0.5
16.85,11,pedestrian,8.000,-20.000,-3.1104,0.000,0.5,0.5
16.85,12,bus,-58.000,4.600,0.0000,0.000,11.0,2.6
16.85,13,pedestrian,-52.500,-7.500,-1.6633,0.000,0.5,0.5
16.85,14,pushcart,4.600,-42.000,1.5708,0.000,2.0,1.2
16.85,15,pedestrian,-7.890,9.641,1.6352,0.600,0.5,0.5
16.85,16,pedestrian,9.257,-8.744,0.9058,0.000,0.5,0.5
16.95,1,car,-86.478,-2.905,3.2070,9.155,4.2,1.8
16.95,2,auto,-11.948,-1.764,3.2368,6.280,2.8,1.4
16.95,3,bus,16.050,-3.044,3.1595,7.374,11.0,2.6
16.95,4,car,-2.966,69.471,1.5564,8.361,4.2,1.8
16.95,5,auto,3.027,-51.443,-1.6053,6.438,2.8,1.4
16.95,6,twowheeler,2.226,-38.256,-1.6616,6.590,2.0,0.8
16.95,7,twowheeler,-49.547,4.523,3.1416,0.032,2.0,0.8
16.95,8,twowheeler,24.000,14.000,0.5281,0.000,2.0,0.8
16.95,9,pedestrian,-38.000,-5.740,-1.5708,1.177,0.5,0.5
16.95,10,pedestrian,-36.581,-4.946,-1.5392,1.138,0.5,0.5
16.95,11,pedestrian,8.000,-20.000,-3.1104,0.000,0.5,0.5
16.95,12,bus,-58.000,4.600,0.0000,0.000,11.0,2.6
16.95,13,pedestrian,-52.500,-7.500,-1.6633,0.000,0.5,0.5
16.95,14,pushcart,4.600,-42.000,1.5708,0.000,2.0,1.2
16.95,15,pedestrian,-7.878,9.699,1.1855,0.600,0.5,0.5
16.95,16,pedestrian,9.257,-8.744,0.9058,0.000,0.5,0.5
17.05,1,car,-87.394,-2.949,3.2070,9.161,4.2,1.8
17.05,2,auto,-12.576,-1.824,3.2368,6.284,2.8,1.4
17.05,3,bus,15.312,-2.989,3.1116,7.368,11.0,2.6
17.05,4,car,-2.963,70.307,1.5958,8.362,4.2,1.8
17.05,5,auto,2.996,-52.087,-1.5752,6.445,2.8,1.4
17.05,6,twowheeler,2.166,-38.913,-1.6620,6.563,2.0,0.8
17.05,7,twowheeler,-49.549,4.523,3.1416,0.019,2.0,0.8
17.05,8,twowheeler,24.000,14.000,0.5281,0.000,2.0,0.8
17.05,9,pedestrian,-38.000,-5.857,-1.5708,1.177,0.5,0.5
17.05,10,pedestrian,-36.577,-5.059,-1.5392,1.138,0.5,0.5
17.05,11,pedestrian,8.000,-20.000,-3.1104,0.000,0.5,0.5
17.05,12,bus,-58.000,4.600,0.0000,0.000,11.0,2.6
17.05,13,pedestrian,-52.500,-7.500,-1.6633,0.000,0.5,0.5
17.05,14,pushcart,4.600,-42.000,1.5708,0.000,2.0,1.2
17.05,15,pedestrian,-7.865,9.756,1.1495,0.600,0.5,0.5
17.05,16,pedestrian,9.257,-8.744,0.9058,0.000,0.5,0.5
17.15,1,car,-88.310,-2.894,3.0864,9.166,4.2,1.8
17.15,2,auto,-13.205,-1.884,3.2367,6.287,2.8,1.4
17.15,3,bus,14.576,-3.025,3.1716,7.363,11.0,2.6
17.15,4,car,-2.994,71.143,1.5959,8.362,4.2,1.8
17.15,5,auto,2.978,-52.732,-1.5318,6.452,2.8,1.4
17.15,6,twowheeler,2.106,-39.569,-1.6623,6.539,2.0,0.8
17.15,7,twowheeler,-49.551,4.523,3.1416,0.008,2.0,0.8
17.15,8,twowheeler,24.000,14.000,0.5281,0.000,2.0,0.8
17.15,9,pedestrian,-38.000,-5.975,-1.5708,1.177,0.5,0.5
17.15,10,pedestrian,-36.574,-5.173,-1.5392,1.138,0.5,0.5
17.15,11,pedestrian,8.000,-20.000,-3.1104,0.000,0.5,0.5
17.15,12,bus,-58.000,4.600,0.0000,0.000,11.0,2.6
17.15,13,pedestrian,-52.500,-7.500,-1.6633,0.000,0.5,0.5
17.15,14,pushcart,4.600,-42.000,1.5708,0.000,2.0,1.2
17.15,15,pedestrian,-7.819,9.794,0.5171,0.600,0.5,0.5
17.15,16,pedestrian,9.257,-8.744,0.9058,0.000,0.5,0.5
17.25,1,car,-89.227,-2.935,3.1857,9.172,4.2,1.8
17.25,2,auto,-13.834,-1.944,3.2367,6.291,2.8,1.4
17.25,3,bus,13.840,-3.069,3.1716,7.357,11.0,2.6
17.25,4,car,-3.035,71.980,1.6189,8.363,4.2,1.8
17.25,5,auto,2.978,-53.378,-1.4782,6.458,2.8,1.4
17.25,6,twowheeler,2.119,-40.221,-1.6210,6.516,2.0,0.8
17.25,7,twowheeler,-49.551,4.523,3.1416,0.000,2.0,0.8
17.25,8,twowheeler,24.000,14.000,0.5281,0.000,2.0,0.8
17.25,9,pedestrian,-38.000,-6.093,-1.5708,1.177,0.5,0.5
17.25,10,pedestrian,-36.570,-5.287,-1.5392,1.138,0.5,0.5
17.25,11,pedestrian,8.000,-20.000,-3.1104,0.000,0.5,0.5
17.25,12,bus,-58.000,4.600,0.0000,0.000,11.0,2.6
17.25,13,pedestrian,-52.500,-7.500,-1.6633,0.000,0.5,0.5
17.25,14,pushcart,4.600,-42.000,1.5708,0.000,2.0,1.2
17.25,15,pedestrian,-7.766,9.822,0.4232,0.600,0.5,0.5
17.25,16,pedestrian,9.257,-8.744,0.9058,0.000,0.5,0.5
17.35,1,car,-90.145,-2.900,3.0763,9.176,4.2,1.8
17.35,2,auto,-14.463,-2.004,3.2366,6.294,2.8,1.4
17.35,3,bus,13.104,-3.076,3.1602,7.351,11.0,2.6
17.35,4,car,-3.004,72.816,1.4992,8.363,4.2,1.8
17.35,5,auto,3.038,-54.024,-1.4782,6.464,2.8,1.4
17.35,6,twowheeler,2.179,-40.872,-1.4787,6.495,2.0,0.8
17.35,7,twowheeler,-49.551,4.523,3.1416,0.000,2.0,0.8
17.35,8,twowheeler,24.000,14.000,0.5281,0.000,2.0,0.8
17.35,9,pedestrian,-38.000,-6.211,-1.5708,1.177,0.5,0.5
17.35,10,pedestrian,-36.566,-5.400,-1.5392,1.138,0.5,0.5
17.35,11,pedestrian,8.000,-20.000,-3.1104,0.000,0.5,0.5
17.35,12,bus,-58.000,4.600,0.0000,0.000,11.0,2.6
17.35,13,pedestrian,-52.500,-7.500,-1.6633,0.000,0.5,0.5
17.35,14,pushcart,4.600,-42.000,1.5708,0.000,2.0,1.2
17.35,15,pedestrian,-7.713,9.848,0.3301,0.600,0.5,0.5
17.35,16,pedestrian,9.257,-8.744,0.9058,0.000,0.5,0.5
17.45,1,car,-91.063,-2.904,3.2069,9.181,4.2,1.8
17.45,2,auto,-15.092,-2.064,3.2366,6.296,2.8,1.4
17.45,3,bus,12.370,-3.102,3.1716,7.346,11.0,2.6
17.45,4,car,-3.004,73.652,1.6424,8.363,4.2,1.8
17.45,5,auto,3.098,-54.670,-1.4783,6.469,2.8,1.4
17.45,6,twowheeler,2.239,-41.520,-1.4784,6.477,2.0,0.8
17.45,7,twowheeler,-49.551,4.523,3.1416,0.000,2.0,0.8
17.45,8,twowheeler,24.000,14.000,0.5281,0.000,2.0,0.8
17.45,9,pedestrian,-38.000,-6.328,-1.5708,1.177,0.5,0.5
17.45,10,pedestrian,-36.563,-5.514,-1.5392,1.138,0.5,0.5
17.45,11,pedestrian,8.000,-20.000,-3.1104,0.000,0.5,0.5
17.45,12,bus,-58.000,4.600,0.0000,0.000,11.0,2.6
17.45,13,pedestrian,-52.500,-7.500,-1.6633,0.000,0.5,0.5
17.45,14,pushcart,4.600,-42.000,1.5708,0.000,2.0,1.2
17.45,15,pedestrian,-7.653,9.856,0.1248,0.600,0.5,0.5
17.45,16,pedestrian,9.257,-8.744,0.9058,0.000,0.5,0.5
17.55,1,car,-91.981,-2.844,3.0764,9.185,4.2,1.8
17.55,2,auto,-15.722,-2.124,3.2366,6.299,2.8,1.4
17.55,3,bus,11.635,-3.077,3.1116,7.340,11.0,2.6
17.55,4,car,-3.047,74.489,1.5997,8.363,4.2,1.8
17.55,5,auto,3.158,-55.318,-1.4784,6.474,2.8,1.4
17.55,6,twowheeler,2.239,-42.167,-1.6634,6.461,2.0,0.8
17.55,7,twowheeler,-49.551,4.523,3.1416,0.000,2.0,0.8
17.55,8,twowheeler,24.000,14.000,0.5281,0.000,2.0,0.8
17.55,9,pedestrian,-38.000,-6.446,-1.5708,1.177,0.5,0.5
17.55,10,pedestrian,-36.559,-5.628,-1.5392,1.138,0.5,0.5
17.55,11,pedestrian,8.000,-20.000,-3.1104,0.000,0.5,0.5
17.55,12,bus,-58.000,4.600,0.0000,0.000,11.0,2.6
17.55,13,pedestrian,-52.500,-7.500,-1.6633,0.000,0.5,0.5
17.55,14,pushcart,4.600,-42.000,1.5708,0.000,2.0,1.2
17.55,15,pedestrian,-7.600,9.877,0.6833,0.600,0.5,0.5
17.55,16,pedestrian,9.257,-8.744,0.9058,0.000,0.5,0.5
17.65,1,car,-92.900,-2.818,3.1498,9.189,4.2,1.8
17.65,2,auto,-16.352,-2.184,3.2365,6.301,2.8,1.4
17.65,3,bus,10.902,-3.091,3.1321,7.334,11.0,2.6
17.65,4,car,-3.066,75.325,1.6424,8.364,4.2,1.8
17.65,5,auto,3.218,-55.965,-1.4784,6.478,2.8,1.4
17.65,6,twowheeler,2.239,-42.813,-1.4780,6.446,2.0,0.8
17.65,7,twowheeler,-49.551,4.523,3.1416,0.000,2.0,0.8
17.65,8,twowheeler,24.000,14.000,0.5281,0.000,2.0,0.8
17.65,9,pedestrian,-38.000,-6.564,-1.5708,1.177,0.5,0.5
17.65,10,pedestrian,-36.556,-5.742,-1.5392,1.138,0.5,0.5
17.65,11,pedestrian,8.000,-20.000,-3.1104,0.000,0.5,0.5
17.65,12,bus,-58.000,4.600,0.0000,0.000,11.0,2.6
17.65,13,pedestrian,-52.500,-7.500,-1.6633,0.000,0.5,0.5
17.65,14,pushcart,4.600,-42.000,1.5708,0.000,2.0,1.2
17.65,15,pedestrian,-7.543,9.895,0.3146,0.600,0.5,0.5
17.65,16,pedestrian,9.257,-8.744,0.9058,0.000,0.5,0.5
17.75,1,car,-93.819,-2.817,3.0764,9.192,4.2,1.8
17.75,2,auto,-16.982,-2.244,3.2365,6.303,2.8,1.4
17.75,3,bus,10.169,-3.096,3.1301,7.328,11.0,2.6
17.75,4,car,-3.124,76.161,1.6424,8.364,4.2,1.8
17.75,5,auto,3.218,-56.613,-1.6631,6.482,2.8,1.4
17.75,6,twowheeler,2.239,-43.457,-1.4778,6.433,2.0,0.8
17.75,7,twowheeler,-49.551,4.523,3.1416,0.000,2.0,0.8
17.75,8,twowheeler,24.000,14.000,0.5281,0.000,2.0,0.8
17.75,9,pedestrian,-38.000,-6.682,-1.5708,1.177,0.5,0.5
17.75,10,pedestrian,-36.552,-5.855,-1.5392,1.138,0.5,0.5
17.75,11,pedestrian,8.000,-20.000,-3.1104,0.000,0.5,0.5
17.75,12,bus,-58.000,4.600,0.0000,0.000,11.0,2.6
17.75,13,pedestrian,-52.500,-7.500,-1.6633,0.000,0.5,0.5
17.75,14,pushcart,4.600,-42.000,1.5708,0.000,2.0,1.2
17.75,15,pedestrian,-7.514,9.904,2.6725,0.600,0.5,0.5
17.75,16,pedestrian,9.257,-8.744,0.9058,0.000,0.5,0.5
17.85,1,car,-94.738,-2.851,3.1964,9.196,4.2,1.8
17.85,2,auto,-17.613,-2.304,3.2365,6.305,2.8,1.4
17.85,3,bus,9.436,-3.065,3.1116,7.322,11.0,2.6
17.85,4,car,-3.134,76.998,1.5304,8.364,4.2,1.8
17.85,5,auto,3.158,-57.261,-1.6630,6.485,2.8,1.4
17.85,6,twowheeler,2.299,-44.099,-1.4776,6.421,2.0,0.8
17.85,7,twowheeler,-49.551,4.523,3.1416,0.000,2.0,0.8
17.85,8,twowheeler,24.000,14.000,0.5281,0.000,2.0,0.8
17.85,9,pedestrian,-38.000,-6.799,-1.5708,1.177,0.5,0.5
17.85,10,pedestrian,-36.548,-5.969,-1.5392,1.138,0.5,0.5
17.85,11,pedestrian,8.000,-20.000,-3.1104,0.000,0.5,0.5
17.85,12,bus,-58.000,4.600,0.0000,0.000,11.0,2.6
17.85,13,pedestrian,-52.500,-7.500,-1.6633,0.000,0.5,0.5
17.85,14,pushcart,4.600,-42.000,1.5708,0.000,2.0,1.2
17.85,15,pedestrian,-7.554,9.949,2.2572,0.600,0.5,0.5
17.85,16,pedestrian,9.257,-8.744,0.9058,0.000,0.5,0.5
17.95,1,car,-95.658,-2.791,3.0765,9.199,4.2,1.8
17.95,2,auto,-18.243,-2.362,3.2300,6.307,2.8,1.4
17.95,3,bus,8.704,-3.027,3.1116,7.316,11.0,2.6
17.95,4,car,-3.074,77.834,1.4992,8.364,4.2,1.8
17.95,5,auto,3.189,-57.910,-1.5688,6.489,2.8,1.4
17.95,6,twowheeler,2.359,-44.741,-1.4775,6.411,2.0,0.8
17.95,7,twowheeler,-49.551,4.523,3.1416,0.000,2.0,0.8
17.95,8,twowheeler,24.000,14.000,0.5281,0.000,2.0,0.8
17.95,9,pedestrian,-38.000,-6.917,-1.5708,1.177,0.5,0.5
17.95,10,pedestrian,-36.545,-6.083,-1.5392,1.138,0.5,0.5
17.95,11,pedestrian,8.000,-20.000,-3.1104,0.000,0.5,0.5
17.95,12,bus,-58.000,4.600,0.0000,0.000,11.0,2.6
17.95,13,pedestrian,-52.500,-7.500,-1.6633,0.000,0.5,0.5
17.95,14,pushcart,4.600,-42.000,1.5708,0.000,2.0,1.2
17.95,15,pedestrian,-7.601,9.986,2.4913,0.600,0.5,0.5
17.95,16,pedestrian,9.257,-8.744,0.9058,0.000,0.5,0.5
18.05,1,car,-96.578,-2.731,3.0765,9.202,4.2,1.8
18.05,2,auto,-18.874,-2.422,3.2364,6.308,2.8,1.4
18.05,3,bus,7.973,-3.061,3.1716,7.310,11.0,2.6
18.05,4,car,-3.074,78.671,1.6424,8.365,4.2,1.8
18.05,5,auto,3.189,-58.559,-1.6630,6.492,2.8,1.4
18.05,6,twowheeler,2.419,-45.381,-1.4773,6.402,2.0,0.8
18.05,7,twowheeler,-49.551,4.523,3.1416,0.000,2.0,0.8
18.05,8,twowheeler,24.000,14.000,0.5281,0.000,2.0,0.8
18.05,9,pedestrian,-38.000,-7.035,-1.5708,1.177,0.5,0.5
18.05,10,pedestrian,-36.541,-6.196,-1.5392,1.138,0.5,0.5
18.05,11,pedestrian,8.000,-20.000,-3.1104,0.000,0.5,0.5
18.05,12,bus,-58.000,4.600,0.0000,0.000,11.0,2.6
18.05,13,pedestrian,-52.500,-7.500,-1.6633,0.000,0.5,0.5
18.05,14,pushcart,4.600,-42.000,1.5708,0.000,2.0,1.2
18.05,15,pedestrian,-7.658,10.004,2.9182,0.600,0.5,0.5
18.05,16,pedestrian,9.257,-8.744,0.9058,0.000,0.5,0.5
18.15,1,car,-97.498,-2.731,3.2067,9.205,4.2,1.8
18.15,2,auto,-19.505,-2.470,3.2364,6.310,2.8,1.4
18.15,3,bus,7.242,-3.094,3.1716,7.304,11.0,2.6
18.15,4,car,-3.088,79.507,1.6424,8.365,4.2,1.8
18.15,5,auto,3.227,-59.208,-1.5455,6.494,2.8,1.4
18.15,6,twowheeler,2.479,-46.021,-1.4772,6.394,2.0,0.8
18.15,7,twowheeler,-49.551,4.523,3.1416,0.000,2.0,0.8
18.15,8,twowheeler,24.000,14.000,0.5281,0.000,2.0,0.8
18.15,9,pedestrian,-38.000,-7.153,-1.5708,1.177,0.5,0.5
18.15,10,pedestrian,-36.538,-6.310,-1.5392,1.138,0.5,0.5
18.15,11,pedestrian,8.000,-20.000,-3.1104,0.000,0.5,0.5
18.15,12,bus,-58.000,4.600,0.0000,0.000,11.0,2.6
18.15,13,pedestrian,-52.500,-7.500,-1.6633,0.000,0.5,0.5
18.15,14,pushcart,4.600,-42.000,1.5708,0.000,2.0,1.2
18.15,15,pedestrian,-7.717,10.002,3.3873,0.600,0.5,0.5
18.15,16,pedestrian,9.257,-8.744,0.9058,0.000,0.5,0.5
18.25,1,car,-98.419,-2.754,3.2067,9.208,4.2,1.8
18.25,2,auto,-20.136,-2.471,3.2364,6.311,2.8,1.4
18.25,3,bus,6.512,-3.093,3.1716,7.298,11.0,2.6
18.25,4,car,-3.121,80.344,1.5797,8.365,4.2,1.8
18.25,5,auto,3.168,-59.858,-1.6608,6.497,2.8,1.4
18.25,6,twowheeler,2.539,-46.660,-1.4771,6.387,2.0,0.8
18.25,7,twowheeler,-49.551,4.523,3.1416,0.000,2.0,0.8
18.25,8,twowheeler,24.000,14.000,0.5281,0.000,2.0,0.8
18.25,9,pedestrian,-38.000,-7.270,-1.5708,1.177,0.5,0.5
18.25,10,pedestrian,-36.534,-6.424,-1.5392,1.138,0.5,0.5
18.25,11,pedestrian,8.000,-20.000,-3.1104,0.000,0.5,0.5
18.25,12,bus,-58.000,4.600,0.0000,0.000,11.0,2.6
18.25,13,pedestrian,-52.500,-7.500,-1.6633,0.000,0.5,0.5
18.25,14,pushcart,4.600,-42.000,1.5708,0.000,2.0,1.2
18.25,15,pedestrian,-7.748,9.951,4.2422,0.600,0.5,0.5
18.25,16,pedestrian,9.257,-8.744,0.9058,0.000,0.5,0.5
18.35,1,car,-99.340,-2.814,3.2066,9.210,4.2,1.8
18.35,2,auto,-20.767,-2.471,3.0468,6.312,2.8,1.4
18.35,3,bus,5.783,-3.110,3.1716,7.292,11.0,2.6
18.35,4,car,-3.091,81.180,1.5431,8.365,4.2,1.8
18.35,5,auto,3.108,-60.508,-1.6629,6.499,2.8,1.4
18.35,6,twowheeler,2.539,-47.298,-1.6646,6.380,2.0,0.8
18.35,7,twowheeler,-49.551,4.523,3.1416,0.000,2.0,0.8
18.35,8,twowheeler,24.000,14.000,0.5281,0.000,2.0,0.8
18.35,9,pedestrian,-38.000,-7.388,-1.5708,1.177,0.5,0.5
18.35,10,pedestrian,-36.530,-6.537,-1.5392,1.138,0.5,0.5
18.35,11,pedestrian,8.000,-20.000,-3.1104,0.000,0.5,0.5
18.35,12,bus,-58.000,4.600,0.0000,0.000,11.0,2.6
18.35,13,pedestrian,-52.500,-7.500,-1.6633,0.000,0.5,0.5
18.35,14,pushcart,4.600,-42.000,1.5708,0.000,2.0,1.2
18.35,15,pedestrian,-7.761,9.893,4.3617,0.600,0.5,0.5
18.35,16,pedestrian,9.257,-8.744,0.9058,0.000,0.5,0.5
18.45,2,auto,-21.398,-2.437,3.1287,6.313,2.8,1.4
18.45,3,bus,5.054,-3.085,3.1116,7.286,11.0,2.6
18.45,4,car,-3.093,82.017,1.5022,8.365,4.2,1.8
18.45,5,auto,3.048,-61.158,-1.6628,6.501,2.8,1.4
18.45,6,twowheeler,2.479,-47.936,-1.6646,6.375,2.0,0.8
18.45,7,twowheeler,-49.551,4.523,3.1416,0.000,2.0,0.8
18.45,8,twowheeler,24.000,14.000,0.5281,0.000,2.0,0.8
18.45,9,pedestrian,-38.000,-7.506,-1.5708,1.177,0.5,0.5
18.45,10,pedestrian,-36.527,-6.651,-1.5392,1.138,0.5,0.5
18.45,11,pedestrian,8.000,-20.000,-3.1104,0.000,0.5,0.5
18.45,12,bus,-58.000,4.600,0.0000,0.000,11.0,2.6
18.45,13,pedestrian,-52.500,-7.500,-1.6633,0.000,0.5,0.5
18.45,14,pushcart,4.600,-42.000,1.5708,0.000,2.0,1.2
18.45,15,pedestrian,-7.771,9.834,4.4847,0.600,0.5,0.5
18.45,16,pedestrian,9.257,-8.744,0.9058,0.000,0.5,0.5
18.55,2,auto,-22.030,-2.433,3.0468,6.314,2.8,1.4
18.55,3,bus,4.325,-3.071,3.1116,7.280,11.0,2.6
18.55,4,car,-3.106,82.853,1.5700,8.365,4.2,1.8
18.55,5,auto,3.048,-61.808,-1.4788,6.503,2.8,1.4
18.55,6,twowheeler,2.474,-48.573,-1.4944,6.370,2.0,0.8
18.55,7,twowheeler,-49.551,4.523,3.1416,0.000,2.0,0.8
18.55,8,twowheeler,24.000,14.000,0.5281,0.000,2.0,0.8
18.55,9,pedestrian,-38.000,-7.623,-1.5708,1.177,0.5,0.5
18.55,10,pedestrian,-36.523,-6.765,-1.5392,1.138,0.5,0.5
18.55,11,pedestrian,8.000,-20.000,-3.1104,0.000,0.5,0.5
18.55,12,bus,-58.000,4.600,0.0000,0.000,11.0,2.6
18.55,13,pedestrian,-52.500,-7.500,-1.6633,0.000,0.5,0.5
18.55,14,pushcart,4.600,-42.000,1.5708,0.000,2.0,1.2
18.55,15,pedestrian,-7.763,9.774,4.9314,0.600,0.5,0.5
18.55,16,pedestrian,9.257,-8.744,0.9058,0.000,0.5,0.5
18.65,2,auto,-22.661,-2.397,3.0469,6.315,2.8,1.4
18.65,3,bus,3.598,-3.051,3.1116,7.273,11.0,2.6
18.65,4,car,-3.166,83.690,1.6424,8.366,4.2,1.8
18.65,5,auto,3.096,-62.458,-1.5150,6.505,2.8,1.4
18.65,6,twowheeler,2.421,-49.210,-1.6437,6.367,2.0,0.8
18.65,7,twowheeler,-49.551,4.523,3.1416,0.000,2.0,0.8
18.65,8,twowheeler,24.000,14.000,0.5281,0.000,2.0,0.8
18.65,9,pedestrian,-38.000,-7.741,-1.5708,1.177,0.5,0.5
18.65,10,pedestrian,-36.520,-6.879,-1.5392,1.138,0.5,0.5
18.65,11,pedestrian,8.000,-20.000,-3.1104,0.000,0.5,0.5
18.65,12,bus,-58.000,4.600,0.0000,0.000,11.0,2.6
18.65,13,pedestrian,-52.500,-7.500,-1.6633,0.000,0.5,0.5
18.65,14,pushcart,4.600,-42.000,1.5708,0.000,2.0,1.2
18.65,15,pedestrian,-7.760,9.715,4.5894,0.600,0.5,0.5
18.65,16,pedestrian,9.257,-8.744,0.9058,0.000,0.5,0.5
18.75,2,auto,-23.292,-2.356,3.1091,6.316,2.8,1.4
18.75,3,bus,2.871,-3.102,3.1716,7.267,11.0,2.6
18.75,4,car,-3.175,84.526,1.6424,8.366,4.2,1.8
18.75,5,auto,3.036,-63.109,-1.6628,6.506,2.8,1.4
18.75,6,twowheeler,2.374,-49.847,-1.6234,6.363,2.0,0.8
18.75,7,twowheeler,-49.551,4.523,3.1416,0.000,2.0,0.8
18.75,8,twowheeler,24.000,14.000,0.5281,0.000,2.0,0.8
18.75,9,pedestrian,-38.000,-7.800,-1.5708,0.000,0.5,0.5
18.75,10,pedestrian,-36.516,-6.992,-1.5392,1.138,0.5,0.5
18.75,11,pedestrian,8.000,-20.000,-3.1104,0.000,0.5,0.5
18.75,12,bus,-58.000,4.600,0.0000,0.000,11.0,2.6
18.75,13,pedestrian,-52.500,-7.500,-1.6633,0.000,0.5,0.5
18.75,14,pushcart,4.600,-42.000,1.5708,0.000,2.0,1.2
18.75,15,pedestrian,-7.751,9.657,5.0393,0.600,0.5,0.5
18.75,16,pedestrian,9.257,-8.744,0.9058,0.000,0.5,0.5
18.85,2,auto,-23.924,-2.356,3.0469,6.316,2.8,1.4
18.85,3,bus,2.144,-3.119,3.1116,7.261,11.0,2.6
18.85,4,car,-3.189,85.363,1.5806,8.366,4.2,1.8
18.85,5,auto,3.015,-63.760,-1.6627,6.508,2.8,1.4
18.85,6,twowheeler,2.392,-50.483,-1.5398,6.361,2.0,0.8
18.85,7,twowheeler,-49.551,4.523,3.1416,0.000,2.0,0.8
18.85,8,twowheeler,24.000,14.000,0.5281,0.000,2.0,0.8
18.85,9,pedestrian,-38.000,-7.800,-1.5708,0.000,0.5,0.5
18.85,10,pedestrian,-36.512,-7.106,-1.5392,1.138,0.5,0.5
18.85,11,pedestrian,8.000,-20.000,-3.1104,0.000,0.5,0.5
18.85,12,bus,-58.000,4.600,0.0000,0.000,11.0,2.6
18.85,13,pedestrian,-52.500,-7.500,-1.6633,0.000,0.5,0.5
18.85,14,pushcart,4.600,-42.000,1.5708,0.000,2.0,1.2
18.85,15,pedestrian,-7.749,9.597,4.8739,0.600,0.5,0.5
18.85,16,pedestrian,9.257,-8.744,0.9058,0.000,0.5,0.5
18.95,2,auto,-24.556,-2.416,3.2363,6.317,2.8,1.4
18.95,3,bus,1.419,-3.127,3.1716,7.254,11.0,2.6
18.95,4,car,-3.213,86.199,1.5984,8.366,4.2,1.8
18.95,5,auto,3.019,-64.411,-1.4789,6.509,2.8,1.4
18.95,6,twowheeler,2.332,-51.119,-1.6649,6.359,2.0,0.8
18.95,7,twowheeler,-49.551,4.523,3.1416,0.000,2.0,0.8
18.95,8,twowheeler,24.000,14.000,0.5281,0.000,2.0,0.8
18.95,9,pedestrian,-38.000,-7.800,-1.5708,0.000,0.5,0.5
18.95,10,pedestrian,-36.509,-7.220,-1.5392,1.138,0.5,0.5
18.95,11,pedestrian,8.000,-20.000,-3.1104,0.000,0.5,0.5
18.95,12,bus,-58.000,4.600,0.0000,0.000,11.0,2.6
18.95,13,pedestrian,-52.500,-7.500,-1.6633,0.000,0.5,0.5
18.95,14,pushcart,4.600,-42.000,1.5708,0.000,2.0,1.2
18.95,15,pedestrian,-7.723,9.543,5.1870,0.600,0.5,0.5
18.95,16,pedestrian,9.257,-8.744,0.9058,0.000,0.5,0.5
19.05,2,auto,-25.187,-2.375,3.0469,6.317,2.8,1.4
19.05,3,bus,0.694,-3.117,3.1555,7.248,11.0,2.6
19.05,4,car,-3.153,87.036,1.4992,8.366,4.2,1.8
19.05,5,auto,3.079,-65.062,-1.4789,6.510,2.8,1.4
19.05,6,twowheeler,2.294,-51.755,-1.5963,6.357,2.0,0.8
19.05,7,twowheeler,-49.551,4.523,3.1416,0.000,2.0,0.8
19.05,8,twowheeler,24.000,14.000,0.5281,0.000,2.0,0.8
19.05,9,pedestrian,-38.000,-7.800,-1.5708,0.000,0.5,0.5
19.05,10,pedestrian,-36.505,-7.333,-1.5392,1.138,0.5,0.5
19.05,11,pedestrian,8.000,-20.000,-3.1104,0.000,0.5,0.5
19.05,12,bus,-58.000,4.600,0.0000,0.000,11.0,2.6
19.05,13,pedestrian,-52.500,-7.500,-1.6633,0.000,0.5,0.5
19.05,14,pushcart,4.600,-42.000,1.5708,0.000,2.0,1.2
19.05,15,pedestrian,-7.689,9.494,5.2212,0.600,0.5,0.5
19.05,16,pedestrian,9.257,-8.744,0.9058,0.000,0.5,0.5
19.15,2,auto,-25.819,-2.435,3.2363,6.318,2.8,1.4
19.15,3,bus,-0.031,-3.092,3.1116,7.241,11.0,2.6
19.15,4,car,-3.153,87.873,1.6424,8.366,4.2,1.8
19.15,5,auto,3.019,-65.713,-1.6627,6.511,2.8,1.4
19.15,6,twowheeler,2.294,-52.390,-1.6649,6.356,2.0,0.8
19.15,7,twowheeler,-49.551,4.523,3.1416,0.000,2.0,0.8
19.15,8,twowheeler,24.000,14.000,0.5281,0.000,2.0,0.8
19.15,9,pedestrian,-38.000,-7.800,-1.5708,0.000,0.5,0.5
19.15,10,pedestrian,-36.502,-7.447,-1.5392,1.138,0.5,0.5
19.15,11,pedestrian,8.000,-20.000,-3.1104,0.000,0.5,0.5
19.15,12,bus,-58.000,4.600,0.0000,0.000,11.0,2.6
19.15,13,pedestrian,-52.500,-7.500,-1.6633,0.000,0.5,0.5
19.15,14,pushcart,4.600,-42.000,1.5708,0.000,2.0,1.2
19.15,15,pedestrian,-7.658,9.443,5.2376,0.600,0.5,0.5
19.15,16,pedestrian,9.257,-8.744,0.9058,0.000,0.5,0.5
19.25,2,auto,-26.451,-2.495,3.2363,6.318,2.8,1.4
19.25,3,bus,-0.755,-3.106,3.1233,7.235,11.0,2.6
19.25,4,car,-3.210,88.709,1.6424,8.366,4.2,1.8
19.25,5,auto,3.003,-66.364,-1.6627,6.512,2.8,1.4
19.25,6,twowheeler,2.234,-53.026,-1.6649,6.356,2.0,0.8
19.25,7,twowheeler,-49.551,4.523,3.1416,0.000,2.0,0.8
19.25,8,twowheeler,24.000,14.000,0.5281,0.000,2.0,0.8
19.25,9,pedestrian,-38.000,-7.800,-1.5708,0.000,0.5,0.5
19.25,10,pedestrian,-36.500,-7.500,-1.5392,0.000,0.5,0.5
19.25,11,pedestrian,8.000,-20.000,-3.1104,0.000,0.5,0.5
19.25,12,bus,-58.000,4.600,0.0000,0.000,11.0,2.6
19.25,13,pedestrian,-52.500,-7.500,-1.6633,0.000,0.5,0.5
19.25,14,pushcart,4.600,-42.000,1.5708,0.000,2.0,1.2
19.25,15,pedestrian,-7.640,9.419,1.7843,0.600,0.5,0.5
19.25,16,pedestrian,9.257,-8.744,0.9058,0.000,0.5,0.5
19.35,2,auto,-27.083,-2.495,3.0469,6.319,2.8,1.4
19.35,3,bus,-1.478,-3.134,3.1716,7.228,11.0,2.6
19.35,4,car,-3.270,89.546,1.6424,8.366,4.2,1.8
19.35,5,auto,3.054,-67.015,-1.4789,6.513,2.8,1.4
19.35,6,twowheeler,2.174,-53.662,-1.6649,6.355,2.0,0.8
19.35,7,twowheeler,-49.551,4.523,3.1416,0.000,2.0,0.8
19.35,8,twowheeler,24.000,14.000,0.5281,0.000,2.0,0.8
19.35,9,pedestrian,-38.000,-7.800,-1.5708,0.000,0.5,0.5
19.35,10,pedestrian,-36.500,-7.500,-1.5392,0.000,0.5,0.5
19.35,11,pedestrian,8.000,-20.000,-3.1104,0.000,0.5,0.5
19.35,12,bus,-58.000,4.600,0.0000,0.000,11.0,2.6
19.35,13,pedestrian,-52.500,-7.500,-1.6633,0.000,0.5,0.5
19.35,14,pushcart,4.600,-42.000,1.5708,0.000,2.0,1.2
19.35,15,pedestrian,-7.659,9.476,1.9684,0.600,0.5,0.5
19.35,16,pedestrian,9.257,-8.744,0.9058,0.000,0.5,0.5
19.45,2,auto,-27.715,-2.435,3.0469,6.319,2.8,1.4
19.45,3,bus,-2.200,-3.124,3.1636,7.222,11.0,2.6
19.45,4,car,-3.330,90.382,1.6424,8.366,4.2,1.8
19.45,5,auto,3.114,-67.666,-1.4789,6.514,2.8,1.4
19.45,6,twowheeler,2.114,-54.297,-1.6649,6.355,2.0,0.8
19.45,7,twowheeler,-49.551,4.523,3.1416,0.000,2.0,0.8
19.45,8,twowheeler,24.000,14.000,0.5281,0.000,2.0,0.8
19.45,9,pedestrian,-38.000,-7.800,-1.5708,0.000,0.5,0.5
19.45,10,pedestrian,-36.500,-7.500,-1.5392,0.000,0.5,0.5
19.45,11,pedestrian,8.000,-20.000,-3.1104,0.000,0.5,0.5
19.45,12,bus,-58.000,4.600,0.0000,0.000,11.0,2.6
19.45,13,pedestrian,-52.500,-7.500,-1.6633,0.000,0.5,0.5
19.45,14,pushcart,4.600,-42.000,1.5708,0.000,2.0,1.2
19.45,15,pedestrian,-7.693,9.525,2.2712,0.600,0.5,0.5
19.45,16,pedestrian,9.257,-8.744,0.9058,0.000,0.5,0.5
19.55,2,auto,-28.347,-2.435,3.0469,6.320,2.8,1.4
19.55,3,bus,-2.922,-3.147,3.1716,7.215,11.0,2.6
19.55,4,car,-3.325,91.219,1.5419,8.366,4.2,1.8
19.55,5,auto,3.174,-68.318,-1.4790,6.515,2.8,1.4
19.55,6,twowheeler,2.054,-54.933,-1.6649,6.355,2.0,0.8
19.55,7,twowheeler,-49.551,4.523,3.1416,0.000,2.0,0.8
19.55,8,twowheeler,24.000,14.000,0.5281,0.000,2.0,0.8
19.55,9,pedestrian,-38.000,-7.800,-1.5708,0.000,0.5,0.5
19.55,10,pedestrian,-36.500,-7.500,-1.5392,0.000,0.5,0.5
19.55,11,pedestrian,8.000,-20.000,-3.1104,0.000,0.5,0.5
19.55,12,bus,-58.000,4.600,0.0000,0.000,11.0,2.6
19.55,13,pedestrian,-52.500,-7.500,-1.6633,0.000,0.5,0.5
19.55,14,pushcart,4.600,-42.000,1.5708,0.000,2.0,1.2
19.55,15,pedestrian,-7.727,9.574,2.1675,0.600,0.5,0.5
19.55,16,pedestrian,9.257,-8.744,0.9058,0.000,0.5,0.5
19.65,2,auto,-28.979,-2.459,3.1405,6.320,2.8,1.4
19.65,3,bus,-3.643,-3.101,3.1116,7.208,11.0,2.6
19.65,4,car,-3.349,92.056,1.5568,8.366,4.2,1.8
19.65,5,auto,3.114,-68.969,-1.6626,6.515,2.8,1.4
19.65,6,twowheeler,2.054,-55.568,-1.4767,6.356,2.0,0.8
19.65,7,twowheeler,-49.551,4.523,3.1416,0.000,2.0,0.8
19.65,8,twowheeler,24.000,14.000,0.5281,0.000,2.0,0.8
19.65,9,pedestrian,-38.000,-7.800,-1.5708,0.000,0.5,0.5
19.65,10,pedestrian,-36.500,-7.500,-1.5392,0.000,0.5,0.5
19.65,11,pedestrian,8.000,-20.000,-3.1104,0.000,0.5,0.5
19.65,12,bus,-58.000,4.600,0.0000,0.000,11.0,2.6
19.65,13,pedestrian,-52.500,-7.500,-1.6633,0.000,0.5,0.5
19.65,14,pushcart,4.600,-42.000,1.5708,0.000,2.0,1.2
19.65,15,pedestrian,-7.771,9.615,2.4452,0.600,0.5,0.5
19.65,16,pedestrian,9.257,-8.744,0.9058,0.000,0.5,0.5
19.75,2,auto,-29.611,-2.459,3.2362,6.320,2.8,1.4
19.75,3,bus,-4.364,-3.076,3.1159,7.202,11.0,2.6
19.75,4,car,-3.289,92.892,1.4992,8.366,4.2,1.8
19.75,5,auto,3.112,-69.621,-1.6626,6.516,2.8,1.4
19.75,6,twowheeler,2.054,-56.204,-1.6649,6.357,2.0,0.8
19.75,7,twowheeler,-49.551,4.523,3.1416,0.000,2.0,0.8
19.75,8,twowheeler,24.000,14.000,0.5281,0.000,2.0,0.8
19.75,9,pedestrian,-38.000,-7.800,-1.5708,0.000,0.5,0.5
19.75,10,pedestrian,-36.500,-7.500,-1.5392,0.000,0.5,0.5
19.75,11,pedestrian,8.000,-20.000,-3.1104,0.000,0.5,0.5
19.75,12,bus,-58.000,4.600,0.0000,0.000,11.0,2.6
19.75,13,pedestrian,-52.500,-7.500,-1.6633,0.000,0.5,0.5
19.75,14,pushcart,4.600,-42.000,1.5708,0.000,2.0,1.2
19.75,15,pedestrian,-7.806,9.663,2.1341,0.600,0.5,0.5
19.75,16,pedestrian,9.312,-8.722,0.2718,0.600,0.5,0.5
19.85,2,auto,-30.243,-2.399,3.0469,6.321,2.8,1.4
19.85,3,bus,-5.084,-3.080,3.1448,7.195,11.0,2.6
19.85,4,car,-3.229,93.729,1.4992,8.366,4.2,1.8
19.85,5,auto,3.129,-70.273,-1.4790,6.516,2.8,1.4
19.85,6,twowheeler,2.075,-56.840,-1.4767,6.358,2.0,0.8
19.85,7,twowheeler,-49.551,4.523,3.1416,0.000,2.0,0.8
19.85,8,twowheeler,24.000,14.000,0.5281,0.000,2.0,0.8
19.85,9,pedestrian,-38.000,-7.800,-1.5708,0.000,0.5,0.5
19.85,10,pedestrian,-36.500,-7.500,-1.5392,0.000,0.5,0.5
19.85,11,pedestrian,8.000,-20.000,-3.1104,0.000,0.5,0.5
19.85,12,bus,-58.000,4.600,0.0000,0.000,11.0,2.6
19.85,13,pedestrian,-52.500,-7.500,-1.6633,0.000,0.5,0.5
19.85,14,pushcart,4.600,-42.000,1.5708,0.000,2.0,1.2
19.85,15,pedestrian,-7.848,9.704,2.5490,0.600,0.5,0.5
19.85,16,pedestrian,9.362,-8.688,0.6341,0.600,0.5,0.5
19.95,2,auto,-30.875,-2.339,3.0470,6.321,2.8,1.4
19.95,3,bus,-5.803,-3.140,3.1716,7.188,11.0,2.6
19.95,4,car,-3.182,94.566,1.4992,8.367,4.2,1.8
19.95,5,auto,3.096,-70.924,-1.6626,6.517,2.8,1.4
19.95,6,twowheeler,2.015,-57.476,-1.6649,6.360,2.0,0.8
19.95,7,twowheeler,-49.551,4.523,3.1416,0.000,2.0,0.8
19.95,8,twowheeler,24.000,14.000,0.5281,0.000,2.0,0.8
19.95,9,pedestrian,-38.000,-7.800,-1.5708,0.000,0.5,0.5
19.95,10,pedestrian,-36.500,-7.500,-1.5392,0.000,0.5,0.5
19.95,11,pedestrian,8.000,-20.000,-3.1104,0.000,0.5,0.5
19.95,12,bus,-58.000,4.600,0.0000,0.000,11.0,2.6
19.95,13,pedestrian,-52.500,-7.500,-1.6633,0.000,0.5,0.5
19.95,14,pushcart,4.600,-42.000,1.5708,0.000,2.0,1.2
19.95,15,pedestrian,-7.886,9.751,2.2506,0.600,0.5,0.5
19.95,16,pedestrian,9.403,-8.645,0.9048,0.600,0.5,0.5
20.05,2,auto,-31.507,-2.279,3.0470,6.321,2.8,1.4
20.05,3,bus,-6.521,-3.130,3.1574,7.181,11.0,2.6
20.05,4,car,-3.182,95.402,1.4992,8.367,4.2,1.8
20.05,5,auto,3.096,-71.576,-1.6626,6.517,2.8,1.4
20.05,6,twowheeler,1.955,-58.112,-1.6648,6.361,2.0,0.8
20.05,7,twowheeler,-49.551,4.523,3.1416,0.000,2.0,0.8
20.05,8,twowheeler,24.000,14.000,0.5281,0.000,2.0,0.8
20.05,9,pedestrian,-38.000,-7.800,-1.5708,0.000,0.5,0.5
20.05,10,pedestrian,-36.500,-7.500,-1.5392,0.000,0.5,0.5
20.05,11,pedestrian,8.000,-20.000,-3.1104,0.000,0.5,0.5
20.05,12,bus,-58.000,4.600,0.0000,0.000,11.0,2.6
20.05,13,pedestrian,-52.500,-7.500,-1.6633,0.000,0.5,0.5
20.05,14,pushcart,4.600,-42.000,1.5708,0.000,2.0,1.2
20.05,15,pedestrian,-7.898,9.809,1.5867,0.600,0.5,0.5
20.05,16,pedestrian,9.437,-8.596,0.9191,0.600,0.5,0.5
20.15,2,auto,-32.139,-2.219,3.0470,6.321,2.8,1.4
20.15,3,bus,-7.239,-3.123,3.1116,7.174,11.0,2.6
20.15,4,car,-3.242,96.239,1.6424,8.367,4.2,1.8
20.15,5,auto,3.156,-72.228,-1.4790,6.518,2.8,1.4
20.15,6,twowheeler,1.895,-58.749,-1.6641,6.414,2.0,0.8
20.15,7,twowheeler,-49.551,4.523,3.1416,0.000,2.0,0.8
20.15,8,twowheeler,24.000,14.000,0.5281,0.000,2.0,0.8
20.15,9,pedestrian,-38.000,-7.800,-1.5708,0.000,0.5,0.5
20.15,10,pedestrian,-36.500,-7.500,-1.5392,0.000,0.5,0.5
20.15,11,pedestrian,8.000,-20.000,-3.1104,0.000,0.5,0.5
20.15,12,bus,-58.000,4.600,0.0000,0.000,11.0,2.6
20.15,13,pedestrian,-52.500,-7.500,-1.6633,0.000,0.5,0.5
20.15,14,pushcart,4.600,-42.000,1.5708,0.000,2.0,1.2
20.15,15,pedestrian,-7.881,9.867,1.4059,0.600,0.5,0.5
20.15,16,pedestrian,9.418,-8.619,-2.2634,0.600,0.5,0.5
20.25,2,auto,-32.771,-2.159,3.0470,6.321,2.8,1.4
20.25,3,bus,-7.956,-3.077,3.1116,7.167,11.0,2.6
20.25,4,car,-3.302,97.076,1.6424,8.367,4.2,1.8
20.25,5,auto,3.156,-72.879,-1.6626,6.518,2.8,1.4
20.25,6,twowheeler,1.907,-59.396,-1.4790,6.516,2.0,0.8
20.25,7,twowheeler,-49.551,4.523,3.1416,0.000,2.0,0.8
20.25,8,twowheeler,24.000,14.000,0.5281,0.000,2.0,0.8
20.25,9,pedestrian,-38.000,-7.800,-1.5708,0.000,0.5,0.5
20.25,10,pedestrian,-36.500,-7.500,-1.5392,0.000,0.5,0.5
20.25,11,pedestrian,8.000,-20.000,-3.1104,0.000,0.5,0.5
20.25,12,bus,-58.000,4.600,0.0000,0.000,11.0,2.6
20.25,13,pedestrian,-52.500,-7.500,-1.6633,0.000,0.5,0.5
20.25,14,pushcart,4.600,-42.000,1.5708,0.000,2.0,1.2
20.25,15,pedestrian,-7.854,9.920,0.9725,0.600,0.5,0.5
20.25,16,pedestrian,9.398,-8.675,-1.7785,0.600,0.5,0.5
20.35,2,auto,-33.403,-2.099,3.0470,6.322,2.8,1.4
20.35,3,bus,-8.673,-3.041,3.1116,7.160,11.0,2.6
20.35,4,car,-3.246,97.912,1.5082,8.367,4.2,1.8
20.35,5,auto,3.150,-73.531,-1.5230,6.519,2.8,1.4
20.35,6,twowheeler,1.967,-60.052,-1.4803,6.615,2.0,0.8
20.35,7,twowheeler,-49.551,4.523,3.1416,0.000,2.0,0.8
20.35,8,twowheeler,24.000,14.000,0.5281,0.000,2.0,0.8
20.35,9,pedestrian,-38.000,-7.800,-1.5708,0.000,0.5,0.5
20.35,10,pedestrian,-36.500,-7.500,-1.5392,0.000,0.5,0.5
20.35,11,pedestrian,8.000,-20.000,-3.1104,0.000,0.5,0.5
20.35,12,bus,-58.000,4.600,0.0000,0.000,11.0,2.6
20.35,13,pedestrian,-52.500,-7.500,-1.6633,0.000,0.5,0.5
20.35,14,pushcart,4.600,-42.000,1.5708,0.000,2.0,1.2
20.35,15,pedestrian,-7.815,9.964,0.7357,0.600,0.5,0.5
20.35,16,pedestrian,9.372,-8.729,-2.1176,0.600,0.5,0.5
20.45,2,auto,-34.035,-2.039,3.0470,6.322,2.8,1.4
20.45,3,bus,-9.388,-3.043,3.1465,7.153,11.0,2.6
20.45,4,car,-3.246,98.749,1.6424,8.367,4.2,1.8
20.45,5,auto,3.140,-74.183,-1.6626,6.519,2.8,1.4
20.45,6,twowheeler,2.015,-60.717,-1.5158,6.651,2.0,0.8
20.45,7,twowheeler,-49.551,4.523,3.1416,0.000,2.0,0.8
20.45,8,twowheeler,24.000,14.000,0.5281,0.000,2.0,0.8
20.45,9,pedestrian,-38.000,-7.800,-1.5708,0.000,0.5,0.5
20.45,10,pedestrian,-36.500,-7.500,-1.5392,0.000,0.5,0.5
20.45,11,pedestrian,8.000,-20.000,-3.1104,0.000,0.5,0.5
20.45,12,bus,-58.000,4.600,0.0000,0.000,11.0,2.6
20.45,13,pedestrian,-52.500,-7.500,-1.6633,0.000,0.5,0.5
20.45,14,pushcart,4.600,-42.000,1.5708,0.000,2.0,1.2
20.45,15,pedestrian,-7.774,10.008,0.9407,0.600,0.5,0.5
20.45,16,pedestrian,9.334,-8.774,-2.3509,0.600,0.5,0.5
20.55,2,auto,-34.668,-2.022,3.0470,6.322,2.8,1.4
20.55,3,bus,-10.103,-3.064,3.1564,7.147,11.0,2.6
20.55,4,car,-3.230,99.586,1.6053,8.367,4.2,1.8
20.55,5,auto,3.083,-74.835,-1.6525,6.519,2.8,1.4
20.55,6,twowheeler,1.955,-61.381,-1.6611,6.626,2.0,0.8
20.55,7,twowheeler,-49.551,4.523,3.1416,0.000,2.0,0.8
20.55,8,twowheeler,24.000,14.000,0.5281,0.000,2.0,0.8
20.55,9,pedestrian,-38.000,-7.800,-1.5708,0.000,0.5,0.5
20.55,10,pedestrian,-36.500,-7.500,-1.5392,0.000,0.5,0.5
20.55,11,pedestrian,8.000,-20.000,-3.1104,0.000,0.5,0.5
20.55,12,bus,-58.000,4.600,0.0000,0.000,11.0,2.6
20.55,13,pedestrian,-52.500,-7.500,-1.6633,0.000,0.5,0.5
20.55,14,pushcart,4.600,-42.000,1.5708,0.000,2.0,1.2
20.55,15,pedestrian,-7.737,10.055,0.8727,0.600,0.5,0.5
20.55,16,pedestrian,9.280,-8.799,-2.7795,0.600,0.5,0.5
20.65,2,auto,-35.300,-1.962,3.0470,6.322,2.8,1.4
20.65,3,bus,-10.818,-3.069,3.1571,7.140,11.0,2.6
20.65,5,auto,3.078,-75.487,-1.5843,6.519,2.8,1.4
20.65,6,twowheeler,1.895,-62.042,-1.6614,6.604,2.0,0.8
20.65,7,twowheeler,-49.551,4.523,3.1416,0.000,2.0,0.8
20.65,8,twowheeler,24.000,14.000,0.5281,0.000,2.0,0.8
20.65,9,pedestrian,-38.000,-7.800,-1.5708,0.000,0.5,0.5
20.65,10,pedestrian,-36.500,-7.500,-1.5392,0.000,0.5,0.5
20.65,11,pedestrian,8.000,-20.000,-3.1104,0.000,0.5,0.5
20.65,12,bus,-58.000,4.600,0.0000,0.000,11.0,2.6
20.65,13,pedestrian,-52.500,-7.500,-1.6633,0.000,0.5,0.5
20.65,14,pushcart,4.600,-42.000,1.5708,0.000,2.0,1.2
20.65,15,pedestrian,-7.682,10.075,0.1453,0.600,0.5,0.5
20.65,16,pedestrian,9.237,-8.839,-2.1480,0.600,0.5,0.5
20.75,2,auto,-35.932,-1.962,3.2362,6.322,2.8,1.4
20.75,3,bus,-11.531,-3.121,3.1716,7.133,11.0,2.6
20.75,5,auto,3.117,-76.139,-1.5416,6.520,2.8,1.4
20.75,6,twowheeler,1.895,-62.708,-1.4815,6.701,2.0,0.8
20.75,7,twowheeler,-49.551,4.523,3.1416,0.000,2.0,0.8
20.75,8,twowheeler,24.000,14.000,0.5281,0.000,2.0,0.8
20.75,9,pedestrian,-38.000,-7.800,-1.5708,0.000,0.5,0.5
20.75,10,pedestrian,-36.500,-7.500,-1.5392,0.000,0.5,0.5
20.75,11,pedestrian,8.000,-20.000,-3.1104,0.000,0.5,0.5
20.75,12,bus,-58.000,4.600,0.0000,0.000,11.0,2.6
20.75,13,pedestrian,-52.500,-7.500,-1.6633,0.000,0.5,0.5
20.75,14,pushcart,4.600,-42.000,1.5708,0.000,2.0,1.2
20.75,15,pedestrian,-7.622,10.068,-0.0766,0.600,0.5,0.5
20.75,16,pedestrian,9.187,-8.872,-2.7000,0.600,0.5,0.5
20.85,2,auto,-36.564,-1.999,3.2362,6.322,2.8,1.4
20.85,3,bus,-12.244,-3.128,3.1716,7.126,11.0,2.6
20.85,5,auto,3.057,-76.791,-1.6626,6.520,2.8,1.4
20.85,6,twowheeler,1.955,-63.376,-1.4811,6.670,2.0,0.8
20.85,7,twowheeler,-49.551,4.523,3.1416,0.000,2.0,0.8
20.85,8,twowheeler,24.000,14.000,0.5281,0.000,2.0,0.8
20.85,9,pedestrian,-38.000,-7.800,-1.5708,0.000,0.5,0.5
20.85,10,pedestrian,-36.500,-7.500,-1.5392,0.000,0.5,0.5
20.85,11,pedestrian,8.000,-20.000,-3.1104,0.000,0.5,0.5
20.85,12,bus,-58.000,4.600,0.0000,0.000,11.0,2.6
20.85,13,pedestrian,-52.500,-7.500,-1.6633,0.000,0.5,0.5
20.85,14,pushcart,4.600,-42.000,1.5708,0.000,2.0,1.2
20.85,15,pedestrian,-7.563,10.058,-0.1045,0.600,0.5,0.5
20.85,16,pedestrian,9.130,-8.866,-3.4995,0.600,0.5,0.5
20.95,2,auto,-37.196,-2.059,3.2362,6.322,2.8,1.4
20.95,3,bus,-12.956,-3.163,3.1716,7.119,11.0,2.6
20.95,5,auto,2.997,-77.443,-1.6626,6.520,2.8,1.4
20.95,6,twowheeler,1.973,-64.042,-1.5489,6.643,2.0,0.8
20.95,7,twowheeler,-49.551,4.523,3.1416,0.000,2.0,0.8
20.95,8,twowheeler,24.000,14.000,0.5281,0.000,2.0,0.8
20.95,9,pedestrian,-38.000,-7.800,-1.5708,0.000,0.5,0.5
20.95,10,pedestrian,-36.500,-7.500,-1.5392,0.000,0.5,0.5
20.95,11,pedestrian,8.000,-20.000,-3.1104,0.000,0.5,0.5
20.95,12,bus,-58.000,4.600,0.0000,0.000,11.0,2.6
20.95,13,pedestrian,-52.500,-7.500,-1.6633,0.000,0.5,0.5
20.95,14,pushcart,4.600,-42.000,1.5708,0.000,2.0,1.2
20.95,15,pedestrian,-7.504,10.047,-0.1284,0.600,0.5,0.5
20.95,16,pedestrian,9.075,-8.841,-3.5353,0.600,0.5,0.5
21.05,2,auto,-37.829,-2.119,3.2362,6.322,2.8,1.4
21.05,3,bus,-13.668,-3.145,3.1620,7.112,11.0,2.6
21.05,5,auto,2.955,-78.095,-1.6086,6.520,2.8,1.4
21.05,6,twowheeler,1.990,-64.705,-1.6104,6.618,2.0,0.8
21.05,7,twowheeler,-49.551,4.523,3.1416,0.000,2.0,0.8
21.05,8,twowheeler,24.000,14.000,0.5281,0.000,2.0,0.8
21.05,9,pedestrian,-38.000,-7.800,-1.5708,0.000,0.5,0.5
21.05,10,pedestrian,-36.500,-7.500,-1.5392,0.000,0.5,0.5
21.05,11,pedestrian,8.000,-20.000,-3.1104,0.000,0.5,0.5
21.05,12,bus,-58.000,4.600,0.0000,0.000,11.0,2.6
21.05,13,pedestrian,-52.500,-7.500,-1.6633,0.000,0.5,0.5
21.05,14,pushcart,4.600,-42.000,1.5708,0.000,2.0,1.2
21.05,15,pedestrian,-7.532,10.058,-3.4980,0.600,0.5,0.5
21.05,16,pedestrian,9.016,-8.836,-3.1313,0.600,0.5,0.5
21.15,2,auto,-38.461,-2.179,3.2362,6.322,2.8,1.4
21.15,3,bus,-14.379,-3.115,3.1116,7.105,11.0,2.6
21.15,5,auto,2.992,-78.747,-1.5472,6.520,2.8,1.4
21.15,6,twowheeler,2.029,-65.365,-1.4801,6.595,2.0,0.8
21.15,7,twowheeler,-49.551,4.523,3.1416,0.000,2.0,0.8
21.15,8,twowheeler,24.000,14.000,0.5281,0.000,2.0,0.8
21.15,9,pedestrian,-38.000,-7.800,-1.5708,0.000,0.5,0.5
21.15,10,pedestrian,-36.500,-7.500,-1.5392,0.000,0.5,0.5
21.15,11,pedestrian,8.000,-20.000,-3.1104,0.000,0.5,0.5
21.15,12,bus,-58.000,4.600,0.0000,0.000,11.0,2.6
21.15,13,pedestrian,-52.500,-7.500,-1.6633,0.000,0.5,0.5
21.15,14,pushcart,4.600,-42.000,1.5708,0.000,2.0,1.2
21.15,15,pedestrian,-7.592,10.063,-3.2626,0.600,0.5,0.5
21.15,16,pedestrian,8.956,-8.830,-3.3361,0.600,0.5,0.5
21.25,2,auto,-39.093,-2.239,3.2362,6.322,2.8,1.4
21.25,3,bus,-15.089,-3.122,3.1622,7.097,11.0,2.6
21.25,5,auto,3.012,-79.399,-1.5381,6.521,2.8,1.4
21.25,6,twowheeler,1.972,-66.024,-1.6530,6.575,2.0,0.8
21.25,7,twowheeler,-49.551,4.523,3.1416,0.000,2.0,0.8
21.25,8,twowheeler,24.000,14.000,0.5281,0.000,2.0,0.8
21.25,9,pedestrian,-38.000,-7.800,-1.5708,0.000,0.5,0.5
21.25,10,pedestrian,-36.500,-7.500,-1.5392,0.000,0.5,0.5
21.25,11,pedestrian,8.000,-20.000,-3.1104,0.000,0.5,0.5
21.25,12,bus,-58.000,4.600,0.0000,0.000,11.0,2.6
21.25,13,pedestrian,-52.500,-7.500,-1.6633,0.000,0.5,0.5
21.25,14,pushcart,4.600,-42.000,1.5708,0.000,2.0,1.2
21.25,15,pedestrian,-7.651,10.074,-3.4302,0.600,0.5,0.5
21.25,16,pedestrian,8.901,-8.806,-3.5299,0.600,0.5,0.5
21.35,2,auto,-39.725,-2.299,3.2362,6.323,2.8,1.4
21.35,3,bus,-15.798,-3.138,3.1503,7.090,11.0,2.6
21.35,5,auto,3.044,-80.051,-1.4790,6.521,2.8,1.4
21.35,6,twowheeler,1.912,-66.680,-1.6621,6.556,2.0,0.8
21.35,7,twowheeler,-49.551,4.523,3.1416,0.000,2.0,0.8
21.35,8,twowheeler,24.000,14.000,0.5281,0.000,2.0,0.8
21.35,9,pedestrian,-38.000,-7.800,-1.5708,0.000,0.5,0.5
21.35,10,pedestrian,-36.500,-7.500,-1.5392,0.000,0.5,0.5
21.35,11,pedestrian,8.000,-20.000,-3.1104,0.000,0.5,0.5
21.35,12,bus,-58.000,4.600,0.0000,0.000,11.0,2.6
21.35,13,pedestrian,-52.500,-7.500,-1.6633,0.000,0.5,0.5
21.35,14,pushcart,4.600,-42.000,1.5708,0.000,2.0,1.2
21.35,15,pedestrian,-7.707,10.056,-2.6769,0.600,0.5,0.5
21.35,16,pedestrian,8.849,-8.777,-3.7847,0.600,0.5,0.5
21.45,2,auto,-40.358,-2.359,3.2362,6.323,2.8,1.4
21.45,3,bus,-16.507,-3.160,3.1716,7.083,11.0,2.6
21.45,5,auto,2.984,-80.703,-1.6626,6.521,2.8,1.4
21.45,6,twowheeler,1.852,-67.335,-1.6623,6.538,2.0,0.8
21.45,7,twowheeler,-49.551,4.523,3.1416,0.000,2.0,0.8
21.45,8,twowheeler,24.000,14.000,0.5281,0.000,2.0,0.8
21.45,9,pedestrian,-38.000,-7.800,-1.5708,0.000,0.5,0.5
21.45,10,pedestrian,-36.500,-7.500,-1.5392,0.000,0.5,0.5
21.45,11,pedestrian,8.000,-20.000,-3.1104,0.000,0.5,0.5
21.45,12,bus,-58.000,4.600,0.0000,0.000,11.0,2.6
21.45,13,pedestrian,-52.500,-7.500,-1.6633,0.000,0.5,0.5
21.45,14,pushcart,4.600,-42.000,1.5708,0.000,2.0,1.2
21.45,15,pedestrian,-7.752,10.017,-2.3955,0.600,0.5,0.5
21.45,16,pedestrian,8.812,-8.732,-4.2620,0.600,0.5,0.5
21.55,2,auto,-40.990,-2.419,3.2362,6.323,2.8,1.4
21.55,3,bus,-17.215,-3.138,3.1421,7.076,11.0,2.6
21.55,5,auto,2.924,-81.355,-1.6625,6.521,2.8,1.4
21.55,6,twowheeler,1.792,-67.988,-1.6625,6.522,2.0,0.8
21.55,7,twowheeler,-49.551,4.523,3.1416,0.000,2.0,0.8
21.55,8,twowheeler,24.000,14.000,0.5281,0.000,2.0,0.8
21.55,9,pedestrian,-38.000,-7.800,-1.5708,0.000,0.5,0.5
21.55,10,pedestrian,-36.500,-7.500,-1.5392,0.000,0.5,0.5
21.55,11,pedestrian,8.000,-20.000,-3.1104,0.000,0.5,0.5
21.55,12,bus,-58.000,4.600,0.0000,0.000,11.0,2.6
21.55,13,pedestrian,-52.500,-7.500,-1.6633,0.000,0.5,0.5
21.55,14,pushcart,4.600,-42.000,1.5708,0.000,2.0,1.2
21.55,15,pedestrian,-7.774,9.961,-1.7880,0.600,0.5,0.5
21.55,16,pedestrian,8.768,-8.692,-3.8934,0.600,0.5,0.5
21.65,2,auto,-41.622,-2.479,3.2362,6.323,2.8,1.4
21.65,3,bus,-17.922,-3.128,3.1431,7.069,11.0,2.6
21.65,5,auto,2.864,-82.007,-1.6625,6.521,2.8,1.4
21.65,6,twowheeler,1.820,-68.640,-1.5776,6.508,2.0,0.8
21.65,7,twowheeler,-49.551,4.523,3.1416,0.000,2.0,0.8
21.65,8,twowheeler,24.000,14.000,0.5281,0.000,2.0,0.8
21.65,9,pedestrian,-38.000,-7.800,-1.5708,0.000,0.5,0.5
21.65,10,pedestrian,-36.500,-7.500,-1.5392,0.000,0.5,0.5
21.65,11,pedestrian,8.000,-20.000,-3.1104,0.000,0.5,0.5
21.65,12,bus,-58.000,4.600,0.0000,0.000,11.0,2.6
21.65,13,pedestrian,-52.500,-7.500,-1.6633,0.000,0.5,0.5
21.65,14,pushcart,4.600,-42.000,1.5708,0.000,2.0,1.2
21.65,15,pedestrian,-7.780,9.902,-1.6634,0.600,0.5,0.5
21.65,16,pedestrian,8.726,-8.650,-4.0688,0.600,0.5,0.5
21.75,2,auto,-42.254,-2.539,3.2362,6.323,2.8,1.4
21.75,3,bus,-18.629,-3.145,3.1116,7.062,11.0,2.6
21.75,5,auto,2.834,-82.660,-1.5716,6.521,2.8,1.4
21.75,6,twowheeler,1.791,-69.290,-1.5681,6.495,2.0,0.8
21.75,7,twowheeler,-49.551,4.523,3.1416,0.000,2.0,0.8
21.75,8,twowheeler,24.000,14.000,0.5281,0.000,2.0,0.8
21.75,9,pedestrian,-38.000,-7.800,-1.5708,0.000,0.5,0.5
21.75,10,pedestrian,-36.500,-7.500,-1.5392,0.000,0.5,0.5
21.75,11,pedestrian,8.000,-20.000,-3.1104,0.000,0.5,0.5
21.75,12,bus,-58.000,4.600,0.0000,0.000,11.0,2.6
21.75,13,pedestrian,-52.500,-7.500,-1.6633,0.000,0.5,0.5
21.75,14,pushcart,4.600,-42.000,1.5708,0.000,2.0,1.2
21.75,15,pedestrian,-7.791,9.843,-1.6968,0.600,0.5,0.5
21.75,16,pedestrian,8.724,-8.591,-4.7874,0.600,0.5,0.5
21.85,2,auto,-42.887,-2.599,3.2362,6.323,2.8,1.4
21.85,3,bus,-19.334,-3.134,3.1116,7.055,11.0,2.6
21.85,5,auto,2.825,-83.312,-1.5064,6.521,2.8,1.4
21.85,6,twowheeler,1.851,-69.939,-1.4785,6.483,2.0,0.8
21.85,7,twowheeler,-49.551,4.523,3.1416,0.000,2.0,0.8
21.85,8,twowheeler,24.000,14.000,0.5281,0.000,2.0,0.8
21.85,9,pedestrian,-38.000,-7.800,-1.5708,0.000,0.5,0.5
21.85,10,pedestrian,-36.500,-7.500,-1.5392,0.000,0.5,0.5
21.85,11,pedestrian,8.000,-20.000,-3.1104,0.000,0.5,0.5
21.85,12,bus,-58.000,4.600,0.0000,0.000,11.0,2.6
21.85,13,pedestrian,-52.500,-7.500,-1.6633,0.000,0.5,0.5
21.85,14,pushcart,4.600,-42.000,1.5708,0.000,2.0,1.2
21.85,15,pedestrian,-7.822,9.794,-2.3938,0.600,0.5,0.5
21.85,16,pedestrian,8.741,-8.533,-5.0798,0.600,0.5,0.5
21.95,2,auto,-43.519,-2.659,3.2362,6.323,2.8,1.4
21.95,3,bus,-20.040,-3.099,3.1116,7.047,11.0,2.6
21.95,5,auto,2.833,-83.964,-1.4790,6.521,2.8,1.4
21.95,6,twowheeler,1.869,-70.587,-1.6076,6.473,2.0,0.8
21.95,7,twowheeler,-49.551,4.523,3.1416,0.000,2.0,0.8
21.95,8,twowheeler,24.000,14.000,0.5281,0.000,2.0,0.8
21.95,9,pedestrian,-38.000,-7.800,-1.5708,0.000,0.5,0.5
21.95,10,pedestrian,-36.500,-7.500,-1.5392,0.000,0.5,0.5
21.95,11,pedestrian,8.000,-20.000,-3.1104,0.000,0.5,0.5
21.95,12,bus,-58.000,4.600,0.0000,0.000,11.0,2.6
21.95,13,pedestrian,-52.500,-7.500,-1.6633,0.000,0.5,0.5
21.95,14,pushcart,4.600,-42.000,1.5708,0.000,2.0,1.2
21.95,15,pedestrian,-7.867,9.754,-2.4756,0.600,0.5,0.5
21.95,16,pedestrian,8.745,-8.563,-1.4422,0.600,0.5,0.5
22.05,2,auto,-44.151,-2.659,3.0470,6.323,2.8,1.4
22.05,3,bus,-20.744,-3.111,3.1159,7.040,11.0,2.6
22.05,5,auto,2.893,-84.616,-1.4790,6.521,2.8,1.4
22.05,6,twowheeler,1.809,-71.233,-1.6634,6.463,2.0,0.8
22.05,7,twowheeler,-49.551,4.523,3.1416,0.000,2.0,0.8
22.05,8,twowheeler,24.000,14.000,0.5281,0.000,2.0,0.8
22.05,9,pedestrian,-38.000,-7.800,-1.5708,0.000,0.5,0.5
22.05,10,pedestrian,-36.500,-7.500,-1.5392,0.000,0.5,0.5
22.05,11,pedestrian,8.000,-20.000,-3.1104,0.000,0.5,0.5
22.05,12,bus,-58.000,4.600,0.0000,0.000,11.0,2.6
22.05,13,pedestrian,-52.500,-7.500,-1.6633,0.000,0.5,0.5
22.05,14,pushcart,4.600,-42.000,1.5708,0.000,2.0,1.2
22.05,15,pedestrian,-7.913,9.716,-2.3059,0.600,0.5,0.5
22.05,16,pedestrian,8.764,-8.620,-1.1825,0.600,0.5,0.5
22.15,2,auto,-44.784,-2.659,3.0470,6.323,2.8,1.4
22.15,3,bus,-21.448,-3.051,3.1116,7.033,11.0,2.6
22.15,5,auto,2.953,-85.268,-1.4791,6.521,2.8,1.4
22.15,6,twowheeler,1.834,-71.879,-1.4781,6.454,2.0,0.8
22.15,7,twowheeler,-49.551,4.523,3.1416,0.000,2.0,0.8
22.15,8,twowheeler,24.000,14.000,0.5281,0.000,2.0,0.8
22.15,9,pedestrian,-38.000,-7.800,-1.5708,0.000,0.5,0.5
22.15,10,pedestrian,-36.500,-7.500,-1.5392,0.000,0.5,0.5
22.15,11,pedestrian,7.873,-20.004,-3.1104,1.270,0.5,0.5
22.15,12,bus,-58.000,4.600,0.0000,0.000,11.0,2.6
22.15,13,pedestrian,-52.500,-7.500,-1.6633,0.000,0.5,0.5
22.15,14,pushcart,4.600,-42.000,1.5708,0.000,2.0,1.2
22.15,15,pedestrian,-7.943,9.664,-2.0763,0.600,0.5,0.5
22.15,16,pedestrian,8.795,-8.670,-0.9160,0.600,0.5,0.5
22.25,2,auto,-45.416,-2.599,3.0470,6.323,2.8,1.4
22.25,3,bus,-22.151,-3.030,3.1116,7.026,11.0,2.6
22.25,5,auto,3.013,-85.920,-1.4791,6.522,2.8,1.4
22.25,6,twowheeler,1.865,-72.524,-1.4780,6.446,2.0,0.8
22.25,7,twowheeler,-49.551,4.523,3.1416,0.000,2.0,0.8
22.25,8,twowheeler,24.000,14.000,0.5281,0.000,2.0,0.8
22.25,9,pedestrian,-38.000,-7.800,-1.5708,0.000,0.5,0.5
22.25,10,pedestrian,-36.500,-7.500,-1.5392,0.000,0.5,0.5
22.25,11,pedestrian,7.746,-20.008,-3.1104,1.270,0.5,0.5
22.25,12,bus,-58.000,4.600,0.0000,0.000,11.0,2.6
22.25,13,pedestrian,-52.500,-7.500,-1.6633,0.000,0.5,0.5
22.25,14,pushcart,4.600,-42.000,1.5708,0.000,2.0,1.2
22.25,15,pedestrian,-7.979,9.615,-2.1903,0.600,0.5,0.5
22.25,16,pedestrian,8.825,-8.722,-1.1640,0.600,0.5,0.5
22.35,2,auto,-46.048,-2.611,3.0844,6.323,2.8,1.4
22.35,3,bus,-22.853,-3.044,3.1716,7.019,11.0,2.6
22.35,5,auto,3.013,-86.572,-1.6625,6.522,2.8,1.4
22.35,6,twowheeler,1.805,-73.168,-1.6637,6.439,2.0,0.8
22.35,7,twowheeler,-49.551,4.523,3.1416,0.000,2.0,0.8
22.35,8,twowheeler,24.000,14.000,0.5281,0.000,2.0,0.8
22.35,9,pedestrian,-38.000,-7.800,-1.5708,0.000,0.5,0.5
22.35,10,pedestrian,-36.500,-7.500,-1.5392,0.000,0.5,0.5
22.35,11,pedestrian,7.619,-20.012,-3.1104,1.270,0.5,0.5
22.35,12,bus,-58.000,4.600,0.0000,0.000,11.0,2.6
22.35,13,pedestrian,-52.500,-7.500,-1.6633,0.000,0.5,0.5
22.35,14,pushcart,4.600,-42.000,1.5708,0.000,2.0,1.2
22.35,15,pedestrian,-8.013,9.567,-2.3377,0.600,0.5,0.5
22.35,16,pedestrian,8.848,-8.777,-1.2617,0.600,0.5,0.5
22.45,2,auto,-46.680,-2.671,3.2362,6.323,2.8,1.4
22.45,3,bus,-23.554,-3.050,3.1116,7.012,11.0,2.6
22.45,5,auto,2.953,-87.224,-1.6625,6.522,2.8,1.4
22.45,6,twowheeler,1.745,-73.812,-1.6638,6.433,2.0,0.8
22.45,7,twowheeler,-49.551,4.523,3.1416,0.000,2.0,0.8
22.45,8,twowheeler,24.000,14.000,0.5281,0.000,2.0,0.8
22.45,9,pedestrian,-38.000,-7.800,-1.5708,0.000,0.5,0.5
22.45,10,pedestrian,-36.500,-7.500,-1.5392,0.000,0.5,0.5
22.45,11,pedestrian,7.492,-20.016,-3.1104,1.270,0.5,0.5
22.45,12,bus,-58.000,4.600,0.0000,0.000,11.0,2.6
22.45,13,pedestrian,-52.500,-7.500,-1.6633,0.000,0.5,0.5
22.45,14,pushcart,4.600,-42.000,1.5708,0.000,2.0,1.2
22.45,15,pedestrian,-8.045,9.518,-2.3361,0.600,0.5,0.5
22.45,16,pedestrian,8.867,-8.834,-1.3454,0.600,0.5,0.5
22.55,2,auto,-47.313,-2.731,3.2362,6.323,2.8,1.4
22.55,3,bus,-24.255,-3.050,3.1386,7.005,11.0,2.6
22.55,5,auto,2.893,-87.877,-1.6625,6.522,2.8,1.4
22.55,6,twowheeler,1.685,-74.455,-1.6639,6.428,2.0,0.8
22.55,7,twowheeler,-49.551,4.523,3.1416,0.000,2.0,0.8
22.55,8,twowheeler,24.000,14.000,0.5281,0.000,2.0,0.8
22.55,9,pedestrian,-38.000,-7.800,-1.5708,0.000,0.5,0.5
22.55,10,pedestrian,-36.500,-7.500,-1.5392,0.000,0.5,0.5
22.55,11,pedestrian,7.365,-20.020,-3.1104,1.270,0.5,0.5
22.55,12,bus,-58.000,4.600,0.0000,0.000,11.0,2.6
22.55,13,pedestrian,-52.500,-7.500,-1.6633,0.000,0.5,0.5
22.55,14,pushcart,4.600,-42.000,1.5708,0.000,2.0,1.2
22.55,15,pedestrian,-8.090,9.479,-2.4039,0.600,0.5,0.5
22.55,16,pedestrian,8.847,-8.889,-2.0830,0.600,0.5,0.5
22.65,2,auto,-47.945,-2.791,3.2362,6.323,2.8,1.4
22.65,3,bus,-24.955,-3.028,3.1649,6.997,11.0,2.6
22.65,5,auto,2.893,-88.529,-1.4791,6.522,2.8,1.4
22.65,6,twowheeler,1.658,-75.099,-1.5619,6.476,2.0,0.8
22.65,7,twowheeler,-49.551,4.523,3.1416,0.000,2.0,0.8
22.65,8,twowheeler,24.000,14.000,0.5281,0.000,2.0,0.8
22.65,9,pedestrian,-38.000,-7.800,-1.5708,0.000,0.5,0.5
22.65,10,pedestrian,-36.500,-7.500,-1.5392,0.000,0.5,0.5
22.65,11,pedestrian,7.239,-20.024,-3.1104,1.270,0.5,0.5
22.65,12,bus,-58.000,4.600,0.0000,0.000,11.0,2.6
22.65,13,pedestrian,-52.500,-7.500,-1.6633,0.000,0.5,0.5
22.65,14,pushcart,4.600,-42.000,1.5708,0.000,2.0,1.2
22.65,15,pedestrian,-8.131,9.435,-2.3047,0.600,0.5,0.5
22.65,16,pedestrian,8.812,-8.938,-2.1929,0.600,0.5,0.5
22.75,2,auto,-48.577,-2.818,3.1336,6.323,2.8,1.4
22.75,3,bus,-25.655,-2.979,3.1116,6.990,11.0,2.6
22.75,5,auto,2.925,-89.181,-1.4791,6.522,2.8,1.4
22.75,6,twowheeler,1.598,-75.752,-1.6618,6.577,2.0,0.8
22.75,7,twowheeler,-49.551,4.523,3.1416,0.000,2.0,0.8
22.75,8,twowheeler,24.000,14.000,0.5281,0.000,2.0,0.8
22.75,9,pedestrian,-38.000,-7.800,-1.5708,0.000,0.5,0.5
22.75,10,pedestrian,-36.500,-7.500,-1.5392,0.000,0.5,0.5
22.75,11,pedestrian,7.112,-20.028,-3.1104,1.270,0.5,0.5
22.75,12,bus,-58.000,4.600,0.0000,0.000,11.0,2.6
22.75,13,pedestrian,-52.500,-7.500,-1.6633,0.000,0.5,0.5
22.75,14,pushcart,4.600,-42.000,1.5708,0.000,2.0,1.2
22.75,15,pedestrian,-8.154,9.381,-1.7236,0.600,0.5,0.5
22.75,16,pedestrian,8.776,-8.985,-2.1240,0.600,0.5,0.5
22.85,2,auto,-49.210,-2.758,3.0470,6.323,2.8,1.4
22.85,3,bus,-26.353,-2.977,3.1604,6.983,11.0,2.6
22.85,5,auto,2.985,-89.833,-1.4791,6.522,2.8,1.4
22.85,6,twowheeler,1.538,-76.414,-1.6605,6.674,2.0,0.8
22.85,7,twowheeler,-49.551,4.523,3.1416,0.000,2.0,0.8
22.85,8,twowheeler,24.000,14.000,0.5281,0.000,2.0,0.8
22.85,9,pedestrian,-38.000,-7.800,-1.5708,0.000,0.5,0.5
22.85,10,pedestrian,-36.500,-7.500,-1.5392,0.000,0.5,0.5
22.85,11,pedestrian,6.985,-20.032,-3.1104,1.270,0.5,0.5
22.85,12,bus,-58.000,4.600,0.0000,0.000,11.0,2.6
22.85,13,pedestrian,-52.500,-7.500,-1.6633,0.000,0.5,0.5
22.85,14,pushcart,4.600,-42.000,1.5708,0.000,2.0,1.2
22.85,15,pedestrian,-8.162,9.322,-1.8077,0.600,0.5,0.5
22.85,16,pedestrian,8.732,-9.026,-2.4559,0.600,0.5,0.5
22.95,2,auto,-49.842,-2.698,3.0470,6.323,2.8,1.4
22.95,3,bus,-27.051,-2.947,3.1150,6.976,11.0,2.6
22.95,5,auto,3.045,-90.485,-1.4791,6.522,2.8,1.4
22.95,6,twowheeler,1.478,-77.086,-1.6592,6.768,2.0,0.8
22.95,7,twowheeler,-49.551,4.523,3.1416,0.000,2.0,0.8
22.95,8,twowheeler,24.000,14.000,0.5281,0.000,2.0,0.8
22.95,9,pedestrian,-38.000,-7.800,-1.5708,0.000,0.5,0.5
22.95,10,pedestrian,-36.500,-7.500,-1.5392,0.000,0.5,0.5
22.95,11,pedestrian,6.858,-20.036,-3.1104,1.270,0.5,0.5
22.95,12,bus,-58.000,4.600,0.0000,0.000,11.0,2.6
22.95,13,pedestrian,-52.500,-7.500,-1.6633,0.000,0.5,0.5
22.95,14,pushcart,4.600,-42.000,1.5708,0.000,2.0,1.2
22.95,15,pedestrian,-8.206,9.283,-2.5443,0.600,0.5,0.5
22.95,16,pedestrian,8.686,-9.065,-2.3941,0.600,0.5,0.5
23.05,2,auto,-50.474,-2.638,3.0470,6.323,2.8,1.4
23.05,3,bus,-27.749,-2.984,3.1716,6.969,11.0,2.6
23.05,5,auto,3.105,-91.138,-1.4791,6.522,2.8,1.4
23.05,6,twowheeler,1.418,-77.768,-1.6581,6.859,2.0,0.8
23.05,7,twowheeler,-49.551,4.523,3.1416,0.000,2.0,0.8
23.05,8,twowheeler,24.000,14.000,0.5281,0.000,2.0,0.8
23.05,9,pedestrian,-38.000,-7.800,-1.5708,0.000,0.5,0.5
23.05,10,pedestrian,-36.500,-7.500,-1.5392,0.000,0.5,0.5
23.05,11,pedestrian,6.731,-20.040,-3.1104,1.270,0.5,0.5
23.05,12,bus,-58.000,4.600,0.0000,0.000,11.0,2.6
23.05,13,pedestrian,-52.500,-7.500,-1.6633,0.000,0.5,0.5
23.05,14,pushcart,4.600,-42.000,1.5708,0.000,2.0,1.2
23.05,15,pedestrian,-8.254,9.248,-2.3066,0.600,0.5,0.5
23.05,16,pedestrian,8.643,-9.106,-2.4491,0.600,0.5,0.5
23.15,2,auto,-51.107,-2.578,3.0470,6.323,2.8,1.4
23.15,3,bus,-28.445,-3.029,3.1716,6.962,11.0,2.6
23.15,5,auto,3.091,-91.790,-1.6557,6.522,2.8,1.4
23.15,6,twowheeler,1.358,-78.458,-1.6570,6.947,2.0,0.8
23.15,7,twowheeler,-49.551,4.523,3.1416,0.000,2.0,0.8
23.15,8,twowheeler,24.000,14.000,0.5281,0.000,2.0,0.8
23.15,9,pedestrian,-38.000,-7.800,-1.5708,0.000,0.5,0.5
23.15,10,pedestrian,-36.500,-7.500,-1.5392,0.000,0.5,0.5
23.15,11,pedestrian,6.604,-20.044,-3.1104,1.270,0.5,0.5
23.15,12,bus,-58.000,4.600,0.0000,0.000,11.0,2.6
23.15,13,pedestrian,-52.500,-7.500,-1.6633,0.000,0.5,0.5
23.15,14,pushcart,4.600,-42.000,1.5708,0.000,2.0,1.2
23.15,15,pedestrian,-8.294,9.204,-2.2710,0.600,0.5,0.5
23.15,16,pedestrian,8.606,-9.152,-2.0680,0.600,0.5,0.5
23.25,2,auto,-51.739,-2.518,3.0470,6.323,2.8,1.4
23.25,3,bus,-29.141,-2.969,3.1116,6.955,11.0,2.6
23.25,5,auto,3.149,-92.442,-1.4791,6.522,2.8,1.4
23.25,6,twowheeler,1.381,-79.157,-1.4857,7.031,2.0,0.8
23.25,7,twowheeler,-49.551,4.523,3.1416,0.000,2.0,0.8
23.25,8,twowheeler,24.000,14.000,0.5281,0.000,2.0,0.8
23.25,9,pedestrian,-38.000,-7.800,-1.5708,0.000,0.5,0.5
23.25,10,pedestrian,-36.500,-7.500,-1.5392,0.000,0.5,0.5
23.25,11,pedestrian,6.477,-20.048,-3.1104,1.270,0.5,0.5
23.25,12,bus,-58.000,4.600,0.0000,0.000,11.0,2.6
23.25,13,pedestrian,-52.500,-7.500,-1.6633,0.000,0.5,0.5
23.25,14,pushcart,4.600,-42.000,1.5708,0.000,2.0,1.2
23.25,15,pedestrian,-8.321,9.150,-2.0403,0.600,0.5,0.5
23.25,16,pedestrian,8.568,-9.196,-2.5351,0.600,0.5,0.5
23.35,2,auto,-52.371,-2.458,3.0470,6.323,2.8,1.4
23.35,3,bus,-29.836,-2.946,3.1619,6.948,11.0,2.6
23.35,5,auto,3.089,-93.094,-1.6625,6.522,2.8,1.4
23.35,6,twowheeler,1.441,-79.864,-1.4866,7.112,2.0,0.8
23.35,7,twowheeler,-49.551,4.523,3.1416,0.000,2.0,0.8
23.35,8,twowheeler,24.000,14.000,0.5281,0.000,2.0,0.8
23.35,9,pedestrian,-38.000,-7.800,-1.5708,0.000,0.5,0.5
23.35,10,pedestrian,-36.500,-7.500,-1.5392,0.000,0.5,0.5
23.35,11,pedestrian,6.350,-20.052,-3.1104,1.270,0.5,0.5
23.35,12,bus,-58.000,4.600,0.0000,0.000,11.0,2.6
23.35,13,pedestrian,-52.500,-7.500,-1.6633,0.000,0.5,0.5
23.35,14,pushcart,4.600,-42.000,1.5708,0.000,2.0,1.2
23.35,15,pedestrian,-8.344,9.095,-2.1104,0.600,0.5,0.5
23.35,16,pedestrian,8.526,-9.238,-2.1861,0.600,0.5,0.5
23.45,2,auto,-53.003,-2.398,3.0470,6.323,2.8,1.4
23.45,3,bus,-30.530,-2.958,3.1716,6.940,11.0,2.6
23.45,5,auto,3.036,-93.746,-1.6625,6.522,2.8,1.4
23.45,6,twowheeler,1.501,-80.579,-1.4875,7.191,2.0,0.8
23.45,7,twowheeler,-49.551,4.523,3.1416,0.000,2.0,0.8
23.45,8,twowheeler,24.000,14.000,0.5281,0.000,2.0,0.8
23.45,9,pedestrian,-38.000,-7.800,-1.5708,0.000,0.5,0.5
23.45,10,pedestrian,-36.500,-7.500,-1.5392,0.000,0.5,0.5
23.45,11,pedestrian,6.223,-20.056,-3.1104,1.270,0.5,0.5
23.45,12,bus,-58.000,4.600,0.0000,0.000,11.0,2.6
23.45,13,pedestrian,-52.500,-7.500,-1.6633,0.000,0.5,0.5
23.45,14,pushcart,4.600,-42.000,1.5708,0.000,2.0,1.2
23.45,15,pedestrian,-8.370,9.042,-2.1781,0.600,0.5,0.5
23.45,16,pedestrian,8.475,-9.270,-2.6533,0.600,0.5,0.5
23.55,2,auto,-53.636,-2.338,3.0470,6.323,2.8,1.4
23.55,3,bus,-31.224,-2.941,3.1116,6.933,11.0,2.6
23.55,5,auto,3.036,-94.398,-1.4791,6.522,2.8,1.4
23.55,6,twowheeler,1.475,-81.302,-1.6532,7.265,2.0,0.8
23.55,7,twowheeler,-49.551,4.523,3.1416,0.000,2.0,0.8
23.55,8,twowheeler,24.000,14.000,0.5281,0.000,2.0,0.8
23.55,9,pedestrian,-38.000,-7.800,-1.5708,0.000,0.5,0.5
23.55,10,pedestrian,-36.500,-7.500,-1.5392,0.000,0.5,0.5
23.55,11,pedestrian,6.096,-20.059,-3.1104,1.270,0.5,0.5
23.55,12,bus,-58.000,4.600,0.0000,0.000,11.0,2.6
23.55,13,pedestrian,-52.500,-7.500,-1.6633,0.000,0.5,0.5
23.55,14,pushcart,4.600,-42.000,1.5708,0.000,2.0,1.2
23.55,15,pedestrian,-8.378,8.983,-1.5560,0.600,0.5,0.5
23.55,16,pedestrian,8.431,-9.310,-2.4317,0.600,0.5,0.5
23.65,2,auto,-54.268,-2.278,3.0470,6.323,2.8,1.4
23.65,3,bus,-31.917,-2.897,3.1116,6.926,11.0,2.6
23.65,5,auto,3.096,-95.051,-1.4791,6.522,2.8,1.4
23.65,6,twowheeler,1.415,-82.032,-1.6524,7.337,2.0,0.8
23.65,7,twowheeler,-49.551,4.523,3.1416,0.000,2.0,0.8
23.65,8,twowheeler,24.000,14.000,0.5281,0.000,2.0,0.8
23.65,9,pedestrian,-38.000,-7.800,-1.5708,0.000,0.5,0.5
23.65,10,pedestrian,-36.500,-7.500,-1.5392,0.000,0.5,0.5
23.65,11,pedestrian,5.969,-20.063,-3.1104,1.270,0.5,0.5
23.65,12,bus,-58.000,4.600,0.0000,0.000,11.0,2.6
23.65,13,pedestrian,-52.500,-7.500,-1.6633,0.000,0.5,0.5
23.65,14,pushcart,4.600,-42.000,1.5708,0.000,2.0,1.2
23.65,15,pedestrian,-8.373,8.924,-1.4017,0.600,0.5,0.5
23.65,16,pedestrian,8.377,-9.334,-2.8915,0.600,0.5,0.5
23.75,2,auto,-54.900,-2.218,3.0470,6.323,2.8,1.4
23.75,3,bus,-32.609,-2.946,3.1716,6.919,11.0,2.6
23.75,5,auto,3.121,-95.703,-1.5869,6.522,2.8,1.4
23.75,6,twowheeler,1.415,-82.769,-1.4900,7.406,2.0,0.8
23.75,7,twowheeler,-49.551,4.523,3.1416,0.000,2.0,0.8
23.75,8,twowheeler,24.000,14.000,0.5281,0.000,2.0,0.8
23.75,9,pedestrian,-38.000,-7.800,-1.5708,0.000,0.5,0.5
23.75,10,pedestrian,-36.500,-7.500,-1.5392,0.000,0.5,0.5
23.75,11,pedestrian,5.842,-20.067,-3.1104,1.270,0.5,0.5
23.75,12,bus,-58.000,4.600,0.0000,0.000,11.0,2.6
23.75,13,pedestrian,-52.500,-7.500,-1.6633,0.000,0.5,0.5
23.75,14,pushcart,4.600,-42.000,1.5708,0.000,2.0,1.2
23.75,15,pedestrian,-8.345,8.871,-1.0085,0.600,0.5,0.5
23.75,16,pedestrian,8.324,-9.361,-2.6175,0.600,0.5,0.5
23.85,2,auto,-55.533,-2.158,3.0470,6.323,2.8,1.4
23.85,3,bus,-33.301,-2.954,3.1146,6.912,11.0,2.6
23.85,5,auto,3.087,-96.355,-1.5824,6.522,2.8,1.4
23.85,6,twowheeler,1.460,-83.513,-1.5322,7.472,2.0,0.8
23.85,7,twowheeler,-49.551,4.523,3.1416,0.000,2.0,0.8
23.85,8,twowheeler,24.000,14.000,0.5281,0.000,2.0,0.8
23.85,9,pedestrian,-38.000,-7.800,-1.5708,0.000,0.5,0.5
23.85,10,pedestrian,-36.500,-7.500,-1.5392,0.000,0.5,0.5
23.85,11,pedestrian,5.716,-20.071,-3.1104,1.270,0.5,0.5
23.85,12,bus,-58.000,4.600,0.0000,0.000,11.0,2.6
23.85,13,pedestrian,-52.500,-7.500,-1.6633,0.000,0.5,0.5
23.85,14,pushcart,4.600,-42.000,1.5708,0.000,2.0,1.2
23.85,15,pedestrian,-8.316,8.821,-1.2920,0.600,0.5,0.5
23.85,16,pedestrian,8.275,-9.394,-2.3320,0.600,0.5,0.5
23.95,2,auto,-56.165,-2.098,3.0470,6.323,2.8,1.4
23.95,3,bus,-33.992,-2.915,3.1116,6.905,11.0,2.6
23.95,5,auto,3.147,-97.007,-1.4791,6.522,2.8,1.4
23.95,6,twowheeler,1.460,-84.264,-1.4913,7.534,2.0,0.8
23.95,7,twowheeler,-49.551,4.523,3.1416,0.000,2.0,0.8
23.95,8,twowheeler,24.000,14.000,0.5281,0.000,2.0,0.8
23.95,9,pedestrian,-38.000,-7.800,-1.5708,0.000,0.5,0.5
23.95,10,pedestrian,-36.500,-7.500,-1.5392,0.000,0.5,0.5
23.95,11,pedestrian,5.589,-20.075,-3.1104,1.270,0.5,0.5
23.95,12,bus,-58.000,4.600,0.0000,0.000,11.0,2.6
23.95,13,pedestrian,-52.500,-7.500,-1.6633,0.000,0.5,0.5
23.95,14,pushcart,4.600,-42.000,1.5708,0.000,2.0,1.2
23.95,15,pedestrian,-8.313,8.761,-1.5402,0.600,0.5,0.5
23.95,16,pedestrian,8.233,-9.436,-2.3736,0.600,0.5,0.5
24.05,2,auto,-56.797,-2.038,3.0470,6.323,2.8,1.4
24.05,3,bus,-34.682,-2.920,3.1716,6.898,11.0,2.6
24.05,5,auto,3.148,-97.659,-1.6588,6.522,2.8,1.4
24.05,6,twowheeler,1.519,-85.020,-1.4920,7.594,2.0,0.8
24.05,7,twowheeler,-49.551,4.523,3.1416,0.000,2.0,0.8
24.05,8,twowheeler,24.000,14.000,0.5281,0.000,2.0,0.8
24.05,9,pedestrian,-38.000,-7.800,-1.5708,0.000,0.5,0.5
24.05,10,pedestrian,-36.500,-7.500,-1.5392,0.000,0.5,0.5
24.05,11,pedestrian,5.462,-20.079,-3.1104,1.270,0.5,0.5
24.05,12,bus,-58.000,4.600,0.0000,0.000,11.0,2.6
24.05,13,pedestrian,-52.500,-7.500,-1.6633,0.000,0.5,0.5
24.05,14,pushcart,4.600,-42.000,1.5708,0.000,2.0,1.2
24.05,15,pedestrian,-8.348,8.712,-2.2445,0.600,0.5,0.5
24.05,16,pedestrian,8.182,-9.463,-2.9487,0.600,0.5,0.5
24.15,2,auto,-57.430,-1.978,3.0470,6.323,2.8,1.4
24.15,3,bus,-35.371,-2.889,3.1379,6.891,11.0,2.6
24.15,5,auto,3.088,-98.312,-1.6625,6.522,2.8,1.4
24.15,6,twowheeler,1.538,-85.782,-1.6011,7.651,2.0,0.8
24.15,7,twowheeler,-49.551,4.523,3.1416,0.000,2.0,0.8
24.15,8,twowheeler,24.000,14.000,0.5281,0.000,2.0,0.8
24.15,9,pedestrian,-38.000,-7.800,-1.5708,0.000,0.5,0.5
24.15,10,pedestrian,-36.500,-7.500,-1.5392,0.000,0.5,0.5
24.15,11,pedestrian,5.335,-20.083,-3.1104,1.270,0.5,0.5
24.15,12,bus,-58.000,4.600,0.0000,0.000,11.0,2.6
24.15,13,pedestrian,-52.500,-7.500,-1.6633,0.000,0.5,0.5
24.15,14,pushcart,4.600,-42.000,1.5708,0.000,2.0,1.2
24.15,15,pedestrian,-8.393,8.672,-2.4842,0.600,0.5,0.5
24.15,16,pedestrian,8.143,-9.508,-2.1684,0.600,0.5,0.5
24.25,2,auto,-58.062,-1.918,3.0470,6.323,2.8,1.4
24.25,3,bus,-36.060,-2.894,3.1716,6.884,11.0,2.6
24.25,5,auto,3.145,-98.964,-1.4882,6.522,2.8,1.4
24.25,6,twowheeler,1.598,-86.550,-1.4931,7.705,2.0,0.8
24.25,7,twowheeler,-49.551,4.523,3.1416,0.000,2.0,0.8
24.25,8,twowheeler,24.000,14.000,0.5281,0.000,2.0,0.8
24.25,9,pedestrian,-38.000,-7.800,-1.5708,0.000,0.5,0.5
24.25,10,pedestrian,-36.500,-7.500,-1.5392,0.000,0.5,0.5
24.25,11,pedestrian,5.208,-20.087,-3.1104,1.270,0.5,0.5
24.25,12,bus,-58.000,4.600,0.0000,0.000,11.0,2.6
24.25,13,pedestrian,-52.500,-7.500,-1.6633,0.000,0.5,0.5
24.25,14,pushcart,4.600,-42.000,1.5708,0.000,2.0,1.2
24.25,15,pedestrian,-8.434,8.628,-2.2192,0.600,0.5,0.5
24.25,16,pedestrian,8.095,-9.544,-2.3833,0.600,0.5,0.5
24.35,2,auto,-58.694,-1.918,3.0470,6.323,2.8,1.4
24.35,3,bus,-36.748,-2.891,3.1136,6.877,11.0,2.6
24.35,5,auto,3.109,-99.616,-1.6072,6.522,2.8,1.4
24.35,6,twowheeler,1.624,-87.323,-1.4936,7.756,2.0,0.8
24.35,7,twowheeler,-49.551,4.523,3.1416,0.000,2.0,0.8
24.35,8,twowheeler,24.000,14.000,0.5281,0.000,2.0,0.8
24.35,9,pedestrian,-38.000,-7.800,-1.5708,0.000,0.5,0.5
24.35,10,pedestrian,-36.500,-7.500,-1.5392,0.000,0.5,0.5
24.35,11,pedestrian,5.081,-20.091,-3.1104,1.270,0.5,0.5
24.35,12,bus,-58.000,4.600,0.0000,0.000,11.0,2.6
24.35,13,pedestrian,-52.500,-7.500,-1.6633,0.000,0.5,0.5
24.35,14,pushcart,4.600,-42.000,1.5708,0.000,2.0,1.2
24.35,15,pedestrian,-8.464,8.627,3.2002,0.600,0.5,0.5
24.35,16,pedestrian,8.057,-9.589,-2.0922,0.600,0.5,0.5
24.45,2,auto,-59.327,-1.928,3.1725,6.323,2.8,1.4
24.45,3,bus,-37.436,-2.932,3.1716,6.871,11.0,2.6
24.45,6,twowheeler,1.624,-88.101,-1.6475,7.805,2.0,0.8
24.45,7,twowheeler,-49.551,4.523,3.1416,0.000,2.0,0.8
24.45,8,twowheeler,24.000,14.000,0.5281,0.000,2.0,0.8
24.45,9,pedestrian,-38.000,-7.800,-1.5708,0.000,0.5,0.5
24.45,10,pedestrian,-36.500,-7.500,-1.5392,0.000,0.5,0.5
24.45,11,pedestrian,4.954,-20.095,-3.1104,1.270,0.5,0.5
24.45,12,bus,-58.000,4.600,0.0000,0.000,11.0,2.6
24.45,13,pedestrian,-52.500,-7.500,-1.6633,0.000,0.5,0.5
24.45,14,pushcart,4.600,-42.000,1.5708,0.000,2.0,1.2
24.45,15,pedestrian,-8.511,8.590,3.7760,0.600,0.5,0.5
24.45,16,pedestrian,8.032,-9.643,-1.8490,0.600,0.5,0.5
24.55,2,auto,-59.959,-1.979,3.2362,6.323,2.8,1.4
24.55,3,bus,-38.122,-2.945,3.1587,6.864,11.0,2.6
24.55,6,twowheeler,1.564,-88.884,-1.6471,7.852,2.0,0.8
24.55,7,twowheeler,-49.551,4.523,3.1416,0.000,2.0,0.8
24.55,8,twowheeler,24.000,14.000,0.5281,0.000,2.0,0.8
24.55,9,pedestrian,-38.000,-7.800,-1.5708,0.000,0.5,0.5
24.55,10,pedestrian,-36.500,-7.500,-1.5392,0.000,0.5,0.5
24.55,11,pedestrian,4.827,-20.099,-3.1104,1.270,0.5,0.5
24.55,12,bus,-58.000,4.600,0.0000,0.000,11.0,2.6
24.55,13,pedestrian,-52.500,-7.500,-1.6633,0.000,0.5,0.5
24.55,14,pushcart,4.600,-42.000,1.5708,0.000,2.0,1.2
24.55,15,pedestrian,-8.566,8.565,3.5478,0.600,0.5,0.5
24.55,16,pedestrian,8.038,-9.702,-1.4832,0.600,0.5,0.5
24.65,2,auto,-60.591,-2.039,3.2362,6.323,2.8,1.4
24.65,3,bus,-38.808,-2.971,3.1716,6.857,11.0,2.6
24.65,6,twowheeler,1.504,-89.672,-1.6466,7.895,2.0,0.8
24.65,7,twowheeler,-49.551,4.523,3.1416,0.000,2.0,0.8
24.65,8,twowheeler,24.000,14.000,0.5281,0.000,2.0,0.8
24.65,9,pedestrian,-38.000,-7.800,-1.5708,0.000,0.5,0.5
24.65,10,pedestrian,-36.500,-7.500,-1.5392,0.000,0.5,0.5
24.65,11,pedestrian,4.700,-20.103,-3.1104,1.270,0.5,0.5
24.65,12,bus,-58.000,4.600,0.0000,0.000,11.0,2.6
24.65,13,pedestrian,-52.500,-7.500,-1.6633,0.000,0.5,0.5
24.65,14,pushcart,4.600,-42.000,1.5708,0.000,2.0,1.2
24.65,15,pedestrian,-8.549,8.590,0.9833,0.600,0.5,0.5
24.65,16,pedestrian,8.051,-9.761,-1.4081,0.600,0.5,0.5
24.75,2,auto,-61.223,-2.099,3.2362,6.323,2.8,1.4
24.75,3,bus,-39.494,-2.968,3.1716,6.850,11.0,2.6
24.75,6,twowheeler,1.444,-90.463,-1.6463,7.937,2.0,0.8
24.75,7,twowheeler,-49.551,4.523,3.1416,0.000,2.0,0.8
24.75,8,twowheeler,24.000,14.000,0.5281,0.000,2.0,0.8
24.75,9,pedestrian,-38.000,-7.800,-1.5708,0.000,0.5,0.5
24.75,10,pedestrian,-36.500,-7.500,-1.5392,0.000,0.5,0.5
24.75,11,pedestrian,4.573,-20.107,-3.1104,1.270,0.5,0.5
24.75,12,bus,-58.000,4.600,0.0000,0.000,11.0,2.6
24.75,13,pedestrian,-52.500,-7.500,-1.6633,0.000,0.5,0.5
24.75,14,pushcart,4.600,-42.000,1.5708,0.000,2.0,1.2
24.75,15,pedestrian,-8.512,8.637,0.9165,0.600,0.5,0.5
24.75,16,pedestrian,8.052,-9.817,-1.9169,0.600,0.5,0.5
24.85,2,auto,-61.856,-2.159,3.2362,6.323,2.8,1.4
24.85,3,bus,-40.179,-2.999,3.1440,6.844,11.0,2.6
24.85,6,twowheeler,1.384,-91.259,-1.6459,7.976,2.0,0.8
24.85,7,twowheeler,-49.551,4.523,3.1416,0.000,2.0,0.8
24.85,8,twowheeler,24.000,14.000,0.5281,0.000,2.0,0.8
24.85,9,pedestrian,-38.000,-7.800,-1.5708,0.000,0.5,0.5
24.85,10,pedestrian,-36.500,-7.500,-1.5392,0.000,0.5,0.5
24.85,11,pedestrian,4.446,-20.111,-3.1104,1.270,0.5,0.5
24.85,12,bus,-58.000,4.600,0.0000,0.000,11.0,2.6
24.85,13,pedestrian,-52.500,-7.500,-1.6633,0.000,0.5,0.5
24.85,14,pushcart,4.600,-42.000,1.5708,0.000,2.0,1.2
24.85,15,pedestrian,-8.498,8.696,1.4155,0.600,0.5,0.5
24.85,16,pedestrian,8.040,-9.875,-1.5790,0.600,0.5,0.5
24.95,2,auto,-62.488,-2.159,3.0470,6.323,2.8,1.4
24.95,3,bus,-40.863,-2.991,3.1186,6.837,11.0,2.6
24.95,6,twowheeler,1.324,-92.058,-1.6455,8.013,2.0,0.8
24.95,7,twowheeler,-49.551,4.523,3.1416,0.000,2.0,0.8
24.95,8,twowheeler,24.000,14.000,0.5281,0.000,2.0,0.8
24.95,9,pedestrian,-38.000,-7.800,-1.5708,0.000,0.5,0.5
24.95,10,pedestrian,-36.500,-7.500,-1.5392,0.000,0.5,0.5
24.95,11,pedestrian,4.320,-20.115,-3.1104,1.270,0.5,0.5
24.95,12,bus,-58.000,4.600,0.0000,0.000,11.0,2.6
24.95,13,pedestrian,-52.500,-7.500,-1.6633,0.000,0.5,0.5
24.95,14,pushcart,4.600,-42.000,1.5708,0.000,2.0,1.2
24.95,15,pedestrian,-8.490,8.755,1.3905,0.600,0.5,0.5
24.95,16,pedestrian,8.016,-9.929,-2.1529,0.600,0.5,0.5
25.05,2,auto,-63.120,-2.212,3.2131,6.323,2.8,1.4
25.05,3,bus,-41.546,-3.023,3.1716,6.830,11.0,2.6
25.05,6,twowheeler,1.264,-92.861,-1.6452,8.048,2.0,0.8
25.05,7,twowheeler,-49.551,4.523,3.1416,0.000,2.0,0.8
25.05,8,twowheeler,24.000,14.000,0.5281,0.000,2.0,0.8
25.05,9,pedestrian,-38.000,-7.800,-1.5708,0.000,0.5,0.5
25.05,10,pedestrian,-36.500,-7.500,-1.5392,0.000,0.5,0.5
25.05,11,pedestrian,4.193,-20.119,-3.1104,1.270,0.5,0.5
25.05,12,bus,-58.000,4.600,0.0000,0.000,11.0,2.6
25.05,13,pedestrian,-52.500,-7.500,-1.6633,0.000,0.5,0.5
25.05,14,pushcart,4.600,-42.000,1.5708,0.000,2.0,1.2
25.05,15,pedestrian,-8.475,8.813,1.2379,0.600,0.5,0.5
25.05,16,pedestrian,7.975,-9.973,-2.3414,0.600,0.5,0.5
25.15,2,auto,-63.753,-2.272,3.2362,6.323,2.8,1.4
25.15,3,bus,-42.229,-3.069,3.1716,6.823,11.0,2.6
25.15,6,twowheeler,1.204,-93.668,-1.6449,8.081,2.0,0.8
25.15,7,twowheeler,-49.551,4.523,3.1416,0.000,2.0,0.8
25.15,8,twowheeler,24.000,14.000,0.5281,0.000,2.0,0.8
25.15,9,pedestrian,-38.000,-7.800,-1.5708,0.000,0.5,0.5
25.15,10,pedestrian,-36.500,-7.500,-1.5392,0.000,0.5,0.5
25.15,11,pedestrian,4.066,-20.123,-3.1104,1.270,0.5,0.5
25.15,12,bus,-58.000,4.600,0.0000,0.000,11.0,2.6
25.15,13,pedestrian,-52.500,-7.500,-1.6633,0.000,0.5,0.5
25.15,14,pushcart,4.600,-42.000,1.5708,0.000,2.0,1.2
25.15,15,pedestrian,-8.450,8.867,1.1704,0.600,0.5,0.5
25.15,16,pedestrian,7.930,-10.012,-2.4674,0.600,0.5,0.5
25.25,2,auto,-64.385,-2.271,3.2345,6.323,2.8,1.4
25.25,3,bus,-42.911,-3.033,3.1116,6.817,11.0,2.6
25.25,6,twowheeler,1.185,-94.477,-1.6446,8.112,2.0,0.8
25.25,7,twowheeler,-49.551,4.523,3.1416,0.000,2.0,0.8
25.25,8,twowheeler,24.000,14.000,0.5281,0.000,2.0,0.8
25.25,9,pedestrian,-38.000,-7.800,-1.5708,0.000,0.5,0.5
25.25,10,pedestrian,-36.500,-7.500,-1.5392,0.000,0.5,0.5
25.25,11,pedestrian,3.939,-20.127,-3.1104,1.270,0.5,0.5
25.25,12,bus,-58.000,4.600,0.0000,0.000,11.0,2.6
25.25,13,pedestrian,-52.500,-7.500,-1.6633,0.000,0.5,0.5
25.25,14,pushcart,4.600,-42.000,1.5708,0.000,2.0,1.2
25.25,15,pedestrian,-8.437,8.926,1.3319,0.600,0.5,0.5
25.25,16,pedestrian,7.898,-10.063,-1.9984,0.600,0.5,0.5
25.35,2,auto,-65.017,-2.211,3.0470,6.323,2.8,1.4
25.35,3,bus,-43.592,-3.010,3.1618,6.810,11.0,2.6
25.35,6,twowheeler,1.185,-95.290,-1.4972,8.141,2.0,0.8
25.35,7,twowheeler,-49.551,4.523,3.1416,0.000,2.0,0.8
25.35,8,twowheeler,24.000,14.000,0.5281,0.000,2.0,0.8
25.35,9,pedestrian,-38.000,-7.800,-1.5708,0.000,0.5,0.5
25.35,10,pedestrian,-36.500,-7.500,-1.5392,0.000,0.5,0.5
25.35,11,pedestrian,3.812,-20.131,-3.1104,1.270,0.5,0.5
25.35,12,bus,-58.000,4.600,0.0000,0.000,11.0,2.6
25.35,13,pedestrian,-52.500,-7.500,-1.6633,0.000,0.5,0.5
25.35,14,pushcart,4.600,-42.000,1.5708,0.000,2.0,1.2
25.35,15,pedestrian,-8.448,8.985,1.8032,0.600,0.5,0.5
25.35,16,pedestrian,7.895,-10.122,-1.5189,0.600,0.5,0.5
25.45,2,auto,-65.650,-2.209,3.2295,6.323,2.8,1.4
25.45,3,bus,-44.273,-3.028,3.1488,6.804,11.0,2.6
25.45,6,twowheeler,1.245,-96.106,-1.4975,8.169,2.0,0.8
25.45,7,twowheeler,-49.551,4.523,3.1416,0.000,2.0,0.8
25.45,8,twowheeler,24.000,14.000,0.5281,0.000,2.0,0.8
25.45,9,pedestrian,-38.000,-7.800,-1.5708,0.000,0.5,0.5
25.45,10,pedestrian,-36.500,-7.500,-1.5392,0.000,0.5,0.5
25.45,11,pedestrian,3.685,-20.135,-3.1104,1.270,0.5,0.5
25.45,12,bus,-58.000,4.600,0.0000,0.000,11.0,2.6
25.45,13,pedestrian,-52.500,-7.500,-1.6633,0.000,0.5,0.5
25.45,14,pushcart,4.600,-42.000,1.5708,0.000,2.0,1.2
25.45,15,pedestrian,-8.467,9.041,2.0231,0.600,0.5,0.5
25.45,16,pedestrian,7.899,-10.182,-1.6577,0.600,0.5,0.5
25.55,2,auto,-66.282,-2.199,3.0470,6.323,2.8,1.4
25.55,3,bus,-44.953,-3.009,3.1277,6.797,11.0,2.6
25.55,6,twowheeler,1.305,-96.924,-1.4977,8.195,2.0,0.8
25.55,7,twowheeler,-49.551,4.523,3.1416,0.000,2.0,0.8
25.55,8,twowheeler,24.000,14.000,0.5281,0.000,2.0,0.8
25.55,9,pedestrian,-38.000,-7.800,-1.5708,0.000,0.5,0.5
25.55,10,pedestrian,-36.500,-7.500,-1.5392,0.000,0.5,0.5
25.55,11,pedestrian,3.558,-20.139,-3.1104,1.270,0.5,0.5
25.55,12,bus,-58.000,4.600,0.0000,0.000,11.0,2.6
25.55,13,pedestrian,-52.500,-7.500,-1.6633,0.000,0.5,0.5
25.55,14,pushcart,4.600,-42.000,1.5708,0.000,2.0,1.2
25.55,15,pedestrian,-8.488,9.097,1.9662,0.600,0.5,0.5
25.55,16,pedestrian,7.905,-10.239,-1.1781,0.600,0.5,0.5
25.65,2,auto,-66.914,-2.199,3.2362,6.323,2.8,1.4
25.65,3,bus,-45.632,-3.032,3.1716,6.791,11.0,2.6
25.65,6,twowheeler,1.365,-97.744,-1.4979,8.219,2.0,0.8
25.65,7,twowheeler,-49.551,4.523,3.1416,0.000,2.0,0.8
25.65,8,twowheeler,24.000,14.000,0.5281,0.000,2.0,0.8
25.65,9,pedestrian,-38.000,-7.800,-1.5708,0.000,0.5,0.5
25.65,10,pedestrian,-36.500,-7.500,-1.5392,0.000,0.5,0.5
25.65,11,pedestrian,3.431,-20.143,-3.1104,1.270,0.5,0.5
25.65,12,bus,-58.000,4.600,0.0000,0.000,11.0,2.6
25.65,13,pedestrian,-52.500,-7.500,-1.6633,0.000,0.5,0.5
25.65,14,pushcart,4.600,-42.000,1.5708,0.000,2.0,1.2
25.65,15,pedestrian,-8.509,9.154,1.8944,0.600,0.5,0.5
25.65,16,pedestrian,7.905,-10.239,-1.1781,0.000,0.5,0.5
25.75,2,auto,-67.547,-2.257,3.2308,6.323,2.8,1.4
25.75,3,bus,-46.311,-3.006,3.1229,6.784,11.0,2.6
25.75,6,twowheeler,1.425,-98.568,-1.4981,8.242,2.0,0.8
25.75,7,twowheeler,-49.551,4.523,3.1416,0.000,2.0,0.8
25.75,8,twowheeler,24.000,14.000,0.5281,0.000,2.0,0.8
25.75,9,pedestrian,-38.000,-7.800,-1.5708,0.000,0.5,0.5
25.75,10,pedestrian,-36.500,-7.500,-1.5392,0.000,0.5,0.5
25.75,11,pedestrian,3.304,-20.147,-3.1104,1.270,0.5,0.5
25.75,12,bus,-58.000,4.600,0.0000,0.000,11.0,2.6
25.75,13,pedestrian,-52.500,-7.500,-1.6633,0.000,0.5,0.5
25.75,14,pushcart,4.600,-42.000,1.5708,0.000,2.0,1.2
25.75,15,pedestrian,-8.525,9.211,1.8305,0.600,0.5,0.5
25.75,16,pedestrian,7.905,-10.239,-1.1781,0.000,0.5,0.5
25.85,2,auto,-68.179,-2.197,3.0470,6.323,2.8,1.4
25.85,3,bus,-46.989,-3.039,3.1716,6.778,11.0,2.6
25.85,6,twowheeler,1.485,-99.393,-1.4983,8.263,2.0,0.8
25.85,7,twowheeler,-49.551,4.523,3.1416,0.000,2.0,0.8
25.85,8,twowheeler,24.000,14.000,0.5281,0.000,2.0,0.8
25.85,9,pedestrian,-38.000,-7.800,-1.5708,0.000,0.5,0.5
25.85,10,pedestrian,-36.500,-7.500,-1.5392,0.000,0.5,0.5
25.85,11,pedestrian,3.177,-20.151,-3.1104,1.270,0.5,0.5
25.85,12,bus,-58.000,4.600,0.0000,0.000,11.0,2.6
25.85,13,pedestrian,-52.500,-7.500,-1.6633,0.000,0.5,0.5
25.85,14,pushcart,4.600,-42.000,1.5708,0.000,2.0,1.2
25.85,15,pedestrian,-8.529,9.270,1.4687,0.600,0.5,0.5
25.85,16,pedestrian,7.905,-10.239,-1.1781,0.000,0.5,0.5
25.95,2,auto,-68.811,-2.228,3.1443,6.323,2.8,1.4
25.95,3,bus,-47.666,-3.056,3.1716,6.772,11.0,2.6
25.95,7,twowheeler,-49.551,4.523,3.1416,0.000,2.0,0.8
25.95,8,twowheeler,24.000,14.000,0.5281,0.000,2.0,0.8
25.95,9,pedestrian,-38.000,-7.800,-1.5708,0.000,0.5,0.5
25.95,10,pedestrian,-36.500,-7.500,-1.5392,0.000,0.5,0.5
25.95,11,pedestrian,3.050,-20.155,-3.1104,1.270,0.5,0.5
25.95,12,bus,-58.000,4.600,0.0000,0.000,11.0,2.6
25.95,13,pedestrian,-52.500,-7.500,-1.6633,0.000,0.5,0.5
25.95,14,pushcart,4.600,-42.000,1.5708,0.000,2.0,1.2
25.95,15,pedestrian,-8.509,9.327,1.2079,0.600,0.5,0.5
25.95,16,pedestrian,7.905,-10.239,-1.1781,0.000,0.5,0.5
26.05,2,auto,-69.444,-2.288,3.2362,6.323,2.8,1.4
26.05,3,bus,-48.343,-3.051,3.1116,6.765,11.0,2.6
26.05,7,twowheeler,-49.551,4.523,3.1416,0.000,2.0,0.8
26.05,8,twowheeler,24.000,14.000,0.5281,0.000,2.0,0.8
26.05,9,pedestrian,-38.000,-7.800,-1.5708,0.000,0.5,0.5
26.05,10,pedestrian,-36.500,-7.500,-1.5392,0.000,0.5,0.5
26.05,11,pedestrian,2.923,-20.159,-3.1104,1.270,0.5,0.5
26.05,12,bus,-58.000,4.600,0.0000,0.000,11.0,2.6
26.05,13,pedestrian,-52.500,-7.500,-1.6633,0.000,0.5,0.5
26.05,14,pushcart,4.600,-42.000,1.5708,0.000,2.0,1.2
26.05,15,pedestrian,-8.475,9.376,0.9268,0.600,0.5,0.5
26.05,16,pedestrian,7.905,-10.239,-1.1781,0.000,0.5,0.5
26.15,2,auto,-70.076,-2.288,3.2034,6.323,2.8,1.4
26.15,3,bus,-49.019,-2.991,3.1116,6.759,11.0,2.6
26.15,7,twowheeler,-49.551,4.523,3.1416,0.000,2.0,0.8
26.15,8,twowheeler,24.000,14.000,0.5281,0.000,2.0,0.8
26.15,9,pedestrian,-38.000,-7.800,-1.5708,0.000,0.5,0.5
26.15,10,pedestrian,-36.500,-7.500,-1.5392,0.000,0.5,0.5
26.15,11,pedestrian,2.797,-20.163,-3.1104,1.270,0.5,0.5
26.15,12,bus,-58.000,4.600,0.0000,0.000,11.0,2.6
26.15,13,pedestrian,-52.500,-7.500,-1.6633,0.000,0.5,0.5
26.15,14,pushcart,4.600,-42.000,1.5708,0.000,2.0,1.2
26.15,15,pedestrian,-8.468,9.436,1.4064,0.600,0.5,0.5
26.15,16,pedestrian,7.905,-10.239,-1.1781,0.000,0.5,0.5
26.25,2,auto,-70.708,-2.288,3.0470,6.323,2.8,1.4
26.25,3,bus,-49.695,-2.973,3.1716,6.753,11.0,2.6
26.25,7,twowheeler,-49.551,4.523,3.1416,0.000,2.0,0.8
26.25,8,twowheeler,24.000,14.000,0.5281,0.000,2.0,0.8
26.25,9,pedestrian,-38.000,-7.800,-1.5708,0.000,0.5,0.5
26.25,10,pedestrian,-36.500,-7.500,-1.5392,0.000,0.5,0.5
26.25,11,pedestrian,2.670,-20.167,-3.1104,1.270,0.5,0.5
26.25,12,bus,-58.000,4.600,0.0000,0.000,11.0,2.6
26.25,13,pedestrian,-52.500,-7.500,-1.6633,0.000,0.5,0.5
26.25,14,pushcart,4.600,-42.000,1.5708,0.000,2.0,1.2
26.25,15,pedestrian,-8.452,9.493,1.4657,0.600,0.5,0.5
26.25,16,pedestrian,7.905,-10.239,-1.1781,0.000,0.5,0.5
26.35,2,auto,-71.340,-2.348,3.2362,6.323,2.8,1.4
26.35,3,bus,-50.370,-2.976,3.1703,6.747,11.0,2.6
26.35,7,twowheeler,-49.551,4.523,3.1416,0.000,2.0,0.8
26.35,8,twowheeler,24.000,14.000,0.5281,0.000,2.0,0.8
26.35,9,pedestrian,-38.000,-7.800,-1.5708,0.000,0.5,0.5
26.35,10,pedestrian,-36.500,-7.500,-1.5392,0.000,0.5,0.5
26.35,11,pedestrian,2.543,-20.171,-3.1104,1.270,0.5,0.5
26.35,12,bus,-58.000,4.600,0.0000,0.000,11.0,2.6
26.35,13,pedestrian,-52.500,-7.500,-1.6633,0.000,0.5,0.5
26.35,14,pushcart,4.600,-42.000,1.5708,0.000,2.0,1.2
26.35,15,pedestrian,-8.448,9.552,1.4131,0.600,0.5,0.5
26.35,16,pedestrian,7.905,-10.239,-1.1781,0.000,0.5,0.5
26.45,2,auto,-71.973,-2.408,3.2362,6.323,2.8,1.4
26.45,3,bus,-51.044,-3.022,3.1716,6.740,11.0,2.6
26.45,7,twowheeler,-49.551,4.523,3.1416,0.000,2.0,0.8
26.45,8,twowheeler,24.000,14.000,0.5281,0.000,2.0,0.8
26.45,9,pedestrian,-38.000,-7.800,-1.5708,0.000,0.5,0.5
26.45,10,pedestrian,-36.500,-7.500,-1.5392,0.000,0.5,0.5
26.45,11,pedestrian,2.416,-20.175,-3.1104,1.270,0.5,0.5
26.45,12,bus,-58.000,4.600,0.0000,0.000,11.0,2.6
26.45,13,pedestrian,-52.500,-7.500,-1.6633,0.000,0.5,0.5
26.45,14,pushcart,4.600,-42.000,1.5708,0.000,2.0,1.2
26.45,15,pedestrian,-8.427,9.608,1.1879,0.600,0.5,0.5
26.45,16,pedestrian,7.905,-10.239,-1.1781,0.000,0.5,0.5
26.55,2,auto,-72.605,-2.430,3.2077,6.323,2.8,1.4
26.55,3,bus,-51.718,-2.962,3.1116,6.735,11.0,2.6
26.55,7,twowheeler,-49.551,4.523,3.1416,0.000,2.0,0.8
26.55,8,twowheeler,24.000,14.000,0.5281,0.000,2.0,0.8
26.55,9,pedestrian,-38.000,-7.800,-1.5708,0.000,0.5,0.5
26.55,10,pedestrian,-36.500,-7.500,-1.5392,0.000,0.5,0.5
26.55,11,pedestrian,2.289,-20.178,-3.1104,1.270,0.5,0.5
26.55,12,bus,-58.000,4.600,0.0000,0.000,11.0,2.6
26.55,13,pedestrian,-52.500,-7.500,-1.6633,0.000,0.5,0.5
26.55,14,pushcart,4.600,-42.000,1.5708,0.000,2.0,1.2
26.55,15,pedestrian,-8.401,9.662,1.1170,0.600,0.5,0.5
26.55,16,pedestrian,7.905,-10.239,-1.1781,0.000,0.5,0.5
26.65,2,auto,-73.237,-2.400,3.1415,6.323,2.8,1.4
26.65,3,bus,-52.391,-2.951,3.1116,6.729,11.0,2.6
26.65,7,twowheeler,-49.551,4.523,3.1416,0.000,2.0,0.8
26.65,8,twowheeler,24.000,14.000,0.5281,0.000,2.0,0.8
26.65,9,pedestrian,-38.000,-7.800,-1.5708,0.000,0.5,0.5
26.65,10,pedestrian,-36.500,-7.500,-1.5392,0.000,0.5,0.5
26.65,11,pedestrian,2.162,-20.182,-3.1104,1.270,0.5,0.5
26.65,12,bus,-58.000,4.600,0.0000,0.000,11.0,2.6
26.65,13,pedestrian,-52.500,-7.500,-1.6633,0.000,0.5,0.5
26.65,14,pushcart,4.600,-42.000,1.5708,0.000,2.0,1.2
26.65,15,pedestrian,-8.382,9.719,1.1872,0.600,0.5,0.5
26.65,16,pedestrian,7.905,-10.239,-1.1781,0.000,0.5,0.5
26.75,2,auto,-73.870,-2.412,3.0840,6.323,2.8,1.4
26.75,3,bus,-53.064,-2.965,3.1716,6.723,11.0,2.6
26.75,7,twowheeler,-49.551,4.523,3.1416,0.000,2.0,0.8
26.75,8,twowheeler,24.000,14.000,0.5281,0.000,2.0,0.8
26.75,9,pedestrian,-38.000,-7.800,-1.5708,0.000,0.5,0.5
26.75,10,pedestrian,-36.500,-7.500,-1.5392,0.000,0.5,0.5
26.75,11,pedestrian,2.035,-20.186,-3.1104,1.270,0.5,0.5
26.75,12,bus,-58.000,4.600,0.0000,0.000,11.0,2.6
26.75,13,pedestrian,-52.500,-7.500,-1.6633,0.000,0.5,0.5
26.75,14,pushcart,4.600,-42.000,1.5708,0.000,2.0,1.2
26.75,15,pedestrian,-8.348,9.769,0.9325,0.600,0.5,0.5
26.75,16,pedestrian,7.905,-10.239,-1.1781,0.000,0.5,0.5
26.85,2,auto,-74.502,-2.383,3.0470,6.323,2.8,1.4
26.85,3,bus,-53.736,-3.012,3.1716,6.717,11.0,2.6
26.85,7,twowheeler,-49.551,4.523,3.1416,0.000,2.0,0.8
26.85,8,twowheeler,24.000,14.000,0.5281,0.000,2.0,0.8
26.85,9,pedestrian,-38.000,-7.800,-1.5708,0.000,0.5,0.5
26.85,10,pedestrian,-36.500,-7.500,-1.5392,0.000,0.5,0.5
26.85,11,pedestrian,1.908,-20.190,-3.1104,1.270,0.5,0.5
26.85,12,bus,-58.000,4.600,0.0000,0.000,11.0,2.6
26.85,13,pedestrian,-52.500,-7.500,-1.6633,0.000,0.5,0.5
26.85,14,pushcart,4.600,-42.000,1.5708,0.000,2.0,1.2
26.85,15,pedestrian,-8.338,9.822,1.8217,0.600,0.5,0.5
26.85,16,pedestrian,7.905,-10.239,-1.1781,0.000,0.5,0.5
26.95,2,auto,-75.134,-2.383,3.2362,6.323,2.8,1.4
26.95,3,bus,-54.407,-2.994,3.1255,6.711,11.0,2.6
26.95,7,twowheeler,-49.551,4.523,3.1416,0.000,2.0,0.8
26.95,8,twowheeler,24.000,14.000,0.5281,0.000,2.0,0.8
26.95,9,pedestrian,-38.000,-7.800,-1.5708,0.000,0.5,0.5
26.95,10,pedestrian,-36.500,-7.500,-1.5392,0.000,0.5,0.5
26.95,11,pedestrian,1.781,-20.194,-3.1104,1.270,0.5,0.5
26.95,12,bus,-58.000,4.600,0.0000,0.000,11.0,2.6
26.95,13,pedestrian,-52.500,-7.500,-1.6633,0.000,0.5,0.5
26.95,14,pushcart,4.600,-42.000,1.5708,0.000,2.0,1.2
26.95,15,pedestrian,-8.366,9.876,2.0618,0.600,0.5,0.5
26.95,16,pedestrian,7.905,-10.239,-1.1781,0.000,0.5,0.5
27.05,2,auto,-75.767,-2.443,3.2362,6.323,2.8,1.4
27.05,3,bus,-55.078,-3.016,3.1600,6.705,11.0,2.6
27.05,7,twowheeler,-49.551,4.523,3.1416,0.000,2.0,0.8
27.05,8,twowheeler,24.000,14.000,0.5281,0.000,2.0,0.8
27.05,9,pedestrian,-38.000,-7.800,-1.5708,0.000,0.5,0.5
27.05,10,pedestrian,-36.500,-7.500,-1.5392,0.000,0.5,0.5
27.05,11,pedestrian,1.654,-20.198,-3.1104,1.270,0.5,0.5
27.05,12,bus,-58.000,4.600,0.0000,0.000,11.0,2.6
27.05,13,pedestrian,-52.500,-7.500,-1.6633,0.000,0.5,0.5
27.05,14,pushcart,4.600,-42.000,1.5708,0.000,2.0,1.2
27.05,15,pedestrian,-8.369,9.934,1.4218,0.600,0.5,0.5
27.05,16,pedestrian,7.905,-10.239,-1.1781,0.000,0.5,0.5
27.15,2,auto,-76.399,-2.503,3.2362,6.323,2.8,1.4
27.15,3,bus,-55.748,-2.958,3.1116,6.699,11.0,2.6
27.15,7,twowheeler,-49.551,4.523,3.1416,0.000,2.0,0.8
27.15,8,twowheeler,24.000,14.000,0.5281,0.000,2.0,0.8
27.15,9,pedestrian,-38.000,-7.800,-1.5708,0.000,0.5,0.5
27.15,10,pedestrian,-36.500,-7.500,-1.5392,0.000,0.5,0.5
27.15,11,pedestrian,1.527,-20.202,-3.1104,1.270,0.5,0.5
27.15,12,bus,-58.000,4.600,0.0000,0.000,11.0,2.6
27.15,13,pedestrian,-52.500,-7.500,-1.6633,0.000,0.5,0.5
27.15,14,pushcart,4.600,-42.000,1.5708,0.000,2.0,1.2
27.15,15,pedestrian,-8.338,9.985,0.9433,0.600,0.5,0.5
27.15,16,pedestrian,7.905,-10.239,-1.1781,0.000,0.5,0.5
27.25,2,auto,-77.031,-2.563,3.2362,6.323,2.8,1.4
27.25,3,bus,-56.418,-2.951,3.1116,6.693,11.0,2.6
27.25,7,twowheeler,-49.551,4.523,3.1416,0.000,2.0,0.8
27.25,8,twowheeler,24.000,14.000,0.5281,0.000,2.0,0.8
27.25,9,pedestrian,-38.000,-7.800,-1.5708,0.000,0.5,0.5
27.25,10,pedestrian,-36.500,-7.500,-1.5392,0.000,0.5,0.5
27.25,11,pedestrian,1.400,-20.206,-3.1104,1.270,0.5,0.5
27.25,12,bus,-58.000,4.600,0.0000,0.000,11.0,2.6
27.25,13,pedestrian,-52.500,-7.500,-1.6633,0.000,0.5,0.5
27.25,14,pushcart,4.600,-42.000,1.5708,0.000,2.0,1.2
27.25,15,pedestrian,-8.308,10.037,1.1449,0.600,0.5,0.5
27.25,16,pedestrian,7.905,-10.239,-1.1781,0.000,0.5,0.5
27.35,2,auto,-77.664,-2.623,3.2362,6.323,2.8,1.4
27.35,3,bus,-57.087,-2.899,3.1116,6.687,11.0,2.6
27.35,7,twowheeler,-49.551,4.523,3.1416,0.000,2.0,0.8
27.35,8,twowheeler,24.000,14.000,0.5281,0.000,2.0,0.8
27.35,9,pedestrian,-38.000,-7.800,-1.5708,0.000,0.5,0.5
27.35,10,pedestrian,-36.500,-7.500,-1.5392,0.000,0.5,0.5
27.35,11,pedestrian,1.274,-20.210,-3.1104,1.270,0.5,0.5
27.35,12,bus,-58.000,4.600,0.0000,0.000,11.0,2.6
27.35,13,pedestrian,-52.500,-7.500,-1.6633,0.000,0.5,0.5
27.35,14,pushcart,4.600,-42.000,1.5708,0.000,2.0,1.2
27.35,15,pedestrian,-8.277,10.086,0.7552,0.600,0.5,0.5
27.35,16,pedestrian,7.905,-10.239,-1.1781,0.000,0.5,0.5
27.45,2,auto,-78.296,-2.563,3.0470,6.323,2.8,1.4
27.45,3,bus,-57.755,-2.877,3.1201,6.681,11.0,2.6
27.45,7,twowheeler,-49.551,4.523,3.1416,0.000,2.0,0.8
27.45,8,twowheeler,24.000,14.000,0.5281,0.000,2.0,0.8
27.45,9,pedestrian,-38.000,-7.800,-1.5708,0.000,0.5,0.5
27.45,10,pedestrian,-36.500,-7.500,-1.5392,0.000,0.5,0.5
27.45,11,pedestrian,1.147,-20.214,-3.1104,1.270,0.5,0.5
27.45,12,bus,-58.000,4.600,0.0000,0.000,11.0,2.6
27.45,13,pedestrian,-52.500,-7.500,-1.6633,0.000,0.5,0.5
27.45,14,pushcart,4.600,-42.000,1.5708,0.000,2.0,1.2
27.45,15,pedestrian,-8.220,10.107,0.2598,0.600,0.5,0.5
27.45,16,pedestrian,7.905,-10.239,-1.1781,0.000,0.5,0.5
27.55,2,auto,-78.928,-2.519,3.0470,6.323,2.8,1.4
27.55,3,bus,-58.423,-2.875,3.1410,6.676,11.0,2.6
27.55,7,twowheeler,-49.551,4.523,3.1416,0.000,2.0,0.8
27.55,8,twowheeler,24.000,14.000,0.5281,0.000,2.0,0.8
27.55,9,pedestrian,-38.000,-7.800,-1.5708,0.000,0.5,0.5
27.55,10,pedestrian,-36.500,-7.500,-1.5392,0.000,0.5,0.5
27.55,11,pedestrian,1.020,-20.218,-3.1104,1.270,0.5,0.5
27.55,12,bus,-58.000,4.600,0.0000,0.000,11.0,2.6
27.55,13,pedestrian,-52.500,-7.500,-1.6633,0.000,0.5,0.5
27.55,14,pushcart,4.600,-42.000,1.5708,0.000,2.0,1.2
27.55,15,pedestrian,-8.165,10.130,0.4438,0.600,0.5,0.5
27.55,16,pedestrian,7.905,-10.239,-1.1781,0.000,0.5,0.5
27.65,2,auto,-79.561,-2.459,3.0470,6.323,2.8,1.4
27.65,3,bus,-59.090,-2.916,3.1716,6.670,11.0,2.6
27.65,7,twowheeler,-49.551,4.523,3.1416,0.000,2.0,0.8
27.65,8,twowheeler,24.000,14.000,0.5281,0.000,2.0,0.8
27.65,9,pedestrian,-38.000,-7.800,-1.5708,0.000,0.5,0.5
27.65,10,pedestrian,-36.500,-7.500,-1.5392,0.000,0.5,0.5
27.65,11,pedestrian,0.893,-20.222,-3.1104,1.270,0.5,0.5
27.65,12,bus,-58.000,4.600,0.0000,0.000,11.0,2.6
27.65,13,pedestrian,-52.500,-7.500,-1.6633,0.000,0.5,0.5
27.65,14,pushcart,4.600,-42.000,1.5708,0.000,2.0,1.2
27.65,15,pedestrian,-8.112,10.156,0.3246,0.600,0.5,0.5
27.65,16,pedestrian,7.905,-10.239,-1.1781,0.000,0.5,0.5
27.75,2,auto,-80.193,-2.399,3.0470,6.323,2.8,1.4
27.75,3,bus,-59.757,-2.976,3.1716,6.665,11.0,2.6
27.75,7,twowheeler,-49.551,4.523,3.1416,0.000,2.0,0.8
27.75,8,twowheeler,24.000,14.000,0.5281,0.000,2.0,0.8
27.75,9,pedestrian,-38.000,-7.800,-1.5708,0.000,0.5,0.5
27.75,10,pedestrian,-36.500,-7.500,-1.5392,0.000,0.5,0.5
27.75,11,pedestrian,0.766,-20.226,-3.1104,1.270,0.5,0.5
27.75,12,bus,-58.000,4.600,0.0000,0.000,11.0,2.6
27.75,13,pedestrian,-52.500,-7.500,-1.6633,0.000,0.5,0.5
27.75,14,pushcart,4.600,-42.000,1.5708,0.000,2.0,1.2
27.75,15,pedestrian,-8.052,10.153,0.0009,0.600,0.5,0.5
27.75,16,pedestrian,7.910,-10.269,-1.4277,0.600,0.5,0.5
27.85,2,auto,-80.825,-2.404,3.2362,6.323,2.8,1.4
27.85,3,bus,-60.423,-3.024,3.1716,6.659,11.0,2.6
27.85,7,twowheeler,-49.551,4.523,3.1416,0.000,2.0,0.8
27.85,8,twowheeler,24.000,14.000,0.5281,0.000,2.0,0.8
27.85,9,pedestrian,-38.000,-7.800,-1.5708,0.000,0.5,0.5
27.85,10,pedestrian,-36.500,-7.500,-1.5392,0.000,0.5,0.5
27.85,11,pedestrian,0.639,-20.230,-3.1104,1.270,0.5,0.5
27.85,12,bus,-58.000,4.600,0.0000,0.000,11.0,2.6
27.85,13,pedestrian,-52.500,-7.500,-1.6633,0.000,0.5,0.5
27.85,14,pushcart,4.600,-42.000,1.5708,0.000,2.0,1.2
27.85,15,pedestrian,-7.993,10.143,-0.0388,0.600,0.5,0.5
27.85,16,pedestrian,7.904,-10.328,-1.8190,0.600,0.5,0.5
27.95,2,auto,-81.457,-2.404,3.0470,6.323,2.8,1.4
27.95,3,bus,-61.089,-3.018,3.1116,6.654,11.0,2.6
27.95,7,twowheeler,-49.551,4.523,3.1416,0.000,2.0,0.8
27.95,8,twowheeler,24.000,14.000,0.5281,0.000,2.0,0.8
27.95,9,pedestrian,-38.000,-7.800,-1.5708,0.000,0.5,0.5
27.95,10,pedestrian,-36.500,-7.500,-1.5392,0.000,0.5,0.5
27.95,11,pedestrian,0.512,-20.234,-3.1104,1.270,0.5,0.5
27.95,12,bus,-58.000,4.600,0.0000,0.000,11.0,2.6
27.95,13,pedestrian,-52.500,-7.500,-1.6633,0.000,0.5,0.5
27.95,14,pushcart,4.600,-42.000,1.5708,0.000,2.0,1.2
27.95,15,pedestrian,-7.993,10.143,-0.0388,0.000,0.5,0.5
27.95,16,pedestrian,7.900,-10.388,-1.6465,0.600,0.5,0.5
28.05,2,auto,-82.090,-2.464,3.2362,6.323,2.8,1.4
28.05,3,bus,-61.754,-3.028,3.1116,6.648,11.0,2.6
28.05,7,twowheeler,-49.551,4.523,3.1416,0.000,2.0,0.8
28.05,8,twowheeler,24.000,14.000,0.5281,0.000,2.0,0.8
28.05,9,pedestrian,-38.000,-7.800,-1.5708,0.000,0.5,0.5
28.05,10,pedestrian,-36.500,-7.500,-1.5392,0.000,0.5,0.5
28.05,11,pedestrian,0.385,-20.238,-3.1104,1.270,0.5,0.5
28.05,12,bus,-58.000,4.600,0.0000,0.000,11.0,2.6
28.05,13,pedestrian,-52.500,-7.500,-1.6633,0.000,0.5,0.5
28.05,14,pushcart,4.600,-42.000,1.5708,0.000,2.0,1.2
28.05,15,pedestrian,-7.993,10.143,-0.0388,0.000,0.5,0.5
28.05,16,pedestrian,7.868,-10.437,-2.2749,0.600,0.5,0.5
28.15,2,auto,-82.722,-2.496,3.1481,6.323,2.8,1.4
28.15,3,bus,-62.419,-3.077,3.1716,6.643,11.0,2.6
28.15,7,twowheeler,-49.551,4.523,3.1416,0.000,2.0,0.8
28.15,8,twowheeler,24.000,14.000,0.5281,0.000,2.0,0.8
28.15,9,pedestrian,-38.000,-7.800,-1.5708,0.000,0.5,0.5
28.15,10,pedestrian,-36.500,-7.500,-1.5392,0.000,0.5,0.5
28.15,11,pedestrian,0.258,-20.242,-3.1104,1.270,0.5,0.5
28.15,12,bus,-58.000,4.600,0.0000,0.000,11.0,2.6
28.15,13,pedestrian,-52.500,-7.500,-1.6633,0.000,0.5,0.5
28.15,14,pushcart,4.600,-42.000,1.5708,0.000,2.0,1.2
28.15,15,pedestrian,-7.993,10.143,-0.0388,0.000,0.5,0.5
28.15,16,pedestrian,7.827,-10.481,-2.4312,0.600,0.5,0.5
28.25,2,auto,-83.354,-2.505,3.2362,6.323,2.8,1.4
28.25,3,bus,-63.083,-3.113,3.1716,6.638,11.0,2.6
28.25,7,twowheeler,-49.551,4.523,3.1416,0.000,2.0,0.8
28.25,8,twowheeler,24.000,14.000,0.5281,0.000,2.0,0.8
28.25,9,pedestrian,-38.000,-7.800,-1.5708,0.000,0.5,0.5
28.25,10,pedestrian,-36.500,-7.500,-1.5392,0.000,0.5,0.5
28.25,11,pedestrian,0.131,-20.246,-3.1104,1.270,0.5,0.5
28.25,12,bus,-58.000,4.600,0.0000,0.000,11.0,2.6
28.25,13,pedestrian,-52.500,-7.500,-1.6633,0.000,0.5,0.5
28.25,14,pushcart,4.600,-42.000,1.5708,0.000,2.0,1.2
28.25,15,pedestrian,-7.993,10.143,-0.0388,0.000,0.5,0.5
28.25,16,pedestrian,7.773,-10.507,-2.7603,0.600,0.5,0.5
28.35,2,auto,-83.987,-2.464,3.0470,6.323,2.8,1.4
28.35,3,bus,-63.746,-3.102,3.1116,6.633,11.0,2.6
28.35,7,twowheeler,-49.551,4.523,3.1416,0.000,2.0,0.8
28.35,8,twowheeler,24.000,14.000,0.5281,0.000,2.0,0.8
28.35,9,pedestrian,-38.000,-7.800,-1.5708,0.000,0.5,0.5
28.35,10,pedestrian,-36.500,-7.500,-1.5392,0.000,0.5,0.5
28.35,11,pedestrian,0.004,-20.250,-3.1104,1.270,0.5,0.5
28.35,12,bus,-58.000,4.600,0.0000,0.000,11.0,2.6
28.35,13,pedestrian,-52.500,-7.500,-1.6633,0.000,0.5,0.5
28.35,14,pushcart,4.600,-42.000,1.5708,0.000,2.0,1.2
28.35,15,pedestrian,-7.993,10.143,-0.0388,0.000,0.5,0.5
28.35,16,pedestrian,7.721,-10.537,-2.5651,0.600,0.5,0.5
28.45,2,auto,-84.619,-2.524,3.2362,6.323,2.8,1.4
28.45,3,bus,-64.409,-3.106,3.1701,6.628,11.0,2.6
28.45,7,twowheeler,-49.551,4.523,3.1416,0.000,2.0,0.8
28.45,8,twowheeler,24.000,14.000,0.5281,0.000,2.0,0.8
28.45,9,pedestrian,-38.000,-7.800,-1.5708,0.000,0.5,0.5
28.45,10,pedestrian,-36.500,-7.500,-1.5392,0.000,0.5,0.5
28.45,11,pedestrian,-0.059,-20.252,-3.1104,0.000,0.5,0.5
28.45,12,bus,-58.000,4.600,0.0000,0.000,11.0,2.6
28.45,13,pedestrian,-52.500,-7.500,-1.6633,0.000,0.5,0.5
28.45,14,pushcart,4.600,-42.000,1.5708,0.000,2.0,1.2
28.45,15,pedestrian,-7.993,10.143,-0.0388,0.000,0.5,0.5
28.45,16,pedestrian,7.673,-10.570,-2.3333,0.600,0.5,0.5
28.55,2,auto,-85.251,-2.524,3.2362,6.323,2.8,1.4
28.55,3,bus,-65.072,-3.080,3.1116,6.623,11.0,2.6
28.55,7,twowheeler,-49.551,4.523,3.1416,0.000,2.0,0.8
28.55,8,twowheeler,24.000,14.000,0.5281,0.000,2.0,0.8
28.55,9,pedestrian,-38.000,-7.800,-1.5708,0.000,0.5,0.5
28.55,10,pedestrian,-36.500,-7.500,-1.5392,0.000,0.5,0.5
28.55,11,pedestrian,-0.059,-20.252,-3.1104,0.000,0.5,0.5
28.55,12,bus,-58.000,4.600,0.0000,0.000,11.0,2.6
28.55,13,pedestrian,-52.500,-7.500,-1.6633,0.000,0.5,0.5
28.55,14,pushcart,4.600,-42.000,1.5708,0.000,2.0,1.2
28.55,15,pedestrian,-7.993,10.143,-0.0388,0.000,0.5,0.5
28.55,16,pedestrian,7.644,-10.622,-2.1569,0.600,0.5,0.5
28.65,2,auto,-85.884,-2.524,3.2362,6.323,2.8,1.4
28.65,3,bus,-65.734,-3.064,3.1716,6.617,11.0,2.6
28.65,7,twowheeler,-49.551,4.523,3.1416,0.000,2.0,0.8
28.65,8,twowheeler,24.000,14.000,0.5281,0.000,2.0,0.8
28.65,9,pedestrian,-38.000,-7.800,-1.5708,0.000,0.5,0.5
28.65,10,pedestrian,-36.500,-7.500,-1.5392,0.000,0.5,0.5
28.65,11,pedestrian,-0.059,-20.252,-3.1104,0.000,0.5,0.5
28.65,12,bus,-58.000,4.600,0.0000,0.000,11.0,2.6
28.65,13,pedestrian,-52.500,-7.500,-1.6633,0.000,0.5,0.5
28.65,14,pushcart,4.600,-42.000,1.5708,0.000,2.0,1.2
28.65,15,pedestrian,-7.993,10.143,-0.0388,0.000,0.5,0.5
28.65,16,pedestrian,7.671,-10.609,0.4690,0.600,0.5,0.5
28.75,2,auto,-86.516,-2.464,3.0472,6.323,2.8,1.4
28.75,3,bus,-66.395,-3.040,3.1271,6.612,11.0,2.6
28.75,7,twowheeler,-49.551,4.523,3.1416,0.000,2.0,0.8
28.75,8,twowheeler,24.000,14.000,0.5281,0.000,2.0,0.8
28.75,9,pedestrian,-38.000,-7.800,-1.5708,0.000,0.5,0.5
28.75,10,pedestrian,-36.500,-7.500,-1.5392,0.000,0.5,0.5
28.75,11,pedestrian,-0.059,-20.252,-3.1104,0.000,0.5,0.5
28.75,12,bus,-58.000,4.600,0.0000,0.000,11.0,2.6
28.75,13,pedestrian,-52.500,-7.500,-1.6633,0.000,0.5,0.5
28.75,14,pushcart,4.600,-42.000,1.5708,0.000,2.0,1.2
28.75,15,pedestrian,-7.993,10.143,-0.0388,0.000,0.5,0.5
28.75,16,pedestrian,7.715,-10.570,0.8888,0.600,0.5,0.5
28.85,2,auto,-87.148,-2.433,3.0470,6.323,2.8,1.4
28.85,3,bus,-67.056,-3.053,3.1716,6.608,11.0,2.6
28.85,7,twowheeler,-49.551,4.523,3.1416,0.000,2.0,0.8
28.85,8,twowheeler,24.000,14.000,0.5281,0.000,2.0,0.8
28.85,9,pedestrian,-38.000,-7.800,-1.5708,0.000,0.5,0.5
28.85,10,pedestrian,-36.500,-7.500,-1.5392,0.000,0.5,0.5
28.85,11,pedestrian,-0.059,-20.252,-3.1104,0.000,0.5,0.5
28.85,12,bus,-58.000,4.600,0.0000,0.000,11.0,2.6
28.85,13,pedestrian,-52.500,-7.500,-1.6633,0.000,0.5,0.5
28.85,14,pushcart,4.600,-42.000,1.5708,0.000,2.0,1.2
28.85,15,pedestrian,-7.993,10.143,-0.0388,0.000,0.5,0.5
28.85,16,pedestrian,7.735,-10.514,1.2808,0.600,0.5,0.5
28.95,2,auto,-87.781,-2.373,3.0470,6.323,2.8,1.4
28.95,3,bus,-67.717,-3.057,3.1295,6.603,11.0,2.6
28.95,7,twowheeler,-49.551,4.523,3.1416,0.000,2.0,0.8
28.95,8,twowheeler,24.000,14.000,0.5281,0.000,2.0,0.8
28.95,9,pedestrian,-38.000,-7.800,-1.5708,0.000,0.5,0.5
28.95,10,pedestrian,-36.500,-7.500,-1.5392,0.000,0.5,0.5
28.95,11,pedestrian,-0.059,-20.252,-3.1104,0.000,0.5,0.5
28.95,12,bus,-58.000,4.600,0.0000,0.000,11.0,2.6
28.95,13,pedestrian,-52.500,-7.500,-1.6633,0.000,0.5,0.5
28.95,14,pushcart,4.600,-42.000,1.5708,0.000,2.0,1.2
28.95,15,pedestrian,-7.993,10.143,-0.0388,0.000,0.5,0.5
28.95,16,pedestrian,7.758,-10.458,1.2177,0.600,0.5,0.5
29.05,2,auto,-88.413,-2.373,3.2362,6.323,2.8,1.4
29.05,3,bus,-68.377,-3.070,3.1716,6.598,11.0,2.6
29.05,7,twowheeler,-49.551,4.523,3.1416,0.000,2.0,0.8
29.05,8,twowheeler,24.000,14.000,0.5281,0.000,2.0,0.8
29.05,9,pedestrian,-38.000,-7.800,-1.5708,0.000,0.5,0.5
29.05,10,pedestrian,-36.500,-7.500,-1.5392,0.000,0.5,0.5
29.05,11,pedestrian,-0.059,-20.252,-3.1104,0.000,0.5,0.5
29.05,12,bus,-58.000,4.600,0.0000,0.000,11.0,2.6
29.05,13,pedestrian,-52.500,-7.500,-1.6633,0.000,0.5,0.5
29.05,14,pushcart,4.600,-42.000,1.5708,0.000,2.0,1.2
29.05,15,pedestrian,-7.963,10.141,-0.0725,0.600,0.5,0.5
29.05,16,pedestrian,7.778,-10.402,1.2999,0.600,0.5,0.5
29.15,2,auto,-89.045,-2.433,3.2362,6.323,2.8,1.4
29.15,3,bus,-69.036,-3.040,3.1163,6.593,11.0,2.6
29.15,7,twowheeler,-49.551,4.523,3.1416,0.000,2.0,0.8
29.15,8,twowheeler,24.000,14.000,0.5281,0.000,2.0,0.8
29.15,9,pedestrian,-38.000,-7.800,-1.5708,0.000,0.5,0.5
29.15,10,pedestrian,-36.500,-7.500,-1.5392,0.000,0.5,0.5
29.15,11,pedestrian,-0.059,-20.252,-3.1104,0.000,0.5,0.5
29.15,12,bus,-58.000,4.600,0.0000,0.000,11.0,2.6
29.15,13,pedestrian,-52.500,-7.500,-1.6633,0.000,0.5,0.5
29.15,14,pushcart,4.600,-42.000,1.5708,0.000,2.0,1.2
29.15,15,pedestrian,-7.963,10.141,-0.0725,0.000,0.5,0.5
29.15,16,pedestrian,7.796,-10.346,1.4429,0.600,0.5,0.5
29.25,2,auto,-89.678,-2.433,3.0470,6.323,2.8,1.4
29.25,3,bus,-69.695,-3.051,3.1716,6.588,11.0,2.6
29.25,7,twowheeler,-49.551,4.523,3.1416,0.000,2.0,0.8
29.25,8,twowheeler,24.000,14.000,0.5281,0.000,2.0,0.8
29.25,9,pedestrian,-38.000,-7.800,-1.5708,0.000,0.5,0.5
29.25,10,pedestrian,-36.500,-7.500,-1.5392,0.000,0.5,0.5
29.25,11,pedestrian,-0.059,-20.252,-3.1104,0.000,0.5,0.5
29.25,12,bus,-58.000,4.600,0.0000,0.000,11.0,2.6
29.25,13,pedestrian,-52.500,-7.500,-1.6633,0.000,0.5,0.5
29.25,14,pushcart,4.600,-42.000,1.5708,0.000,2.0,1.2
29.25,15,pedestrian,-7.963,10.141,-0.0725,0.000,0.5,0.5
29.25,16,pedestrian,7.787,-10.286,1.7938,0.600,0.5,0.5
29.35,2,auto,-90.310,-2.373,3.0470,6.323,2.8,1.4
29.35,3,bus,-70.354,-2.991,3.1116,6.583,11.0,2.6
29.35,7,twowheeler,-49.551,4.523,3.1416,0.000,2.0,0.8
29.35,8,twowheeler,24.000,14.000,0.5281,0.000,2.0,0.8
29.35,9,pedestrian,-38.000,-7.800,-1.5708,0.000,0.5,0.5
29.35,10,pedestrian,-36.500,-7.500,-1.5392,0.000,0.5,0.5
29.35,11,pedestrian,-0.059,-20.252,-3.1104,0.000,0.5,0.5
29.35,12,bus,-58.000,4.600,0.0000,0.000,11.0,2.6
29.35,13,pedestrian,-52.500,-7.500,-1.6633,0.000,0.5,0.5
29.35,14,pushcart,4.600,-42.000,1.5708,0.000,2.0,1.2
29.35,15,pedestrian,-7.963,10.141,-0.0725,0.000,0.5,0.5
29.35,16,pedestrian,7.759,-10.234,2.1833,0.600,0.5,0.5
29.45,2,auto,-90.942,-2.313,3.0470,6.323,2.8,1.4
29.45,3,bus,-71.012,-2.985,3.1716,6.579,11.0,2.6
29.45,7,twowheeler,-49.551,4.523,3.1416,0.000,2.0,0.8
29.45,8,twowheeler,24.000,14.000,0.5281,0.000,2.0,0.8
29.45,9,pedestrian,-38.000,-7.800,-1.5708,0.000,0.5,0.5
29.45,10,pedestrian,-36.500,-7.500,-1.5392,0.000,0.5,0.5
29.45,11,pedestrian,-0.059,-20.252,-3.1104,0.000,0.5,0.5
29.45,12,bus,-58.000,4.600,0.0000,0.000,11.0,2.6
29.45,13,pedestrian,-52.500,-7.500,-1.6633,0.000,0.5,0.5
29.45,14,pushcart,4.600,-42.000,1.5708,0.000,2.0,1.2
29.45,15,pedestrian,-7.963,10.141,-0.0725,0.000,0.5,0.5
29.45,16,pedestrian,7.712,-10.198,2.6495,0.600,0.5,0.5
29.55,2,auto,-91.575,-2.253,3.0470,6.323,2.8,1.4
29.55,3,bus,-71.670,-2.995,3.1716,6.574,11.0,2.6
29.55,7,twowheeler,-49.551,4.523,3.1416,0.000,2.0,0.8
29.55,8,twowheeler,24.000,14.000,0.5281,0.000,2.0,0.8
29.55,9,pedestrian,-38.000,-7.800,-1.5708,0.000,0.5,0.5
29.55,10,pedestrian,-36.500,-7.500,-1.5392,0.000,0.5,0.5
29.55,11,pedestrian,-0.059,-20.252,-3.1104,0.000,0.5,0.5
29.55,12,bus,-58.000,4.600,0.0000,0.000,11.0,2.6
29.55,13,pedestrian,-52.500,-7.500,-1.6633,0.000,0.5,0.5
29.55,14,pushcart,4.600,-42.000,1.5708,0.000,2.0,1.2
29.55,15,pedestrian,-7.963,10.141,-0.0725,0.000,0.5,0.5
29.55,16,pedestrian,7.655,-10.183,3.0901,0.600,0.5,0.5
29.65,2,auto,-92.207,-2.193,3.0470,6.323,2.8,1.4
29.65,3,bus,-72.327,-2.999,3.1343,6.570,11.0,2.6
29.65,7,twowheeler,-49.551,4.523,3.1416,0.000,2.0,0.8
29.65,8,twowheeler,24.000,14.000,0.5281,0.000,2.0,0.8
29.65,9,pedestrian,-38.000,-7.800,-1.5708,0.000,0.5,0.5
29.65,10,pedestrian,-36.500,-7.500,-1.5392,0.000,0.5,0.5
29.65,11,pedestrian,-0.059,-20.252,-3.1104,0.000,0.5,0.5
29.65,12,bus,-58.000,4.600,0.0000,0.000,11.0,2.6
29.65,13,pedestrian,-52.500,-7.500,-1.6633,0.000,0.5,0.5
29.65,14,pushcart,4.600,-42.000,1.5708,0.000,2.0,1.2
29.65,15,pedestrian,-7.963,10.141,-0.0725,0.000,0.5,0.5
29.65,16,pedestrian,7.596,-10.178,2.8607,0.600,0.5,0.5
29.75,2,auto,-92.839,-2.133,3.0470,6.323,2.8,1.4
29.75,3,bus,-72.984,-2.982,3.1116,6.565,11.0,2.6
29.75,7,twowheeler,-49.551,4.523,3.1416,0.000,2.0,0.8
29.75,8,twowheeler,24.000,14.000,0.5281,0.000,2.0,0.8
29.75,9,pedestrian,-38.000,-7.800,-1.5708,0.000,0.5,0.5
29.75,10,pedestrian,-36.500,-7.500,-1.5392,0.000,0.5,0.5
29.75,11,pedestrian,-0.059,-20.252,-3.1104,0.000,0.5,0.5
29.75,12,bus,-58.000,4.600,0.0000,0.000,11.0,2.6
29.75,13,pedestrian,-52.500,-7.500,-1.6633,0.000,0.5,0.5
29.75,14,pushcart,4.600,-42.000,1.5708,0.000,2.0,1.2
29.75,15,pedestrian,-7.963,10.141,-0.0725,0.000,0.5,0.5
29.75,16,pedestrian,7.539,-10.160,2.8612,0.600,0.5,0.5
29.85,2,auto,-93.471,-2.073,3.0470,6.323,2.8,1.4
29.85,3,bus,-73.640,-2.997,3.1116,6.561,11.0,2.6
29.85,7,twowheeler,-49.551,4.523,3.1416,0.000,2.0,0.8
29.85,8,twowheeler,24.000,14.000,0.5281,0.000,2.0,0.8
29.85,9,pedestrian,-38.000,-7.800,-1.5708,0.000,0.5,0.5
29.85,10,pedestrian,-36.500,-7.500,-1.5392,0.000,0.5,0.5
29.85,11,pedestrian,-0.059,-20.252,-3.1104,0.000,0.5,0.5
29.85,12,bus,-58.000,4.600,0.0000,0.000,11.0,2.6
29.85,13,pedestrian,-52.500,-7.500,-1.6633,0.000,0.5,0.5
29.85,14,pushcart,4.600,-42.000,1.5708,0.000,2.0,1.2
29.85,15,pedestrian,-7.963,10.141,-0.0725,0.000,0.5,0.5
29.85,16,pedestrian,7.509,-10.164,-0.1175,0.600,0.5,0.5
29.95,2,auto,-94.104,-2.013,3.0470,6.323,2.8,1.4
29.95,3,bus,-74.296,-2.990,3.1179,6.556,11.0,2.6
29.95,7,twowheeler,-49.551,4.523,3.1416,0.000,2.0,0.8
29.95,8,twowheeler,24.000,14.000,0.5281,0.000,2.0,0.8
29.95,9,pedestrian,-38.000,-7.800,-1.5708,0.000,0.5,0.5
29.95,10,pedestrian,-36.500,-7.500,-1.5392,0.000,0.5,0.5
29.95,11,pedestrian,-0.059,-20.252,-3.1104,0.000,0.5,0.5
29.95,12,bus,-58.000,4.600,0.0000,0.000,11.0,2.6
29.95,13,pedestrian,-52.500,-7.500,-1.6633,0.000,0.5,0.5
29.95,14,pushcart,4.600,-42.000,1.5708,0.000,2.0,1.2
29.95,15,pedestrian,-7.963,10.141,-0.0725,0.000,0.5,0.5
29.95,16,pedestrian,7.568,-10.170,0.0190,0.600,0.5,0.5
30.05,2,auto,-94.736,-1.953,3.0470,6.323,2.8,1.4
30.05,3,bus,-74.951,-2.942,3.1116,6.552,11.0,2.6
30.05,7,twowheeler,-49.551,4.523,3.1416,0.000,2.0,0.8
30.05,8,twowheeler,24.000,14.000,0.5281,0.000,2.0,0.8
30.05,9,pedestrian,-38.000,-7.800,-1.5708,0.000,0.5,0.5
30.05,10,pedestrian,-36.500,-7.500,-1.5392,0.000,0.5,0.5
30.05,11,pedestrian,-0.059,-20.252,-3.1104,0.000,0.5,0.5
30.05,12,bus,-58.000,4.600,0.0000,0.000,11.0,2.6
30.05,13,pedestrian,-52.500,-7.500,-1.6633,0.000,0.5,0.5
30.05,14,pushcart,4.600,-42.000,1.5708,0.000,2.0,1.2
30.05,15,pedestrian,-7.963,10.141,-0.0725,0.000,0.5,0.5
30.05,16,pedestrian,7.626,-10.153,0.2879,0.600,0.5,0.5
30.15,2,auto,-95.368,-1.893,3.0470,6.323,2.8,1.4
30.15,3,bus,-75.606,-2.882,3.1116,6.548,11.0,2.6
30.15,7,twowheeler,-49.551,4.523,3.1416,0.000,2.0,0.8
30.15,8,twowheeler,24.000,14.000,0.5281,0.000,2.0,0.8
30.15,9,pedestrian,-38.000,-7.800,-1.5708,0.000,0.5,0.5
30.15,10,pedestrian,-36.500,-7.500,-1.5392,0.000,0.5,0.5
30.15,11,pedestrian,-0.059,-20.252,-3.1104,0.000,0.5,0.5
30.15,12,bus,-58.000,4.600,0.0000,0.000,11.0,2.6
30.15,13,pedestrian,-52.500,-7.500,-1.6633,0.000,0.5,0.5
30.15,14,pushcart,4.600,-42.000,1.5708,0.000,2.0,1.2
30.15,15,pedestrian,-7.963,10.141,-0.0725,0.000,0.5,0.5
30.15,16,pedestrian,7.683,-10.172,-0.3710,0.600,0.5,0.5
30.25,2,auto,-96.001,-1.833,3.0470,6.323,2.8,1.4
30.25,3,bus,-76.261,-2.869,3.1145,6.544,11.0,2.6
30.25,7,twowheeler,-49.551,4.523,3.1416,0.000,2.0,0.8
30.25,8,twowheeler,24.000,14.000,0.5281,0.000,2.0,0.8
30.25,9,pedestrian,-38.000,-7.800,-1.5708,0.000,0.5,0.5
30.25,10,pedestrian,-36.500,-7.500,-1.5392,0.000,0.5,0.5
30.25,11,pedestrian,-0.059,-20.252,-3.1104,0.000,0.5,0.5
30.25,12,bus,-58.000,4.600,0.0000,0.000,11.0,2.6
30.25,13,pedestrian,-52.500,-7.500,-1.6633,0.000,0.5,0.5
30.25,14,pushcart,4.600,-42.000,1.5708,0.000,2.0,1.2
30.25,15,pedestrian,-7.934,10.134,-0.2343,0.600,0.5,0.5
30.25,16,pedestrian,7.738,-10.196,-0.3642,0.600,0.5,0.5
30.35,2,auto,-96.633,-1.833,3.2362,6.323,2.8,1.4
30.35,3,bus,-76.915,-2.925,3.1716,6.540,11.0,2.6
30.35,7,twowheeler,-49.551,4.523,3.1416,0.000,2.0,0.8
30.35,8,twowheeler,24.000,14.000,0.5281,0.000,2.0,0.8
30.35,9,pedestrian,-38.000,-7.800,-1.5708,0.000,0.5,0.5
30.35,10,pedestrian,-36.500,-7.500,-1.5392,0.000,0.5,0.5
30.35,11,pedestrian,-0.059,-20.252,-3.1104,0.000,0.5,0.5
30.35,12,bus,-58.000,4.600,0.0000,0.000,11.0,2.6
30.35,13,pedestrian,-52.500,-7.500,-1.6633,0.000,0.5,0.5
30.35,14,pushcart,4.600,-42.000,1.5708,0.000,2.0,1.2
30.35,15,pedestrian,-7.877,10.118,-0.3683,0.600,0.5,0.5
30.35,16,pedestrian,7.785,-10.233,-0.7389,0.600,0.5,0.5
30.45,2,auto,-97.265,-1.839,3.2362,6.323,2.8,1.4
30.45,3,bus,-77.569,-2.955,3.1716,6.536,11.0,2.6
30.45,7,twowheeler,-49.551,4.523,3.1416,0.000,2.0,0.8
30.45,8,twowheeler,24.000,14.000,0.5281,0.000,2.0,0.8
30.45,9,pedestrian,-38.000,-7.800,-1.5708,0.000,0.5,0.5
30.45,10,pedestrian,-36.500,-7.500,-1.5392,0.000,0.5,0.5
30.45,11,pedestrian,-0.122,-20.254,-3.1104,1.270,0.5,0.5
30.45,12,bus,-58.000,4.600,0.0000,0.000,11.0,2.6
30.45,13,pedestrian,-52.500,-7.500,-1.6633,0.000,0.5,0.5
30.45,14,pushcart,4.600,-42.000,1.5708,0.000,2.0,1.2
30.45,15,pedestrian,-7.826,10.088,-0.6694,0.600,0.5,0.5
30.45,16,pedestrian,7.825,-10.278,-0.7760,0.600,0.5,0.5
30.55,2,auto,-97.898,-1.826,3.0470,6.323,2.8,1.4
30.55,3,bus,-78.222,-2.996,3.1716,6.532,11.0,2.6
30.55,7,twowheeler,-49.551,4.523,3.1416,0.000,2.0,0.8
30.55,8,twowheeler,24.000,14.000,0.5281,0.000,2.0,0.8
30.55,9,pedestrian,-38.000,-7.800,-1.5708,0.000,0.5,0.5
30.55,10,pedestrian,-36.500,-7.500,-1.5392,0.000,0.5,0.5
30.55,11,pedestrian,-0.249,-20.258,-3.1104,1.270,0.5,0.5
30.55,12,bus,-58.000,4.600,0.0000,0.000,11.0,2.6
30.55,13,pedestrian,-52.500,-7.500,-1.6633,0.000,0.5,0.5
30.55,14,pushcart,4.600,-42.000,1.5708,0.000,2.0,1.2
30.55,15,pedestrian,-7.785,10.044,-0.6739,0.600,0.5,0.5
30.55,16,pedestrian,7.878,-10.306,-0.5049,0.600,0.5,0.5
30.65,2,auto,-98.530,-1.773,3.0714,6.323,2.8,1.4
30.65,3,bus,-78.875,-2.936,3.1116,6.528,11.0,2.6
30.65,7,twowheeler,-49.551,4.523,3.1416,0.000,2.0,0.8
30.65,8,twowheeler,24.000,14.000,0.5281,0.000,2.0,0.8
30.65,9,pedestrian,-38.000,-7.800,-1.5708,0.000,0.5,0.5
30.65,10,pedestrian,-36.500,-7.500,-1.5392,0.000,0.5,0.5
30.65,11,pedestrian,-0.376,-20.262,-3.1104,1.270,0.5,0.5
30.65,12,bus,-58.000,4.600,0.0000,0.000,11.0,2.6
30.65,13,pedestrian,-52.500,-7.500,-1.6633,0.000,0.5,0.5
30.65,14,pushcart,4.600,-42.000,1.5708,0.000,2.0,1.2
30.65,15,pedestrian,-7.743,10.003,-0.5582,0.600,0.5,0.5
30.65,16,pedestrian,7.937,-10.316,-0.1054,0.600,0.5,0.5
30.75,2,auto,-99.162,-1.833,3.2362,6.323,2.8,1.4
30.75,3,bus,-79.528,-2.926,3.1716,6.524,11.0,2.6
30.75,7,twowheeler,-49.551,4.523,3.1416,0.000,2.0,0.8
30.75,8,twowheeler,24.000,14.000,0.5281,0.000,2.0,0.8
30.75,9,pedestrian,-38.000,-7.800,-1.5708,0.000,0.5,0.5
30.75,10,pedestrian,-36.500,-7.500,-1.5392,0.000,0.5,0.5
30.75,11,pedestrian,-0.503,-20.266,-3.1104,1.270,0.5,0.5
30.75,12,bus,-58.000,4.600,0.0000,0.000,11.0,2.6
30.75,13,pedestrian,-52.500,-7.500,-1.6633,0.000,0.5,0.5
30.75,14,pushcart,4.600,-42.000,1.5708,0.000,2.0,1.2
30.75,15,pedestrian,-7.687,9.985,-0.2081,0.600,0.5,0.5
30.75,16,pedestrian,7.995,-10.310,-0.0954,0.600,0.5,0.5
30.85,2,auto,-99.795,-1.893,3.2362,6.323,2.8,1.4
30.85,3,bus,-80.180,-2.912,3.1474,6.521,11.0,2.6
30.85,7,twowheeler,-49.551,4.523,3.1416,0.000,2.0,0.8
30.85,8,twowheeler,24.000,14.000,0.5281,0.000,2.0,0.8
30.85,9,pedestrian,-38.000,-7.800,-1.5708,0.000,0.5,0.5
30.85,10,pedestrian,-36.500,-7.500,-1.5392,0.000,0.5,0.5
30.85,11,pedestrian,-0.630,-20.270,-3.1104,1.270,0.5,0.5
30.85,12,bus,-58.000,4.600,0.0000,0.000,11.0,2.6
30.85,13,pedestrian,-52.500,-7.500,-1.6633,0.000,0.5,0.5
30.85,14,pushcart,4.600,-42.000,1.5708,0.000,2.0,1.2
30.85,15,pedestrian,-7.637,9.951,-0.6410,0.600,0.5,0.5
30.85,16,pedestrian,8.055,-10.306,0.2170,0.600,0.5,0.5
30.95,3,bus,-80.836,-2.927,3.1716,6.607,11.0,2.6
30.95,7,twowheeler,-49.551,4.523,3.1416,0.000,2.0,0.8
30.95,8,twowheeler,24.000,14.000,0.5281,0.000,2.0,0.8
30.95,9,pedestrian,-38.000,-7.800,-1.5708,0.000,0.5,0.5
30.95,10,pedestrian,-36.500,-7.500,-1.5392,0.000,0.5,0.5
30.95,11,pedestrian,-0.757,-20.274,-3.1104,1.270,0.5,0.5
30.95,12,bus,-58.000,4.600,0.0000,0.000,11.0,2.6
30.95,13,pedestrian,-52.500,-7.500,-1.6633,0.000,0.5,0.5
30.95,14,pushcart,4.600,-42.000,1.5708,0.000,2.0,1.2
30.95,15,pedestrian,-7.578,9.944,-0.0502,0.600,0.5,0.5
30.95,16,pedestrian,8.114,-10.298,0.1173,0.600,0.5,0.5
31.05,3,bus,-81.501,-2.909,3.1467,6.691,11.0,2.6
31.05,7,twowheeler,-49.551,4.523,3.1416,0.000,2.0,0.8
31.05,8,twowheeler,24.000,14.000,0.5281,0.000,2.0,0.8
31.05,9,pedestrian,-38.000,-7.800,-1.5708,0.000,0.5,0.5
31.05,10,pedestrian,-36.500,-7.500,-1.5392,0.000,0.5,0.5
31.05,11,pedestrian,-0.884,-20.278,-3.1104,1.270,0.5,0.5
31.05,12,bus,-58.000,4.600,0.0000,0.000,11.0,2.6
31.05,13,pedestrian,-52.500,-7.500,-1.6633,0.000,0.5,0.5
31.05,14,pushcart,4.600,-42.000,1.5708,0.000,2.0,1.2
31.05,15,pedestrian,-7.527,9.912,-0.6460,0.600,0.5,0.5
31.05,16,pedestrian,8.163,-10.263,0.6407,0.600,0.5,0.5
31.15,3,bus,-82.174,-2.882,3.1116,6.771,11.0,2.6
31.15,7,twowheeler,-49.551,4.523,3.1416,0.000,2.0,0.8
31.15,8,twowheeler,24.000,14.000,0.5281,0.000,2.0,0.8
31.15,9,pedestrian,-38.000,-7.800,-1.5708,0.000,0.5,0.5
31.15,10,pedestrian,-36.500,-7.500,-1.5392,0.000,0.5,0.5
31.15,11,pedestrian,-1.011,-20.282,-3.1104,1.270,0.5,0.5
31.15,12,bus,-58.000,4.600,0.0000,0.000,11.0,2.6
31.15,13,pedestrian,-52.500,-7.500,-1.6633,0.000,0.5,0.5
31.15,14,pushcart,4.600,-42.000,1.5708,0.000,2.0,1.2
31.15,15,pedestrian,-7.505,9.892,2.1242,0.600,0.5,0.5
31.15,16,pedestrian,8.221,-10.248,0.1451,0.600,0.5,0.5
31.25,3,bus,-82.855,-2.856,3.1116,6.847,11.0,2.6
31.25,7,twowheeler,-49.551,4.523,3.1416,0.000,2.0,0.8
31.25,8,twowheeler,24.000,14.000,0.5281,0.000,2.0,0.8
31.25,9,pedestrian,-38.000,-7.800,-1.5708,0.000,0.5,0.5
31.25,10,pedestrian,-36.500,-7.500,-1.5392,0.000,0.5,0.5
31.25,11,pedestrian,-1.138,-20.286,-3.1104,1.270,0.5,0.5
31.25,12,bus,-58.000,4.600,0.0000,0.000,11.0,2.6
31.25,13,pedestrian,-52.500,-7.500,-1.6633,0.000,0.5,0.5
31.25,14,pushcart,4.600,-42.000,1.5708,0.000,2.0,1.2
31.25,15,pedestrian,-7.524,9.948,1.7814,0.600,0.5,0.5
31.25,16,pedestrian,8.280,-10.248,-0.1981,0.600,0.5,0.5
31.35,3,bus,-83.544,-2.862,3.1116,6.921,11.0,2.6
31.35,7,twowheeler,-49.551,4.523,3.1416,0.000,2.0,0.8
31.35,8,twowheeler,24.000,14.000,0.5281,0.000,2.0,0.8
31.35,9,pedestrian,-38.000,-7.800,-1.5708,0.000,0.5,0.5
31.35,10,pedestrian,-36.500,-7.500,-1.5392,0.000,0.5,0.5
31.35,11,pedestrian,-1.265,-20.290,-3.1104,1.270,0.5,0.5
31.35,12,bus,-58.000,4.600,0.0000,0.000,11.0,2.6
31.35,13,pedestrian,-52.500,-7.500,-1.6633,0.000,0.5,0.5
31.35,14,pushcart,4.600,-42.000,1.5708,0.000,2.0,1.2
31.35,15,pedestrian,-7.537,10.006,1.6353,0.600,0.5,0.5
31.35,16,pedestrian,8.336,-10.269,-0.4097,0.600,0.5,0.5
31.45,3,bus,-84.239,-2.818,3.1116,6.991,11.0,2.6
31.45,7,twowheeler,-49.551,4.523,3.1416,0.000,2.0,0.8
31.45,8,twowheeler,24.000,14.000,0.5281,0.000,2.0,0.8
31.45,9,pedestrian,-38.000,-7.800,-1.5708,0.000,0.5,0.5
31.45,10,pedestrian,-36.500,-7.500,-1.5392,0.000,0.5,0.5
31.45,11,pedestrian,-1.392,-20.293,-3.1104,1.270,0.5,0.5
31.45,12,bus,-58.000,4.600,0.0000,0.000,11.0,2.6
31.45,13,pedestrian,-52.500,-7.500,-1.6633,0.000,0.5,0.5
31.45,14,pushcart,4.600,-42.000,1.5708,0.000,2.0,1.2
31.45,15,pedestrian,-7.505,10.056,0.8510,0.600,0.5,0.5
31.45,16,pedestrian,8.395,-10.279,-0.0702,0.600,0.5,0.5
31.55,3,bus,-84.942,-2.826,3.1116,7.057,11.0,2.6
31.55,7,twowheeler,-49.551,4.523,3.1416,0.000,2.0,0.8
31.55,8,twowheeler,24.000,14.000,0.5281,0.000,2.0,0.8
31.55,9,pedestrian,-38.000,-7.800,-1.5708,0.000,0.5,0.5
31.55,10,pedestrian,-36.500,-7.500,-1.5392,0.000,0.5,0.5
31.55,11,pedestrian,-1.519,-20.297,-3.1104,1.270,0.5,0.5
31.55,12,bus,-58.000,4.600,0.0000,0.000,11.0,2.6
31.55,13,pedestrian,-52.500,-7.500,-1.6633,0.000,0.5,0.5
31.55,14,pushcart,4.600,-42.000,1.5708,0.000,2.0,1.2
31.55,15,pedestrian,-7.535,10.051,-2.9573,0.600,0.5,0.5
31.55,16,pedestrian,8.448,-10.308,-0.5248,0.600,0.5,0.5
31.65,3,bus,-85.651,-2.845,3.1716,7.121,11.0,2.6
31.65,7,twowheeler,-49.551,4.523,3.1416,0.000,2.0,0.8
31.65,8,twowheeler,24.000,14.000,0.5281,0.000,2.0,0.8
31.65,9,pedestrian,-38.000,-7.800,-1.5708,0.000,0.5,0.5
31.65,10,pedestrian,-36.500,-7.500,-1.5392,0.000,0.5,0.5
31.65,11,pedestrian,-1.645,-20.301,-3.1104,1.270,0.5,0.5
31.65,12,bus,-58.000,4.600,0.0000,0.000,11.0,2.6
31.65,13,pedestrian,-52.500,-7.500,-1.6633,0.000,0.5,0.5
31.65,14,pushcart,4.600,-42.000,1.5708,0.000,2.0,1.2
31.65,15,pedestrian,-7.592,10.032,-2.7502,0.600,0.5,0.5
31.65,16,pedestrian,8.503,-10.330,-0.4213,0.600,0.5,0.5
31.75,3,bus,-86.366,-2.802,3.1116,7.181,11.0,2.6
31.75,7,twowheeler,-49.551,4.523,3.1416,0.000,2.0,0.8
31.75,8,twowheeler,24.000,14.000,0.5281,0.000,2.0,0.8
31.75,9,pedestrian,-38.000,-7.800,-1.5708,0.000,0.5,0.5
31.75,10,pedestrian,-36.500,-7.500,-1.5392,0.000,0.5,0.5
31.75,11,pedestrian,-1.772,-20.305,-3.1104,1.270,0.5,0.5
31.75,12,bus,-58.000,4.600,0.0000,0.000,11.0,2.6
31.75,13,pedestrian,-52.500,-7.500,-1.6633,0.000,0.5,0.5
31.75,14,pushcart,4.600,-42.000,1.5708,0.000,2.0,1.2
31.75,15,pedestrian,-7.650,10.045,-3.4391,0.600,0.5,0.5
31.75,16,pedestrian,8.562,-10.319,0.2755,0.600,0.5,0.5
31.85,3,bus,-87.087,-2.841,3.1716,7.239,11.0,2.6
31.85,7,twowheeler,-49.551,4.523,3.1416,0.000,2.0,0.8
31.85,8,twowheeler,24.000,14.000,0.5281,0.000,2.0,0.8
31.85,9,pedestrian,-38.000,-7.800,-1.5708,0.000,0.5,0.5
31.85,10,pedestrian,-36.500,-7.500,-1.5392,0.000,0.5,0.5
31.85,11,pedestrian,-1.899,-20.309,-3.1104,1.270,0.5,0.5
31.85,12,bus,-58.000,4.600,0.0000,0.000,11.0,2.6
31.85,13,pedestrian,-52.500,-7.500,-1.6633,0.000,0.5,0.5
31.85,14,pushcart,4.600,-42.000,1.5708,0.000,2.0,1.2
31.85,15,pedestrian,-7.701,10.076,-3.6762,0.600,0.5,0.5
31.85,16,pedestrian,8.616,-10.292,0.4996,0.600,0.5,0.5
31.95,3,bus,-87.814,-2.826,3.1285,7.293,11.0,2.6
31.95,7,twowheeler,-49.551,4.523,3.1416,0.000,2.0,0.8
31.95,8,twowheeler,24.000,14.000,0.5281,0.000,2.0,0.8
31.95,9,pedestrian,-38.000,-7.800,-1.5708,0.000,0.5,0.5
31.95,10,pedestrian,-36.500,-7.500,-1.5392,0.000,0.5,0.5
31.95,11,pedestrian,-2.026,-20.313,-3.1104,1.270,0.5,0.5
31.95,12,bus,-58.000,4.600,0.0000,0.000,11.0,2.6
31.95,13,pedestrian,-52.500,-7.500,-1.6633,0.000,0.5,0.5
31.95,14,pushcart,4.600,-42.000,1.5708,0.000,2.0,1.2
31.95,15,pedestrian,-7.750,10.111,-3.7763,0.600,0.5,0.5
31.95,16,pedestrian,8.671,-10.268,0.3815,0.600,0.5,0.5
32.05,3,bus,-88.545,-2.810,3.1221,7.345,11.0,2.6
32.05,7,twowheeler,-49.551,4.523,3.1416,0.000,2.0,0.8
32.05,8,twowheeler,24.000,14.000,0.5281,0.000,2.0,0.8
32.05,9,pedestrian,-38.000,-7.800,-1.5708,0.000,0.5,0.5
32.05,10,pedestrian,-36.500,-7.500,-1.5392,0.000,0.5,0.5
32.05,11,pedestrian,-2.153,-20.317,-3.1104,1.270,0.5,0.5
32.05,12,bus,-58.000,4.600,0.0000,0.000,11.0,2.6
32.05,13,pedestrian,-52.500,-7.500,-1.6633,0.000,0.5,0.5
32.05,14,pushcart,4.600,-42.000,1.5708,0.000,2.0,1.2
32.05,15,pedestrian,-7.792,10.153,-3.9698,0.600,0.5,0.5
32.05,16,pedestrian,8.715,-10.228,0.7221,0.600,0.5,0.5
32.15,3,bus,-89.282,-2.811,3.1116,7.394,11.0,2.6
32.15,7,twowheeler,-49.551,4.523,3.1416,0.000,2.0,0.8
32.15,8,twowheeler,24.000,14.000,0.5281,0.000,2.0,0.8
32.15,9,pedestrian,-38.000,-7.800,-1.5708,0.000,0.5,0.5
32.15,10,pedestrian,-36.500,-7.500,-1.5392,0.000,0.5,0.5
32.15,11,pedestrian,-2.280,-20.321,-3.1104,1.270,0.5,0.5
32.15,12,bus,-58.000,4.600,0.0000,0.000,11.0,2.6
32.15,13,pedestrian,-52.500,-7.500,-1.6633,0.000,0.5,0.5
32.15,14,pushcart,4.600,-42.000,1.5708,0.000,2.0,1.2
32.15,15,pedestrian,-7.829,10.200,-4.1859,0.600,0.5,0.5
32.15,16,pedestrian,8.769,-10.205,0.2110,0.600,0.5,0.5
32.25,3,bus,-90.024,-2.774,3.1212,7.440,11.0,2.6
32.25,7,twowheeler,-49.551,4.523,3.1416,0.000,2.0,0.8
32.25,8,twowheeler,24.000,14.000,0.5281,0.000,2.0,0.8
32.25,9,pedestrian,-38.000,-7.800,-1.5708,0.000,0.5,0.5
32.25,10,pedestrian,-36.500,-7.500,-1.5392,0.000,0.5,0.5
32.25,11,pedestrian,-2.407,-20.325,-3.1104,1.270,0.5,0.5
32.25,12,bus,-58.000,4.600,0.0000,0.000,11.0,2.6
32.25,13,pedestrian,-52.500,-7.500,-1.6633,0.000,0.5,0.5
32.25,14,pushcart,4.600,-42.000,1.5708,0.000,2.0,1.2
32.25,15,pedestrian,-7.816,10.258,-5.1070,0.600,0.5,0.5
32.25,16,pedestrian,8.829,-10.198,0.1908,0.600,0.5,0.5
32.35,3,bus,-90.770,-2.752,3.1543,7.484,11.0,2.6
32.35,7,twowheeler,-49.551,4.523,3.1416,0.000,2.0,0.8
32.35,8,twowheeler,24.000,14.000,0.5281,0.000,2.0,0.8
32.35,9,pedestrian,-38.000,-7.800,-1.5708,0.000,0.5,0.5
32.35,10,pedestrian,-36.500,-7.500,-1.5392,0.000,0.5,0.5
32.35,11,pedestrian,-2.534,-20.329,-3.1104,1.270,0.5,0.5
32.35,12,bus,-58.000,4.600,0.0000,0.000,11.0,2.6
32.35,13,pedestrian,-52.500,-7.500,-1.6633,0.000,0.5,0.5
32.35,14,pushcart,4.600,-42.000,1.5708,0.000,2.0,1.2
32.35,15,pedestrian,-7.792,10.313,-5.0094,0.600,0.5,0.5
32.35,16,pedestrian,8.886,-10.181,0.2917,0.600,0.5,0.5
32.45,3,bus,-91.521,-2.755,3.1716,7.525,11.0,2.6
32.45,7,twowheeler,-49.551,4.523,3.1416,0.000,2.0,0.8
32.45,8,twowheeler,24.000,14.000,0.5281,0.000,2.0,0.8
32.45,9,pedestrian,-38.000,-7.800,-1.5708,0.000,0.5,0.5
32.45,10,pedestrian,-36.500,-7.500,-1.5392,0.000,0.5,0.5
32.45,11,pedestrian,-2.661,-20.333,-3.1104,1.270,0.5,0.5
32.45,12,bus,-58.000,4.600,0.0000,0.000,11.0,2.6
32.45,13,pedestrian,-52.500,-7.500,-1.6633,0.000,0.5,0.5
32.45,14,pushcart,4.600,-42.000,1.5708,0.000,2.0,1.2
32.45,15,pedestrian,-7.795,10.373,-4.6383,0.600,0.5,0.5
32.45,16,pedestrian,8.946,-10.176,0.1104,0.600,0.5,0.5
32.55,3,bus,-92.275,-2.777,3.1601,7.563,11.0,2.6
32.55,7,twowheeler,-49.551,4.523,3.1416,0.000,2.0,0.8
32.55,8,twowheeler,24.000,14.000,0.5281,0.000,2.0,0.8
32.55,9,pedestrian,-38.000,-7.800,-1.5708,0.000,0.5,0.5
32.55,10,pedestrian,-36.500,-7.500,-1.5392,0.000,0.5,0.5
32.55,11,pedestrian,-2.788,-20.337,-3.1104,1.270,0.5,0.5
32.55,12,bus,-58.000,4.600,0.0000,0.000,11.0,2.6
32.55,13,pedestrian,-52.500,-7.500,-1.6633,0.000,0.5,0.5
32.55,14,pushcart,4.600,-42.000,1.5708,0.000,2.0,1.2
32.55,15,pedestrian,-7.801,10.432,-4.7983,0.600,0.5,0.5
32.55,16,pedestrian,9.006,-10.176,0.0453,0.600,0.5,0.5
32.65,3,bus,-93.033,-2.788,3.1690,7.600,11.0,2.6
32.65,7,twowheeler,-49.551,4.523,3.1416,0.000,2.0,0.8
32.65,8,twowheeler,24.000,14.000,0.5281,0.000,2.0,0.8
32.65,9,pedestrian,-38.000,-7.800,-1.5708,0.000,0.5,0.5
32.65,10,pedestrian,-36.500,-7.500,-1.5392,0.000,0.5,0.5
32.65,11,pedestrian,-2.915,-20.341,-3.1104,1.270,0.5,0.5
32.65,12,bus,-58.000,4.600,0.0000,0.000,11.0,2.6
32.65,13,pedestrian,-52.500,-7.500,-1.6633,0.000,0.5,0.5
32.65,14,pushcart,4.600,-42.000,1.5708,0.000,2.0,1.2
32.65,15,pedestrian,-7.809,10.491,-4.5934,0.600,0.5,0.5
32.65,16,pedestrian,9.065,-10.177,-0.1143,0.600,0.5,0.5
32.75,3,bus,-93.795,-2.818,3.1693,7.634,11.0,2.6
32.75,7,twowheeler,-49.551,4.523,3.1416,0.000,2.0,0.8
32.75,8,twowheeler,24.000,14.000,0.5281,0.000,2.0,0.8
32.75,9,pedestrian,-38.000,-7.800,-1.5708,0.000,0.5,0.5
32.75,10,pedestrian,-36.500,-7.500,-1.5392,0.000,0.5,0.5
32.75,11,pedestrian,-3.041,-20.345,-3.1104,1.270,0.5,0.5
32.75,12,bus,-58.000,4.600,0.0000,0.000,11.0,2.6
32.75,13,pedestrian,-52.500,-7.500,-1.6633,0.000,0.5,0.5
32.75,14,pushcart,4.600,-42.000,1.5708,0.000,2.0,1.2
32.75,15,pedestrian,-7.821,10.549,-4.6404,0.600,0.5,0.5
32.75,16,pedestrian,9.111,-10.216,-0.7481,0.600,0.5,0.5
32.85,3,bus,-94.560,-2.828,3.1409,7.667,11.0,2.6
32.85,7,twowheeler,-49.551,4.523,3.1416,0.000,2.0,0.8
32.85,8,twowheeler,24.000,14.000,0.5281,0.000,2.0,0.8
32.85,9,pedestrian,-38.000,-7.800,-1.5708,0.000,0.5,0.5
32.85,10,pedestrian,-36.500,-7.500,-1.5392,0.000,0.5,0.5
32.85,11,pedestrian,-3.168,-20.349,-3.1104,1.270,0.5,0.5
32.85,12,bus,-58.000,4.600,0.0000,0.000,11.0,2.6
32.85,13,pedestrian,-52.500,-7.500,-1.6633,0.000,0.5,0.5
32.85,14,pushcart,4.600,-42.000,1.5708,0.000,2.0,1.2
32.85,15,pedestrian,-7.849,10.601,-4.0256,0.600,0.5,0.5
32.85,16,pedestrian,9.144,-10.265,-0.9363,0.600,0.5,0.5
32.95,3,bus,-95.328,-2.828,3.1426,7.697,11.0,2.6
32.95,7,twowheeler,-49.551,4.523,3.1416,0.000,2.0,0.8
32.95,8,twowheeler,24.000,14.000,0.5281,0.000,2.0,0.8
32.95,9,pedestrian,-38.000,-7.800,-1.5708,0.000,0.5,0.5
32.95,10,pedestrian,-36.500,-7.500,-1.5392,0.000,0.5,0.5
32.95,11,pedestrian,-3.295,-20.353,-3.1104,1.270,0.5,0.5
32.95,12,bus,-58.000,4.600,0.0000,0.000,11.0,2.6
32.95,13,pedestrian,-52.500,-7.500,-1.6633,0.000,0.5,0.5
32.95,14,pushcart,4.600,-42.000,1.5708,0.000,2.0,1.2
32.95,15,pedestrian,-7.902,10.630,-3.5889,0.600,0.5,0.5
32.95,16,pedestrian,9.176,-10.317,-1.0887,0.600,0.5,0.5
33.05,3,bus,-96.099,-2.858,3.1411,7.725,11.0,2.6
33.05,7,twowheeler,-49.551,4.523,3.1416,0.000,2.0,0.8
33.05,8,twowheeler,24.000,14.000,0.5281,0.000,2.0,0.8
33.05,9,pedestrian,-38.000,-7.800,-1.5708,0.000,0.5,0.5
33.05,10,pedestrian,-36.500,-7.500,-1.5392,0.000,0.5,0.5
33.05,11,pedestrian,-3.422,-20.357,-3.1104,1.270,0.5,0.5
33.05,12,bus,-58.000,4.600,0.0000,0.000,11.0,2.6
33.05,13,pedestrian,-52.500,-7.500,-1.6633,0.000,0.5,0.5
33.05,14,pushcart,4.600,-42.000,1.5708,0.000,2.0,1.2
33.05,15,pedestrian,-7.955,10.654,-3.3182,0.600,0.5,0.5
33.05,16,pedestrian,9.219,-10.357,-0.6477,0.600,0.5,0.5
33.15,3,bus,-96.873,-2.883,3.1716,7.752,11.0,2.6
33.15,7,twowheeler,-49.551,4.523,3.1416,0.000,2.0,0.8
33.15,8,twowheeler,24.000,14.000,0.5281,0.000,2.0,0.8
33.15,9,pedestrian,-38.000,-7.800,-1.5708,0.000,0.5,0.5
33.15,10,pedestrian,-36.500,-7.500,-1.5392,0.000,0.5,0.5
33.15,11,pedestrian,-3.549,-20.361,-3.1104,1.270,0.5,0.5
33.15,12,bus,-58.000,4.600,0.0000,0.000,11.0,2.6
33.15,13,pedestrian,-52.500,-7.500,-1.6633,0.000,0.5,0.5
33.15,14,pushcart,4.600,-42.000,1.5708,0.000,2.0,1.2
33.15,15,pedestrian,-8.013,10.639,-2.8163,0.600,0.5,0.5
33.15,16,pedestrian,9.239,-10.413,-1.3307,0.600,0.5,0.5
33.25,3,bus,-97.650,-2.842,3.1116,7.777,11.0,2.6
33.25,7,twowheeler,-49.551,4.523,3.1416,0.000,2.0,0.8
33.25,8,twowheeler,24.000,14.000,0.5281,0.000,2.0,0.8
33.25,9,pedestrian,-38.000,-7.800,-1.5708,0.000,0.5,0.5
33.25,10,pedestrian,-36.500,-7.500,-1.5392,0.000,0.5,0.5
33.25,11,pedestrian,-3.676,-20.365,-3.1104,1.270,0.5,0.5
33.25,12,bus,-58.000,4.600,0.0000,0.000,11.0,2.6
33.25,13,pedestrian,-52.500,-7.500,-1.6633,0.000,0.5,0.5
33.25,14,pushcart,4.600,-42.000,1.5708,0.000,2.0,1.2
33.25,15,pedestrian,-8.073,10.634,-3.0296,0.600,0.5,0.5
33.25,16,pedestrian,9.237,-10.473,-1.6996,0.600,0.5,0.5
33.35,3,bus,-98.429,-2.853,3.1716,7.800,11.0,2.6
33.35,7,twowheeler,-49.551,4.523,3.1416,0.000,2.0,0.8
33.35,8,twowheeler,24.000,14.000,0.5281,0.000,2.0,0.8
33.35,9,pedestrian,-38.000,-7.800,-1.5708,0.000,0.5,0.5
33.35,10,pedestrian,-36.500,-7.500,-1.5392,0.000,0.5,0.5
33.35,11,pedestrian,-3.803,-20.369,-3.1104,1.270,0.5,0.5
33.35,12,bus,-58.000,4.600,0.0000,0.000,11.0,2.6
33.35,13,pedestrian,-52.500,-7.500,-1.6633,0.000,0.5,0.5
33.35,14,pushcart,4.600,-42.000,1.5708,0.000,2.0,1.2
33.35,15,pedestrian,-8.129,10.617,-2.7021,0.600,0.5,0.5
33.35,16,pedestrian,9.242,-10.503,-1.4114,0.000,0.5,0.5
33.45,3,bus,-99.210,-2.845,3.1116,7.822,11.0,2.6
33.45,7,twowheeler,-49.551,4.523,3.1416,0.000,2.0,0.8
33.45,8,twowheeler,24.000,14.000,0.5281,0.000,2.0,0.8
33.45,9,pedestrian,-38.000,-7.800,-1.5708,0.000,0.5,0.5
33.45,10,pedestrian,-36.500,-7.500,-1.5392,0.000,0.5,0.5
33.45,11,pedestrian,-3.930,-20.373,-3.1104,1.270,0.5,0.5
33.45,12,bus,-58.000,4.600,0.0000,0.000,11.0,2.6
33.45,13,pedestrian,-52.500,-7.500,-1.6633,0.000,0.5,0.5
33.45,14,pushcart,4.600,-42.000,1.5708,0.000,2.0,1.2
33.45,15,pedestrian,-8.181,10.587,-2.7200,0.600,0.5,0.5
33.45,16,pedestrian,9.242,-10.503,-1.4114,0.000,0.5,0.5
33.55,3,bus,-99.993,-2.905,3.1716,7.842,11.0,2.6
33.55,7,twowheeler,-49.551,4.523,3.1416,0.000,2.0,0.8
33.55,8,twowheeler,24.000,14.000,0.5281,0.000,2.0,0.8
33.55,9,pedestrian,-38.000,-7.800,-1.5708,0.000,0.5,0.5
33.55,10,pedestrian,-36.500,-7.500,-1.5392,0.000,0.5,0.5
33.55,11,pedestrian,-4.057,-20.377,-3.1104,1.270,0.5,0.5
33.55,12,bus,-58.000,4.600,0.0000,0.000,11.0,2.6
33.55,13,pedestrian,-52.500,-7.500,-1.6633,0.000,0.5,0.5
33.55,14,pushcart,4.600,-42.000,1.5708,0.000,2.0,1.2
33.55,15,pedestrian,-8.234,10.559,-2.6542,0.600,0.5,0.5
33.55,16,pedestrian,9.242,-10.503,-1.4114,0.000,0.5,0.5
33.65,7,twowheeler,-49.551,4.523,3.1416,0.000,2.0,0.8
33.65,8,twowheeler,24.000,14.000,0.5281,0.000,2.0,0.8
33.65,9,pedestrian,-38.000,-7.800,-1.5708,0.000,0.5,0.5
33.65,10,pedestrian,-36.500,-7.500,-1.5392,0.000,0.5,0.5
33.65,11,pedestrian,-4.184,-20.381,-3.1104,1.270,0.5,0.5
33.65,12,bus,-58.000,4.600,0.0000,0.000,11.0,2.6
33.65,13,pedestrian,-52.500,-7.500,-1.6633,0.000,0.5,0.5
33.65,14,pushcart,4.600,-42.000,1.5708,0.000,2.0,1.2
33.65,15,pedestrian,-8.293,10.548,-2.9591,0.600,0.5,0.5
33.65,16,pedestrian,9.242,-10.503,-1.4114,0.000,0.5,0.5
33.75,7,twowheeler,-49.551,4.523,3.1416,0.000,2.0,0.8
33.75,8,twowheeler,24.000,14.000,0.5281,0.000,2.0,0.8
33.75,9,pedestrian,-38.000,-7.800,-1.5708,0.000,0.5,0.5
33.75,10,pedestrian,-36.500,-7.500,-1.5392,0.000,0.5,0.5
33.75,11,pedestrian,-4.311,-20.385,-3.1104,1.270,0.5,0.5
33.75,12,bus,-58.000,4.600,0.0000,0.000,11.0,2.6
33.75,13,pedestrian,-52.500,-7.500,-1.6633,0.000,0.5,0.5
33.75,14,pushcart,4.600,-42.000,1.5708,0.000,2.0,1.2
33.75,15,pedestrian,-8.351,10.533,-2.7559,0.600,0.5,0.5
33.75,16,pedestrian,9.242,-10.503,-1.4114,0.000,0.5,0.5
33.85,7,twowheeler,-49.551,4.523,3.1416,0.000,2.0,0.8
33.85,8,twowheeler,24.000,14.000,0.5281,0.000,2.0,0.8
33.85,9,pedestrian,-38.000,-7.800,-1.5708,0.000,0.5,0.5
33.85,10,pedestrian,-36.500,-7.500,-1.5392,0.000,0.5,0.5
33.85,11,pedestrian,-4.438,-20.389,-3.1104,1.270,0.5,0.5
33.85,12,bus,-58.000,4.600,0.0000,0.000,11.0,2.6
33.85,13,pedestrian,-52.500,-7.500,-1.6633,0.000,0.5,0.5
33.85,14,pushcart,4.600,-42.000,1.5708,0.000,2.0,1.2
33.85,15,pedestrian,-8.393,10.491,-2.2728,0.600,0.5,0.5
33.85,16,pedestrian,9.242,-10.503,-1.4114,0.000,0.5,0.5
33.95,7,twowheeler,-49.551,4.523,3.1416,0.000,2.0,0.8
33.95,8,twowheeler,24.000,14.000,0.5281,0.000,2.0,0.8
33.95,9,pedestrian,-38.000,-7.800,-1.5708,0.000,0.5,0.5
33.95,10,pedestrian,-36.500,-7.500,-1.5392,0.000,0.5,0.5
33.95,11,pedestrian,-4.564,-20.393,-3.1104,1.270,0.5,0.5
33.95,12,bus,-58.000,4.600,0.0000,0.000,11.0,2.6
33.95,13,pedestrian,-52.500,-7.500,-1.6633,0.000,0.5,0.5
33.95,14,pushcart,4.600,-42.000,1.5708,0.000,2.0,1.2
33.95,15,pedestrian,-8.441,10.456,-2.6254,0.600,0.5,0.5
33.95,16,pedestrian,9.242,-10.503,-1.4114,0.000,0.5,0.5
34.05,7,twowheeler,-49.551,4.523,3.1416,0.000,2.0,0.8
34.05,8,twowheeler,24.000,14.000,0.5281,0.000,2.0,0.8
34.05,9,pedestrian,-38.000,-7.800,-1.5708,0.000,0.5,0.5
34.05,10,pedestrian,-36.500,-7.500,-1.5392,0.000,0.5,0.5
34.05,11,pedestrian,-4.691,-20.397,-3.1104,1.270,0.5,0.5
34.05,12,bus,-58.000,4.600,0.0000,0.000,11.0,2.6
34.05,13,pedestrian,-52.500,-7.500,-1.6633,0.000,0.5,0.5
34.05,14,pushcart,4.600,-42.000,1.5708,0.000,2.0,1.2
34.05,15,pedestrian,-8.499,10.440,-2.9008,0.600,0.5,0.5
34.05,16,pedestrian,9.242,-10.503,-1.4114,0.000,0.5,0.5
34.15,7,twowheeler,-49.551,4.523,3.1416,0.000,2.0,0.8
34.15,8,twowheeler,24.000,14.000,0.5281,0.000,2.0,0.8
34.15,9,pedestrian,-38.000,-7.800,-1.5708,0.000,0.5,0.5
34.15,10,pedestrian,-36.500,-7.500,-1.5392,0.000,0.5,0.5
34.15,11,pedestrian,-4.818,-20.401,-3.1104,1.270,0.5,0.5
34.15,12,bus,-58.000,4.600,0.0000,0.000,11.0,2.6
34.15,13,pedestrian,-52.500,-7.500,-1.6633,0.000,0.5,0.5
34.15,14,pushcart,4.600,-42.000,1.5708,0.000,2.0,1.2
34.15,15,pedestrian,-8.558,10.428,-2.9967,0.600,0.5,0.5
34.15,16,pedestrian,9.242,-10.503,-1.4114,0.000,0.5,0.5
34.25,7,twowheeler,-49.551,4.523,3.1416,0.000,2.0,0.8
34.25,8,twowheeler,24.000,14.000,0.5281,0.000,2.0,0.8
34.25,9,pedestrian,-38.000,-7.800,-1.5708,0.000,0.5,0.5
34.25,10,pedestrian,-36.500,-7.500,-1.5392,0.000,0.5,0.5
34.25,11,pedestrian,-4.945,-20.405,-3.1104,1.270,0.5,0.5
34.25,12,bus,-58.000,4.600,0.0000,0.000,11.0,2.6
34.25,13,pedestrian,-52.500,-7.500,-1.6633,0.000,0.5,0.5
34.25,14,pushcart,4.600,-42.000,1.5708,0.000,2.0,1.2
34.25,15,pedestrian,-8.616,10.440,-3.4221,0.600,0.5,0.5
34.25,16,pedestrian,9.242,-10.503,-1.4114,0.000,0.5,0.5
34.35,7,twowheeler,-49.551,4.523,3.1416,0.000,2.0,0.8
34.35,8,twowheeler,24.000,14.000,0.5281,0.000,2.0,0.8
34.35,9,pedestrian,-38.000,-7.800,-1.5708,0.000,0.5,0.5
34.35,10,pedestrian,-36.500,-7.500,-1.5392,0.000,0.5,0.5
34.35,11,pedestrian,-5.072,-20.409,-3.1104,1.270,0.5,0.5
34.35,12,bus,-58.000,4.600,0.0000,0.000,11.0,2.6
34.35,13,pedestrian,-52.500,-7.500,-1.6633,0.000,0.5,0.5
34.35,14,pushcart,4.600,-42.000,1.5708,0.000,2.0,1.2
34.35,15,pedestrian,-8.668,10.470,-3.6752,0.600,0.5,0.5
34.35,16,pedestrian,9.242,-10.503,-1.4114,0.000,0.5,0.5
34.45,7,twowheeler,-49.551,4.523,3.1416,0.000,2.0,0.8
34.45,8,twowheeler,24.000,14.000,0.5281,0.000,2.0,0.8
34.45,9,pedestrian,-38.000,-7.800,-1.5708,0.000,0.5,0.5
34.45,10,pedestrian,-36.500,-7.500,-1.5392,0.000,0.5,0.5
34.45,11,pedestrian,-5.199,-20.412,-3.1104,1.270,0.5,0.5
34.45,12,bus,-58.000,4.600,0.0000,0.000,11.0,2.6
34.45,13,pedestrian,-52.500,-7.500,-1.6633,0.000,0.5,0.5
34.45,14,pushcart,4.600,-42.000,1.5708,0.000,2.0,1.2
34.45,15,pedestrian,-8.704,10.518,-4.2117,0.600,0.5,0.5
34.45,16,pedestrian,9.242,-10.503,-1.4114,0.000,0.5,0.5
34.55,7,twowheeler,-49.551,4.523,3.1416,0.000,2.0,0.8
34.55,8,twowheeler,24.000,14.000,0.5281,0.000,2.0,0.8
34.55,9,pedestrian,-38.000,-7.800,-1.5708,0.000,0.5,0.5
34.55,10,pedestrian,-36.500,-7.500,-1.5392,0.000,0.5,0.5
34.55,11,pedestrian,-5.326,-20.416,-3.1104,1.270,0.5,0.5
34.55,12,bus,-58.000,4.600,0.0000,0.000,11.0,2.6
34.55,13,pedestrian,-52.500,-7.500,-1.6633,0.000,0.5,0.5
34.55,14,pushcart,4.600,-42.000,1.5708,0.000,2.0,1.2
34.55,15,pedestrian,-8.721,10.575,-4.2692,0.600,0.5,0.5
34.55,16,pedestrian,9.242,-10.503,-1.4114,0.000,0.5,0.5
34.65,7,twowheeler,-49.551,4.523,3.1416,0.000,2.0,0.8
34.65,8,twowheeler,24.000,14.000,0.5281,0.000,2.0,0.8
34.65,9,pedestrian,-38.000,-7.800,-1.5708,0.000,0.5,0.5
34.65,10,pedestrian,-36.500,-7.500,-1.5392,0.000,0.5,0.5
34.65,11,pedestrian,-5.453,-20.420,-3.1104,1.270,0.5,0.5
34.65,12,bus,-58.000,4.600,0.0000,0.000,11.0,2.6
34.65,13,pedestrian,-52.500,-7.500,-1.6633,0.000,0.5,0.5
34.65,14,pushcart,4.600,-42.000,1.5708,0.000,2.0,1.2
34.65,15,pedestrian,-8.726,10.634,-4.8014,0.600,0.5,0.5
34.65,16,pedestrian,9.242,-10.503,-1.4114,0.000,0.5,0.5
34.75,7,twowheeler,-49.551,4.523,3.1416,0.000,2.0,0.8
34.75,8,twowheeler,24.000,14.000,0.5281,0.000,2.0,0.8
34.75,9,pedestrian,-38.000,-7.800,-1.5708,0.000,0.5,0.5
34.75,10,pedestrian,-36.500,-7.500,-1.5392,0.000,0.5,0.5
34.75,11,pedestrian,-5.580,-20.424,-3.1104,1.270,0.5,0.5
34.75,12,bus,-58.000,4.600,0.0000,0.000,11.0,2.6
34.75,13,pedestrian,-52.500,-7.500,-1.6633,0.000,0.5,0.5
34.75,14,pushcart,4.600,-42.000,1.5708,0.000,2.0,1.2
34.75,15,pedestrian,-8.747,10.689,-4.1599,0.600,0.5,0.5
34.75,16,pedestrian,9.242,-10.503,-1.4114,0.000,0.5,0.5
34.85,7,twowheeler,-49.551,4.523,3.1416,0.000,2.0,0.8
34.85,8,twowheeler,24.000,14.000,0.5281,0.000,2.0,0.8
34.85,9,pedestrian,-38.000,-7.800,-1.5708,0.000,0.5,0.5
34.85,10,pedestrian,-36.500,-7.500,-1.5392,0.000,0.5,0.5
34.85,11,pedestrian,-5.707,-20.428,-3.1104,1.270,0.5,0.5
34.85,12,bus,-58.000,4.600,0.0000,0.000,11.0,2.6
34.85,13,pedestrian,-52.500,-7.500,-1.6633,0.000,0.5,0.5
34.85,14,pushcart,4.600,-42.000,1.5708,0.000,2.0,1.2
34.85,15,pedestrian,-8.761,10.747,-4.4819,0.600,0.5,0.5
34.85,16,pedestrian,9.242,-10.503,-1.4114,0.000,0.5,0.5
34.95,7,twowheeler,-49.551,4.523,3.1416,0.000,2.0,0.8
34.95,8,twowheeler,24.000,14.000,0.5281,0.000,2.0,0.8
34.95,9,pedestrian,-38.000,-7.800,-1.5708,0.000,0.5,0.5
34.95,10,pedestrian,-36.500,-7.500,-1.5392,0.000,0.5,0.5
34.95,11,pedestrian,-5.834,-20.432,-3.1104,1.270,0.5,0.5
34.95,12,bus,-58.000,4.600,0.0000,0.000,11.0,2.6
34.95,13,pedestrian,-52.500,-7.500,-1.6633,0.000,0.5,0.5
34.95,14,pushcart,4.600,-42.000,1.5708,0.000,2.0,1.2
34.95,15,pedestrian,-8.768,10.807,-4.5838,0.600,0.5,0.5
34.95,16,pedestrian,9.242,-10.503,-1.4114,0.000,0.5,0.5
35.05,7,twowheeler,-49.551,4.523,3.1416,0.000,2.0,0.8
35.05,8,twowheeler,24.000,14.000,0.5281,0.000,2.0,0.8
35.05,9,pedestrian,-38.000,-7.800,-1.5708,0.000,0.5,0.5
35.05,10,pedestrian,-36.500,-7.500,-1.5392,0.000,0.5,0.5
35.05,11,pedestrian,-5.961,-20.436,-3.1104,1.270,0.5,0.5
35.05,12,bus,-58.000,4.600,0.0000,0.000,11.0,2.6
35.05,13,pedestrian,-52.500,-7.500,-1.6633,0.000,0.5,0.5
35.05,14,pushcart,4.600,-42.000,1.5708,0.000,2.0,1.2
35.05,15,pedestrian,-8.781,10.865,-4.4323,0.600,0.5,0.5
35.05,16,pedestrian,9.235,-10.562,-1.6502,0.600,0.5,0.5
35.15,7,twowheeler,-49.551,4.523,3.1416,0.000,2.0,0.8
35.15,8,twowheeler,24.000,14.000,0.5281,0.000,2.0,0.8
35.15,9,pedestrian,-38.000,-7.800,-1.5708,0.000,0.5,0.5
35.15,10,pedestrian,-36.500,-7.500,-1.5392,0.000,0.5,0.5
35.15,11,pedestrian,-6.087,-20.440,-3.1104,1.270,0.5,0.5
35.15,12,bus,-58.000,4.600,0.0000,0.000,11.0,2.6
35.15,13,pedestrian,-52.500,-7.500,-1.6633,0.000,0.5,0.5
35.15,14,pushcart,4.600,-42.000,1.5708,0.000,2.0,1.2
35.15,15,pedestrian,-8.803,10.921,-4.2700,0.600,0.5,0.5
35.15,16,pedestrian,9.236,-10.622,-1.6522,0.600,0.5,0.5
35.25,7,twowheeler,-49.551,4.523,3.1416,0.000,2.0,0.8
35.25,8,twowheeler,24.000,14.000,0.5281,0.000,2.0,0.8
35.25,9,pedestrian,-38.000,-7.800,-1.5708,0.000,0.5,0.5
35.25,10,pedestrian,-36.500,-7.500,-1.5392,0.000,0.5,0.5
35.25,11,pedestrian,-6.214,-20.444,-3.1104,1.270,0.5,0.5
35.25,12,bus,-58.000,4.600,0.0000,0.000,11.0,2.6
35.25,13,pedestrian,-52.500,-7.500,-1.6633,0.000,0.5,0.5
35.25,14,pushcart,4.600,-42.000,1.5708,0.000,2.0,1.2
35.25,15,pedestrian,-8.810,10.980,-4.6653,0.600,0.5,0.5
35.25,16,pedestrian,9.254,-10.679,-1.1414,0.600,0.5,0.5
35.35,7,twowheeler,-49.551,4.523,3.1416,0.000,2.0,0.8
35.35,8,twowheeler,24.000,14.000,0.5281,0.000,2.0,0.8
35.35,9,pedestrian,-38.000,-7.800,-1.5708,0.000,0.5,0.5
35.35,10,pedestrian,-36.500,-7.500,-1.5392,0.000,0.5,0.5
35.35,11,pedestrian,-6.341,-20.448,-3.1104,1.270,0.5,0.5
35.35,12,bus,-58.000,4.600,0.0000,0.000,11.0,2.6
35.35,13,pedestrian,-52.500,-7.500,-1.6633,0.000,0.5,0.5
35.35,14,pushcart,4.600,-42.000,1.5708,0.000,2.0,1.2
35.35,15,pedestrian,-8.807,11.040,-4.7969,0.600,0.5,0.5
35.35,16,pedestrian,9.267,-10.737,-1.4384,0.600,0.5,0.5
35.45,7,twowheeler,-49.551,4.523,3.1416,0.000,2.0,0.8
35.45,8,twowheeler,24.000,14.000,0.5281,0.000,2.0,0.8
35.45,9,pedestrian,-38.000,-7.800,-1.5708,0.000,0.5,0.5
35.45,10,pedestrian,-36.500,-7.500,-1.5392,0.000,0.5,0.5
35.45,11,pedestrian,-6.468,-20.452,-3.1104,1.270,0.5,0.5
35.45,12,bus,-58.000,4.600,0.0000,0.000,11.0,2.6
35.45,13,pedestrian,-52.500,-7.500,-1.6633,0.000,0.5,0.5
35.45,14,pushcart,4.600,-42.000,1.5708,0.000,2.0,1.2
35.45,15,pedestrian,-8.810,11.100,-4.6744,0.600,0.5,0.5
35.45,16,pedestrian,9.310,-10.778,-0.6023,0.600,0.5,0.5
35.55,7,twowheeler,-49.551,4.523,3.1416,0.000,2.0,0.8
35.55,8,twowheeler,24.000,14.000,0.5281,0.000,2.0,0.8
35.55,9,pedestrian,-38.000,-7.800,-1.5708,0.000,0.5,0.5
35.55,10,pedestrian,-36.500,-7.500,-1.5392,0.000,0.5,0.5
35.55,11,pedestrian,-6.595,-20.456,-3.1104,1.270,0.5,0.5
35.55,12,bus,-58.000,4.600,0.0000,0.000,11.0,2.6
35.55,13,pedestrian,-52.500,-7.500,-1.6633,0.000,0.5,0.5
35.55,14,pushcart,4.600,-42.000,1.5708,0.000,2.0,1.2
35.55,15,pedestrian,-8.787,11.155,-5.1672,0.600,0.5,0.5
35.55,16,pedestrian,9.369,-10.784,0.0198,0.600,0.5,0.5
35.65,7,twowheeler,-49.551,4.523,3.1416,0.000,2.0,0.8
35.65,8,twowheeler,24.000,14.000,0.5281,0.000,2.0,0.8
35.65,9,pedestrian,-38.000,-7.800,-1.5708,0.000,0.5,0.5
35.65,10,pedestrian,-36.500,-7.500,-1.5392,0.000,0.5,0.5
35.65,11,pedestrian,-6.722,-20.460,-3.1104,1.270,0.5,0.5
35.65,12,bus,-58.000,4.600,0.0000,0.000,11.0,2.6
35.65,13,pedestrian,-52.500,-7.500,-1.6633,0.000,0.5,0.5
35.65,14,pushcart,4.600,-42.000,1.5708,0.000,2.0,1.2
35.65,15,pedestrian,-8.779,11.212,-4.5465,0.600,0.5,0.5
35.65,16,pedestrian,9.425,-10.766,0.4954,0.600,0.5,0.5
35.75,7,twowheeler,-49.551,4.523,3.1416,0.000,2.0,0.8
35.75,8,twowheeler,24.000,14.000,0.5281,0.000,2.0,0.8
35.75,9,pedestrian,-38.000,-7.800,-1.5708,0.000,0.5,0.5
35.75,10,pedestrian,-36.500,-7.500,-1.5392,0.000,0.5,0.5
35.75,11,pedestrian,-6.849,-20.464,-3.1104,1.270,0.5,0.5
35.75,12,bus,-58.000,4.600,0.0000,0.000,11.0,2.6
35.75,13,pedestrian,-52.500,-7.500,-1.6633,0.000,0.5,0.5
35.75,14,pushcart,4.600,-42.000,1.5708,0.000,2.0,1.2
35.75,15,pedestrian,-8.769,11.270,-5.0650,0.600,0.5,0.5
35.75,16,pedestrian,9.483,-10.753,0.0571,0.600,0.5,0.5
35.85,7,twowheeler,-49.551,4.523,3.1416,0.000,2.0,0.8
35.85,8,twowheeler,24.000,14.000,0.5281,0.000,2.0,0.8
35.85,9,pedestrian,-38.000,-7.800,-1.5708,0.000,0.5,0.5
35.85,10,pedestrian,-36.500,-7.500,-1.5392,0.000,0.5,0.5
35.85,11,pedestrian,-6.976,-20.468,-3.1104,1.270,0.5,0.5
35.85,12,bus,-58.000,4.600,0.0000,0.000,11.0,2.6
35.85,13,pedestrian,-52.500,-7.500,-1.6633,0.000,0.5,0.5
35.85,14,pushcart,4.600,-42.000,1.5708,0.000,2.0,1.2
35.85,15,pedestrian,-8.752,11.327,-5.1571,0.600,0.5,0.5
35.85,16,pedestrian,9.537,-10.759,-0.5350,0.600,0.5,0.5
35.95,7,twowheeler,-49.551,4.523,3.1416,0.000,2.0,0.8
35.95,8,twowheeler,24.000,14.000,0.5281,0.000,2.0,0.8
35.95,9,pedestrian,-38.000,-7.800,-1.5708,0.000,0.5,0.5
35.95,10,pedestrian,-36.500,-7.500,-1.5392,0.000,0.5,0.5
35.95,11,pedestrian,-7.103,-20.472,-3.1104,1.270,0.5,0.5
35.95,12,bus,-58.000,4.600,0.0000,0.000,11.0,2.6
35.95,13,pedestrian,-52.500,-7.500,-1.6633,0.000,0.5,0.5
35.95,14,pushcart,4.600,-42.000,1.5708,0.000,2.0,1.2
35.95,15,pedestrian,-8.712,11.371,-5.4313,0.600,0.5,0.5
35.95,16,pedestrian,9.588,-10.791,-0.4936,0.600,0.5,0.5
36.05,7,twowheeler,-49.551,4.523,3.1416,0.000,2.0,0.8
36.05,8,twowheeler,24.000,14.000,0.5281,0.000,2.0,0.8
36.05,9,pedestrian,-38.000,-7.800,-1.5708,0.000,0.5,0.5
36.05,10,pedestrian,-36.500,-7.500,-1.5392,0.000,0.5,0.5
36.05,11,pedestrian,-7.230,-20.476,-3.1104,1.270,0.5,0.5
36.05,12,bus,-58.000,4.600,0.0000,0.000,11.0,2.6
36.05,13,pedestrian,-52.500,-7.500,-1.6633,0.000,0.5,0.5
36.05,14,pushcart,4.600,-42.000,1.5708,0.000,2.0,1.2
36.05,15,pedestrian,-8.666,11.410,-5.4861,0.600,0.5,0.5
36.05,16,pedestrian,9.645,-10.807,-0.4567,0.600,0.5,0.5
36.15,7,twowheeler,-49.551,4.523,3.1416,0.000,2.0,0.8
36.15,8,twowheeler,24.000,14.000,0.5281,0.000,2.0,0.8
36.15,9,pedestrian,-38.000,-7.800,-1.5708,0.000,0.5,0.5
36.15,10,pedestrian,-36.500,-7.500,-1.5392,0.000,0.5,0.5
36.15,11,pedestrian,-7.357,-20.480,-3.1104,1.270,0.5,0.5
36.15,12,bus,-58.000,4.600,0.0000,0.000,11.0,2.6
36.15,13,pedestrian,-52.500,-7.500,-1.6633,0.000,0.5,0.5
36.15,14,pushcart,4.600,-42.000,1.5708,0.000,2.0,1.2
36.15,15,pedestrian,-8.611,11.433,-5.8988,0.600,0.5,0.5
36.15,16,pedestrian,9.704,-10.806,-0.1260,0.600,0.5,0.5
36.25,7,twowheeler,-49.551,4.523,3.1416,0.000,2.0,0.8
36.25,8,twowheeler,24.000,14.000,0.5281,0.000,2.0,0.8
36.25,9,pedestrian,-38.000,-7.800,-1.5708,0.000,0.5,0.5
36.25,10,pedestrian,-36.500,-7.500,-1.5392,0.000,0.5,0.5
36.25,11,pedestrian,-7.483,-20.484,-3.1104,1.270,0.5,0.5
36.25,12,bus,-58.000,4.600,0.0000,0.000,11.0,2.6
36.25,13,pedestrian,-52.500,-7.500,-1.6633,0.000,0.5,0.5
36.25,14,pushcart,4.600,-42.000,1.5708,0.000,2.0,1.2
36.25,15,pedestrian,-8.619,11.404,-1.8559,0.600,0.5,0.5
36.25,16,pedestrian,9.763,-10.800,0.1342,0.600,0.5,0.5
36.35,7,twowheeler,-49.551,4.523,3.1416,0.000,2.0,0.8
36.35,8,twowheeler,24.000,14.000,0.5281,0.000,2.0,0.8
36.35,9,pedestrian,-38.000,-7.800,-1.5708,0.000,0.5,0.5
36.35,10,pedestrian,-36.500,-7.500,-1.5392,0.000,0.5,0.5
36.35,11,pedestrian,-7.610,-20.488,-3.1104,1.270,0.5,0.5
36.35,12,bus,-58.000,4.600,0.0000,0.000,11.0,2.6
36.35,13,pedestrian,-52.500,-7.500,-1.6633,0.000,0.5,0.5
36.35,14,pushcart,4.600,-42.000,1.5708,0.000,2.0,1.2
36.35,15,pedestrian,-8.631,11.346,-1.6544,0.600,0.5,0.5
36.35,16,pedestrian,9.820,-10.785,0.5093,0.600,0.5,0.5
36.45,7,twowheeler,-49.551,4.523,3.1416,0.000,2.0,0.8
36.45,8,twowheeler,24.000,14.000,0.5281,0.000,2.0,0.8
36.45,9,pedestrian,-38.000,-7.800,-1.5708,0.000,0.5,0.5
36.45,10,pedestrian,-36.500,-7.500,-1.5392,0.000,0.5,0.5
36.45,11,pedestrian,-7.737,-20.492,-3.1104,1.270,0.5,0.5
36.45,12,bus,-58.000,4.600,0.0000,0.000,11.0,2.6
36.45,13,pedestrian,-52.500,-7.500,-1.6633,0.000,0.5,0.5
36.45,14,pushcart,4.600,-42.000,1.5708,0.000,2.0,1.2
36.45,15,pedestrian,-8.656,11.291,-2.0529,0.600,0.5,0.5
36.45,16,pedestrian,9.875,-10.764,0.2515,0.600,0.5,0.5
36.55,7,twowheeler,-49.551,4.523,3.1416,0.000,2.0,0.8
36.55,8,twowheeler,24.000,14.000,0.5281,0.000,2.0,0.8
36.55,9,pedestrian,-38.000,-7.800,-1.5708,0.000,0.5,0.5
36.55,10,pedestrian,-36.500,-7.500,-1.5392,0.000,0.5,0.5
36.55,11,pedestrian,-7.864,-20.496,-3.1104,1.270,0.5,0.5
36.55,12,bus,-58.000,4.600,0.0000,0.000,11.0,2.6
36.55,13,pedestrian,-52.500,-7.500,-1.6633,0.000,0.5,0.5
36.55,14,pushcart,4.600,-42.000,1.5708,0.000,2.0,1.2
36.55,15,pedestrian,-8.660,11.234,-1.3315,0.600,0.5,0.5
36.55,16,pedestrian,9.934,-10.753,0.2138,0.600,0.5,0.5
36.65,7,twowheeler,-49.551,4.523,3.1416,0.000,2.0,0.8
36.65,8,twowheeler,24.000,14.000,0.5281,0.000,2.0,0.8
36.65,9,pedestrian,-38.000,-7.800,-1.5708,0.000,0.5,0.5
36.65,10,pedestrian,-36.500,-7.500,-1.5392,0.000,0.5,0.5
36.65,11,pedestrian,-7.991,-20.500,-3.1104,1.270,0.5,0.5
36.65,12,bus,-58.000,4.600,0.0000,0.000,11.0,2.6
36.65,13,pedestrian,-52.500,-7.500,-1.6633,0.000,0.5,0.5
36.65,14,pushcart,4.600,-42.000,1.5708,0.000,2.0,1.2
36.65,15,pedestrian,-8.633,11.181,-1.0967,0.600,0.5,0.5
36.65,16,pedestrian,9.993,-10.739,0.2675,0.600,0.5,0.5
36.75,7,twowheeler,-49.551,4.523,3.1416,0.000,2.0,0.8
36.75,8,twowheeler,24.000,14.000,0.5281,0.000,2.0,0.8
36.75,9,pedestrian,-38.000,-7.800,-1.5708,0.000,0.5,0.5
36.75,10,pedestrian,-36.500,-7.500,-1.5392,0.000,0.5,0.5
36.75,11,pedestrian,-8.000,-20.500,-3.1104,0.000,0.5,0.5
36.75,12,bus,-58.000,4.600,0.0000,0.000,11.0,2.6
36.75,13,pedestrian,-52.500,-7.500,-1.6633,0.000,0.5,0.5
36.75,14,pushcart,4.600,-42.000,1.5708,0.000,2.0,1.2
36.75,15,pedestrian,-8.639,11.122,-1.8317,0.600,0.5,0.5
36.75,16,pedestrian,10.053,-10.736,0.0136,0.600,0.5,0.5
36.85,7,twowheeler,-49.551,4.523,3.1416,0.000,2.0,0.8
36.85,8,twowheeler,24.000,14.000,0.5281,0.000,2.0,0.8
36.85,9,pedestrian,-38.000,-7.800,-1.5708,0.000,0.5,0.5
36.85,10,pedestrian,-36.500,-7.500,-1.5392,0.000,0.5,0.5
36.85,11,pedestrian,-8.000,-20.500,-3.1104,0.000,0.5,0.5
36.85,12,bus,-58.000,4.600,0.0000,0.000,11.0,2.6
36.85,13,pedestrian,-52.500,-7.500,-1.6633,0.000,0.5,0.5
36.85,14,pushcart,4.600,-42.000,1.5708,0.000,2.0,1.2
36.85,15,pedestrian,-8.683,11.081,-2.3809,0.600,0.5,0.5
36.85,16,pedestrian,10.112,-10.728,0.1466,0.600,0.5,0.5
36.95,7,twowheeler,-49.551,4.523,3.1416,0.000,2.0,0.8
36.95,8,twowheeler,24.000,14.000,0.5281,0.000,2.0,0.8
36.95,9,pedestrian,-38.000,-7.800,-1.5708,0.000,0.5,0.5
36.95,10,pedestrian,-36.500,-7.500,-1.5392,0.000,0.5,0.5
36.95,11,pedestrian,-8.000,-20.500,-3.1104,0.000,0.5,0.5
36.95,12,bus,-58.000,4.600,0.0000,0.000,11.0,2.6
36.95,13,pedestrian,-52.500,-7.500,-1.6633,0.000,0.5,0.5
36.95,14,pushcart,4.600,-42.000,1.5708,0.000,2.0,1.2
36.95,15,pedestrian,-8.739,11.062,-2.9216,0.600,0.5,0.5
36.95,16,pedestrian,10.171,-10.715,0.2483,0.600,0.5,0.5
37.05,7,twowheeler,-49.551,4.523,3.1416,0.000,2.0,0.8
37.05,8,twowheeler,24.000,14.000,0.5281,0.000,2.0,0.8
37.05,9,pedestrian,-38.000,-7.800,-1.5708,0.000,0.5,0.5
37.05,10,pedestrian,-36.500,-7.500,-1.5392,0.000,0.5,0.5
37.05,11,pedestrian,-8.000,-20.500,-3.1104,0.000,0.5,0.5
37.05,12,bus,-58.000,4.600,0.0000,0.000,11.0,2.6
37.05,13,pedestrian,-52.500,-7.500,-1.6633,0.000,0.5,0.5
37.05,14,pushcart,4.600,-42.000,1.5708,0.000,2.0,1.2
37.05,15,pedestrian,-8.798,11.048,-2.9428,0.600,0.5,0.5
37.05,16,pedestrian,10.171,-10.715,0.2483,0.000,0.5,0.5
37.15,7,twowheeler,-49.551,4.523,3.1416,0.000,2.0,0.8
37.15,8,twowheeler,24.000,14.000,0.5281,0.000,2.0,0.8
37.15,9,pedestrian,-38.000,-7.800,-1.5708,0.000,0.5,0.5
37.15,10,pedestrian,-36.500,-7.500,-1.5392,0.000,0.5,0.5
37.15,11,pedestrian,-8.000,-20.500,-3.1104,0.000,0.5,0.5
37.15,12,bus,-58.000,4.600,0.0000,0.000,11.0,2.6
37.15,13,pedestrian,-52.500,-7.500,-1.6633,0.000,0.5,0.5
37.15,14,pushcart,4.600,-42.000,1.5708,0.000,2.0,1.2
37.15,15,pedestrian,-8.857,11.053,-3.3108,0.600,0.5,0.5
37.15,16,pedestrian,10.171,-10.715,0.2483,0.000,0.5,0.5
37.25,7,twowheeler,-49.551,4.523,3.1416,0.000,2.0,0.8
37.25,8,twowheeler,24.000,14.000,0.5281,0.000,2.0,0.8
37.25,9,pedestrian,-38.000,-7.800,-1.5708,0.000,0.5,0.5
37.25,10,pedestrian,-36.500,-7.500,-1.5392,0.000,0.5,0.5
37.25,11,pedestrian,-8.000,-20.500,-3.1104,0.000,0.5,0.5
37.25,12,bus,-58.000,4.600,0.0000,0.000,11.0,2.6
37.25,13,pedestrian,-52.500,-7.500,-1.6633,0.000,0.5,0.5
37.25,14,pushcart,4.600,-42.000,1.5708,0.000,2.0,1.2
37.25,15,pedestrian,-8.917,11.046,-3.0090,0.600,0.5,0.5
37.25,16,pedestrian,10.171,-10.715,0.2483,0.000,0.5,0.5
37.35,7,twowheeler,-49.551,4.523,3.1416,0.000,2.0,0.8
37.35,8,twowheeler,24.000,14.000,0.5281,0.000,2.0,0.8
37.35,9,pedestrian,-38.000,-7.800,-1.5708,0.000,0.5,0.5
37.35,10,pedestrian,-36.500,-7.500,-1.5392,0.000,0.5,0.5
37.35,11,pedestrian,-8.000,-20.500,-3.1104,0.000,0.5,0.5
37.35,12,bus,-58.000,4.600,0.0000,0.000,11.0,2.6
37.35,13,pedestrian,-52.500,-7.500,-1.6633,0.000,0.5,0.5
37.35,14,pushcart,4.600,-42.000,1.5708,0.000,2.0,1.2
37.35,15,pedestrian,-8.971,11.022,-2.6086,0.600,0.5,0.5
37.35,16,pedestrian,10.171,-10.715,0.2483,0.000,0.5,0.5
37.45,7,twowheeler,-49.551,4.523,3.1416,0.000,2.0,0.8
37.45,8,twowheeler,24.000,14.000,0.5281,0.000,2.0,0.8
37.45,9,pedestrian,-38.000,-7.800,-1.5708,0.000,0.5,0.5
37.45,10,pedestrian,-36.500,-7.500,-1.5392,0.000,0.5,0.5
37.45,11,pedestrian,-8.000,-20.500,-3.1104,0.000,0.5,0.5
37.45,12,bus,-58.000,4.600,0.0000,0.000,11.0,2.6
37.45,13,pedestrian,-52.500,-7.500,-1.6633,0.000,0.5,0.5
37.45,14,pushcart,4.600,-42.000,1.5708,0.000,2.0,1.2
37.45,15,pedestrian,-9.031,11.028,-3.2392,0.600,0.5,0.5
37.45,16,pedestrian,10.171,-10.715,0.2483,0.000,0.5,0.5
37.55,7,twowheeler,-49.551,4.523,3.1416,0.000,2.0,0.8
37.55,8,twowheeler,24.000,14.000,0.5281,0.000,2.0,0.8
37.55,9,pedestrian,-38.000,-7.800,-1.5708,0.000,0.5,0.5
37.55,10,pedestrian,-36.500,-7.500,-1.5392,0.000,0.5,0.5
37.55,11,pedestrian,-8.000,-20.500,-3.1104,0.000,0.5,0.5
37.55,12,bus,-58.000,4.600,0.0000,0.000,11.0,2.6
37.55,13,pedestrian,-52.500,-7.500,-1.6633,0.000,0.5,0.5
37.55,14,pushcart,4.600,-42.000,1.5708,0.000,2.0,1.2
37.55,15,pedestrian,-9.090,11.020,-3.0376,0.600,0.5,0.5
37.55,16,pedestrian,10.171,-10.715,0.2483,0.000,0.5,0.5
37.65,7,twowheeler,-49.551,4.523,3.1416,0.000,2.0,0.8
37.65,8,twowheeler,24.000,14.000,0.5281,0.000,2.0,0.8
37.65,9,pedestrian,-38.000,-7.800,-1.5708,0.000,0.5,0.5
37.65,10,pedestrian,-36.500,-7.500,-1.5392,0.000,0.5,0.5
37.65,11,pedestrian,-8.000,-20.500,-3.1104,0.000,0.5,0.5
37.65,12,bus,-58.000,4.600,0.0000,0.000,11.0,2.6
37.65,13,pedestrian,-52.500,-7.500,-1.6633,0.000,0.5,0.5
37.65,14,pushcart,4.600,-42.000,1.5708,0.000,2.0,1.2
37.65,15,pedestrian,-9.148,11.033,-3.5214,0.600,0.5,0.5
37.65,16,pedestrian,10.171,-10.715,0.2483,0.000,0.5,0.5
37.75,7,twowheeler,-49.551,4.523,3.1416,0.000,2.0,0.8
37.75,8,twowheeler,24.000,14.000,0.5281,0.000,2.0,0.8
37.75,9,pedestrian,-38.000,-7.800,-1.5708,0.000,0.5,0.5
37.75,10,pedestrian,-36.500,-7.500,-1.5392,0.000,0.5,0.5
37.75,11,pedestrian,-8.000,-20.500,-3.1104,0.000,0.5,0.5
37.75,12,bus,-58.000,4.600,0.0000,0.000,11.0,2.6
37.75,13,pedestrian,-52.500,-7.500,-1.6633,0.000,0.5,0.5
37.75,14,pushcart,4.600,-42.000,1.5708,0.000,2.0,1.2
37.75,15,pedestrian,-9.204,11.055,-3.5216,0.600,0.5,0.5
37.75,16,pedestrian,10.171,-10.715,0.2483,0.000,0.5,0.5
37.85,7,twowheeler,-49.551,4.523,3.1416,0.000,2.0,0.8
37.85,8,twowheeler,24.000,14.000,0.5281,0.000,2.0,0.8
37.85,9,pedestrian,-38.000,-7.800,-1.5708,0.000,0.5,0.5
37.85,10,pedestrian,-36.500,-7.500,-1.5392,0.000,0.5,0.5
37.85,11,pedestrian,-8.000,-20.500,-3.1104,0.000,0.5,0.5
37.85,12,bus,-58.000,4.600,0.0000,0.000,11.0,2.6
37.85,13,pedestrian,-52.500,-7.500,-1.6633,0.000,0.5,0.5
37.85,14,pushcart,4.600,-42.000,1.5708,0.000,2.0,1.2
37.85,15,pedestrian,-9.257,11.083,-3.6425,0.600,0.5,0.5
37.85,16,pedestrian,10.171,-10.715,0.2483,0.000,0.5,0.5
37.95,7,twowheeler,-49.551,4.523,3.1416,0.000,2.0,0.8
37.95,8,twowheeler,24.000,14.000,0.5281,0.000,2.0,0.8
37.95,9,pedestrian,-38.000,-7.800,-1.5708,0.000,0.5,0.5
37.95,10,pedestrian,-36.500,-7.500,-1.5392,0.000,0.5,0.5
37.95,11,pedestrian,-8.000,-20.500,-3.1104,0.000,0.5,0.5
37.95,12,bus,-58.000,4.600,0.0000,0.000,11.0,2.6
37.95,13,pedestrian,-52.500,-7.500,-1.6633,0.000,0.5,0.5
37.95,14,pushcart,4.600,-42.000,1.5708,0.000,2.0,1.2
37.95,15,pedestrian,-9.310,11.112,-3.6250,0.600,0.5,0.5
37.95,16,pedestrian,10.171,-10.715,0.2483,0.000,0.5,0.5
38.05,7,twowheeler,-49.551,4.523,3.1416,0.000,2.0,0.8
38.05,8,twowheeler,24.000,14.000,0.5281,0.000,2.0,0.8
38.05,9,pedestrian,-38.000,-7.800,-1.5708,0.000,0.5,0.5
38.05,10,pedestrian,-36.500,-7.500,-1.5392,0.000,0.5,0.5
38.05,11,pedestrian,-8.000,-20.500,-3.1104,0.000,0.5,0.5
38.05,12,bus,-58.000,4.600,0.0000,0.000,11.0,2.6
38.05,13,pedestrian,-52.500,-7.500,-1.6633,0.000,0.5,0.5
38.05,14,pushcart,4.600,-42.000,1.5708,0.000,2.0,1.2
38.05,15,pedestrian,-9.361,11.142,-3.7792,0.600,0.5,0.5
38.05,16,pedestrian,10.171,-10.715,0.2483,0.000,0.5,0.5
38.15,7,twowheeler,-49.551,4.523,3.1416,0.000,2.0,0.8
38.15,8,twowheeler,24.000,14.000,0.5281,0.000,2.0,0.8
38.15,9,pedestrian,-38.000,-7.800,-1.5708,0.000,0.5,0.5
38.15,10,pedestrian,-36.500,-7.500,-1.5392,0.000,0.5,0.5
38.15,11,pedestrian,-8.000,-20.500,-3.1104,0.000,0.5,0.5
38.15,12,bus,-58.000,4.600,0.0000,0.000,11.0,2.6
38.15,13,pedestrian,-52.500,-7.500,-1.6633,0.000,0.5,0.5
38.15,14,pushcart,4.600,-42.000,1.5708,0.000,2.0,1.2
38.15,15,pedestrian,-9.416,11.167,-3.5046,0.600,0.5,0.5
38.15,16,pedestrian,10.171,-10.715,0.2483,0.000,0.5,0.5
