t,id,class,x,y,yaw,v,length,width
0.05,1,cattle,70.003,5.295,-1.1248,0.120,2.2,0.9
0.05,2,car,5.691,2.000,0.0000,13.650,4.2,1.8
0.05,3,truck,261.765,-2.028,3.1716,9.990,9.0,2.5
0.05,4,cattle,146.128,5.400,-1.6306,0.000,2.2,0.9
0.05,5,cattle,149.722,5.700,-1.6198,0.000,2.2,0.9
0.05,6,cattle,151.840,5.400,-1.6305,0.000,2.2,0.9
0.05,7,cattle,156.036,5.700,-1.6507,0.000,2.2,0.9
0.05,8,cattle,158.234,5.400,-1.6995,0.000,2.2,0.9
0.15,1,cattle,70.011,5.286,-0.8703,0.120,2.2,0.9
0.15,2,car,7.021,2.000,0.0000,12.950,4.2,1.8
0.15,3,truck,260.766,-2.033,3.1116,9.990,9.0,2.5
0.15,4,cattle,146.128,5.400,-1.6306,0.000,2.2,0.9
0.15,5,cattle,149.722,5.700,-1.6198,0.000,2.2,0.9
0.15,6,cattle,151.840,5.400,-1.6305,0.000,2.2,0.9
0.15,7,cattle,156.036,5.700,-1.6507,0.000,2.2,0.9
0.15,8,cattle,158.234,5.400,-1.6995,0.000,2.2,0.9
0.25,1,cattle,70.020,5.278,-0.8962,0.120,2.2,0.9
0.25,2,car,8.281,2.000,0.0000,12.250,4.2,1.8
0.25,3,truck,259.767,-2.023,3.1116,9.990,9.0,2.5
0.25,4,cattle,146.128,5.400,-1.6306,0.000,2.2,0.9
0.25,5,cattle,149.722,5.700,-1.6198,0.000,2.2,0.9
0.25,6,cattle,151.840,5.400,-1.6305,0.000,2.2,0.9
0.25,7,cattle,156.036,5.700,-1.6507,0.000,2.2,0.9
0.25,8,cattle,158.234,5.400,-1.6995,0.000,2.2,0.9
0.35,1,cattle,70.028,5.270,-0.9033,0.120,2.2,0.9
0.35,2,car,9.471,2.000,0.0000,11.550,4.2,1.8
0.35,3,truck,258.768,-1.976,3.1116,9.990,9.0,2.5
0.35,4,cattle,146.128,5.400,-1.6306,0.000,2.2,0.9
0.35,5,cattle,149.722,5.700,-1.6198,0.000,2.2,0.9
0.35,6,cattle,151.840,5.400,-1.6305,0.000,2.2,0.9
0.35,7,cattle,156.036,5.700,-1.6507,0.000,2.2,0.9
0.35,8,cattle,158.234,5.400,-1.6995,0.000,2.2,0.9
0.45,1,cattle,70.037,5.262,-0.4660,0.120,2.2,0.9
0.45,2,car,10.628,2.060,0.0517,11.589,4.2,1.8
0.45,3,truck,257.769,-1.990,3.1716,9.990,9.0,2.5
0.45,4,cattle,146.128,5.400,-1.6306,0.000,2.2,0.9
0.45,5,cattle,149.722,5.700,-1.6198,0.000,2.2,0.9
0.45,6,cattle,151.840,5.400,-1.6305,0.000,2.2,0.9
0.45,7,cattle,156.036,5.700,-1.6507,0.000,2.2,0.9
0.45,8,cattle,158.234,5.400,-1.6995,0.000,2.2,0.9
0.55,1,cattle,70.046,5.255,-0.5868,0.120,2.2,0.9
0.55,2,car,11.789,2.120,0.0516,11.629,4.2,1.8
0.55,3,truck,256.770,-1.947,3.1116,9.990,9.0,2.5
0.55,4,cattle,146.128,5.400,-1.6306,0.000,2.2,0.9
0.55,5,cattle,149.722,5.700,-1.6198,0.000,2.2,0.9
0.55,6,cattle,151.840,5.400,-1.6305,0.000,2.2,0.9
0.55,7,cattle,156.036,5.700,-1.6507,0.000,2.2,0.9
0.55,8,cattle,158.234,5.400,-1.6995,0.000,2.2,0.9
0.65,1,cattle,70.056,5.248,-0.4753,0.120,2.2,0.9
0.65,2,car,12.954,2.180,0.0514,11.669,4.2,1.8
0.65,3,truck,255.771,-1.927,3.1244,9.990,9.0,2.5
0.65,4,cattle,146.128,5.400,-1.6306,0.000,2.2,0.9
0.65,5,cattle,149.722,5.700,-1.6198,0.000,2.2,0.9
0.65,6,cattle,151.840,5.400,-1.6305,0.000,2.2,0.9
0.65,7,cattle,156.036,5.700,-1.6507,0.000,2.2,0.9
0.65,8,cattle,158.234,5.400,-1.6995,0.000,2.2,0.9
0.75,1,cattle,70.065,5.240,-0.7496,0.120,2.2,0.9
0.75,2,car,14.123,2.240,0.0512,11.709,4.2,1.8
0.75,3,truck,254.772,-1.932,3.1197,9.990,9.0,2.5
0.75,4,cattle,146.128,5.400,-1.6306,0.000,2.2,0.9
0.75,5,cattle,149.722,5.700,-1.6198,0.000,2.2,0.9
0.75,6,cattle,151.840,5.400,-1.6305,0.000,2.2,0.9
0.75,7,cattle,156.036,5.700,-1.6507,0.000,2.2,0.9
0.75,8,cattle,158.234,5.400,-1.6995,0.000,2.2,0.9
0.85,1,cattle,70.075,5.234,-0.3302,0.120,2.2,0.9
0.85,2,car,15.296,2.300,0.0510,11.750,4.2,1.8
0.85,3,truck,253.773,-1.920,3.1378,9.990,9.0,2.5
0.85,4,cattle,146.128,5.400,-1.6306,0.000,2.2,0.9
0.85,5,cattle,149.722,5.700,-1.6198,0.000,2.2,0.9
0.85,6,cattle,151.840,5.400,-1.6305,0.000,2.2,0.9
0.85,7,cattle,156.036,5.700,-1.6507,0.000,2.2,0.9
0.85,8,cattle,158.234,5.400,-1.6995,0.000,2.2,0.9
0.95,1,cattle,70.085,5.228,-0.8471,0.120,2.2,0.9
0.95,2,car,16.473,2.360,0.0508,11.791,4.2,1.8
0.95,3,truck,252.774,-1.949,3.1716,9.990,9.0,2.5
0.95,4,cattle,146.128,5.400,-1.6306,0.000,2.2,0.9
0.95,5,cattle,149.722,5.700,-1.6198,0.000,2.2,0.9
0.95,6,cattle,151.840,5.400,-1.6305,0.000,2.2,0.9
0.95,7,cattle,156.036,5.700,-1.6507,0.000,2.2,0.9
0.95,8,cattle,158.234,5.400,-1.6995,0.000,2.2,0.9
1.05,1,cattle,70.093,5.219,-0.9121,0.120,2.2,0.9
1.05,2,car,17.654,2.420,0.0507,11.832,4.2,1.8
1.05,3,truck,251.775,-1.952,3.1716,9.990,9.0,2.5
1.05,4,cattle,146.128,5.400,-1.6306,0.000,2.2,0.9
1.05,5,cattle,149.722,5.700,-1.6198,0.000,2.2,0.9
1.05,6,cattle,151.840,5.400,-1.6305,0.000,2.2,0.9
1.05,7,cattle,156.036,5.700,-1.6507,0.000,2.2,0.9
1.05,8,cattle,158.234,5.400,-1.6995,0.000,2.2,0.9
1.15,1,cattle,70.100,5.210,-0.7458,0.120,2.2,0.9
1.15,2,car,18.839,2.480,0.0505,11.871,4.2,1.8
1.15,3,truck,250.776,-2.012,3.1716,9.990,9.0,2.5
1.15,4,cattle,146.128,5.400,-1.6306,0.000,2.2,0.9
1.15,5,cattle,149.722,5.700,-1.6198,0.000,2.2,0.9
1.15,6,cattle,151.840,5.400,-1.6305,0.000,2.2,0.9
1.15,7,cattle,156.036,5.700,-1.6507,0.000,2.2,0.9
1.15,8,cattle,158.234,5.400,-1.6995,0.000,2.2,0.9
1.25,1,cattle,70.107,5.200,-1.1757,0.120,2.2,0.9
1.25,2,car,20.028,2.540,0.0504,11.906,4.2,1.8
1.25,3,truck,249.777,-2.049,3.1652,9.990,9.0,2.5
1.25,4,cattle,146.128,5.400,-1.6306,0.000,2.2,0.9
1.25,5,cattle,149.722,5.700,-1.6198,0.000,2.2,0.9
1.25,6,cattle,151.840,5.400,-1.6305,0.000,2.2,0.9
1.25,7,cattle,156.036,5.700,-1.6507,0.000,2.2,0.9
1.25,8,cattle,158.234,5.400,-1.6995,0.000,2.2,0.9
1.35,1,cattle,70.110,5.189,-1.1422,0.120,2.2,0.9
1.35,2,car,21.220,2.600,0.0502,11.939,4.2,1.8
1.35,3,truck,248.778,-2.095,3.1716,9.990,9.0,2.5
1.35,4,cattle,146.128,5.400,-1.6306,0.000,2.2,0.9
1.35,5,cattle,149.722,5.700,-1.6198,0.000,2.2,0.9
1.35,6,cattle,151.840,5.400,-1.6305,0.000,2.2,0.9
1.35,7,cattle,156.036,5.700,-1.6507,0.000,2.2,0.9
1.35,8,cattle,158.234,5.400,-1.6995,0.000,2.2,0.9
1.45,1,cattle,70.111,5.177,-1.8400,0.120,2.2,0.9
1.45,2,car,22.416,2.660,0.0501,11.966,4.2,1.8
1.45,3,truck,247.779,-2.084,3.1116,9.990,9.0,2.5
1.45,4,cattle,146.128,5.400,-1.6306,0.000,2.2,0.9
1.45,5,cattle,149.722,5.700,-1.6198,0.000,2.2,0.9
1.45,6,cattle,151.840,5.400,-1.6305,0.000,2.2,0.9
1.45,7,cattle,156.036,5.700,-1.6507,0.000,2.2,0.9
1.45,8,cattle,158.234,5.400,-1.6995,0.000,2.2,0.9
1.55,1,cattle,70.105,5.167,-1.9090,0.120,2.2,0.9
1.55,2,car,23.613,2.720,0.0500,11.988,4.2,1.8
1.55,3,truck,246.780,-2.113,3.1716,9.990,9.0,2.5
1.55,4,cattle,146.128,5.400,-1.6306,0.000,2.2,0.9
1.55,5,cattle,149.722,5.700,-1.6198,0.000,2.2,0.9
1.55,6,cattle,151.840,5.400,-1.6305,0.000,2.2,0.9
1.55,7,cattle,156.036,5.700,-1.6507,0.000,2.2,0.9
1.55,8,cattle,158.234,5.400,-1.6995,0.000,2.2,0.9
1.65,1,cattle,70.100,5.156,-2.1371,0.120,2.2,0.9
1.65,2,car,24.813,2.780,0.0499,12.003,4.2,1.8
1.65,3,truck,245.781,-2.173,3.1716,9.990,9.0,2.5
1.65,4,cattle,146.128,5.400,-1.6306,0.000,2.2,0.9
1.65,5,cattle,149.722,5.700,-1.6198,0.000,2.2,0.9
1.65,6,cattle,151.840,5.400,-1.6305,0.000,2.2,0.9
1.65,7,cattle,156.036,5.700,-1.6507,0.000,2.2,0.9
1.65,8,cattle,158.234,5.400,-1.6995,0.000,2.2,0.9
1.75,1,cattle,70.105,5.145,-1.0981,0.120,2.2,0.9
1.75,2,car,26.014,2.840,0.0499,12.011,4.2,1.8
1.75,3,truck,244.782,-2.229,3.1716,9.990,9.0,2.5
1.75,4,cattle,146.128,5.400,-1.6306,0.000,2.2,0.9
1.75,5,cattle,149.722,5.700,-1.6198,0.000,2.2,0.9
1.75,6,cattle,151.840,5.400,-1.6305,0.000,2.2,0.9
1.75,7,cattle,156.036,5.700,-1.6507,0.000,2.2,0.9
1.75,8,cattle,158.234,5.400,-1.6995,0.000,2.2,0.9
1.85,1,cattle,70.109,5.134,-1.2508,0.120,2.2,0.9
1.85,2,car,27.216,2.900,0.0498,12.045,4.2,1.8
1.85,3,truck,243.783,-2.248,3.1624,9.990,9.0,2.5
1.85,4,cattle,146.128,5.400,-1.6306,0.000,2.2,0.9
1.85,5,cattle,149.722,5.700,-1.6198,0.000,2.2,0.9
1.85,6,cattle,151.840,5.400,-1.6305,0.000,2.2,0.9
1.85,7,cattle,156.036,5.700,-1.6507,0.000,2.2,0.9
1.85,8,cattle,158.234,5.400,-1.6995,0.000,2.2,0.9
1.95,1,cattle,70.116,5.124,-0.8313,0.120,2.2,0.9
1.95,2,car,28.424,2.885,-0.0495,12.113,4.2,1.8
1.95,3,truck,242.784,-2.238,3.1116,9.990,9.0,2.5
1.95,4,cattle,146.128,5.400,-1.6306,0.000,2.2,0.9
1.95,5,cattle,149.722,5.700,-1.6198,0.000,2.2,0.9
1.95,6,cattle,151.840,5.400,-1.6305,0.000,2.2,0.9
1.95,7,cattle,156.036,5.700,-1.6507,0.000,2.2,0.9
1.95,8,cattle,158.234,5.400,-1.6995,0.000,2.2,0.9
2.05,1,cattle,70.119,5.112,-1.4498,0.120,2.2,0.9
2.05,2,car,29.638,2.825,-0.0492,12.178,4.2,1.8
2.05,3,truck,241.785,-2.215,3.1256,9.990,9.0,2.5
2.05,4,cattle,146.128,5.400,-1.6306,0.000,2.2,0.9
2.05,5,cattle,149.722,5.700,-1.6198,0.000,2.2,0.9
2.05,6,cattle,151.840,5.400,-1.6305,0.000,2.2,0.9
2.05,7,cattle,156.036,5.700,-1.6507,0.000,2.2,0.9
2.05,8,cattle,158.234,5.400,-1.6995,0.000,2.2,0.9
2.15,1,cattle,70.121,5.101,-1.5271,0.120,2.2,0.9
2.15,2,car,30.859,2.765,-0.0490,12.242,4.2,1.8
2.15,3,truck,240.786,-2.200,3.1172,9.990,9.0,2.5
2.15,4,cattle,146.128,5.400,-1.6306,0.000,2.2,0.9
2.15,5,cattle,149.722,5.700,-1.6198,0.000,2.2,0.9
2.15,6,cattle,151.840,5.400,-1.6305,0.000,2.2,0.9
2.15,7,cattle,156.036,5.700,-1.6507,0.000,2.2,0.9
2.15,8,cattle,158.234,5.400,-1.6995,0.000,2.2,0.9
2.25,1,cattle,70.119,5.089,-1.9944,0.120,2.2,0.9
2.25,2,car,32.087,2.705,-0.0487,12.304,4.2,1.8
2.25,3,truck,239.787,-2.140,3.1116,9.990,9.0,2.5
2.25,4,cattle,146.128,5.400,-1.6306,0.000,2.2,0.9
2.25,5,cattle,149.722,5.700,-1.6198,0.000,2.2,0.9
2.25,6,cattle,151.840,5.400,-1.6305,0.000,2.2,0.9
2.25,7,cattle,156.036,5.700,-1.6507,0.000,2.2,0.9
2.25,8,cattle,158.234,5.400,-1.6995,0.000,2.2,0.9
2.35,1,cattle,70.114,5.079,-1.9219,0.120,2.2,0.9
2.35,2,car,33.320,2.645,-0.0485,12.364,4.2,1.8
2.35,3,truck,238.788,-2.108,3.1375,9.990,9.0,2.5
2.35,4,cattle,146.128,5.400,-1.6306,0.000,2.2,0.9
2.35,5,cattle,149.722,5.700,-1.6198,0.000,2.2,0.9
2.35,6,cattle,151.840,5.400,-1.6305,0.000,2.2,0.9
2.35,7,cattle,156.036,5.700,-1.6507,0.000,2.2,0.9
2.35,8,cattle,158.234,5.400,-1.6995,0.000,2.2,0.9
2.45,1,cattle,70.110,5.067,-1.8614,0.120,2.2,0.9
2.45,2,car,34.559,2.642,0.0438,12.422,4.2,1.8
2.45,3,truck,237.789,-2.154,3.1716,9.990,9.0,2.5
2.45,4,cattle,146.128,5.400,-1.6306,0.000,2.2,0.9
2.45,5,cattle,149.722,5.700,-1.6198,0.000,2.2,0.9
2.45,6,cattle,151.840,5.400,-1.6305,0.000,2.2,0.9
2.45,7,cattle,156.036,5.700,-1.6507,0.000,2.2,0.9
2.45,8,cattle,158.234,5.400,-1.6995,0.000,2.2,0.9
2.55,1,cattle,70.110,5.067,-1.8614,0.000,2.2,0.9
2.55,2,car,35.804,2.633,-0.0277,12.479,4.2,1.8
2.55,3,truck,236.790,-2.161,3.1716,9.990,9.0,2.5
2.55,4,cattle,146.128,5.400,-1.6306,0.000,2.2,0.9
2.55,5,cattle,149.722,5.700,-1.6198,0.000,2.2,0.9
2.55,6,cattle,151.840,5.400,-1.6305,0.000,2.2,0.9
2.55,7,cattle,156.036,5.700,-1.6507,0.000,2.2,0.9
2.55,8,cattle,158.234,5.400,-1.6995,0.000,2.2,0.9
2.65,1,cattle,70.110,5.067,-1.8614,0.000,2.2,0.9
2.65,2,car,37.055,2.580,-0.0356,12.534,4.2,1.8
2.65,3,truck,235.791,-2.129,3.1116,9.990,9.0,2.5
2.65,4,cattle,146.128,5.400,-1.6306,0.000,2.2,0.9
2.65,5,cattle,149.722,5.700,-1.6198,0.000,2.2,0.9
2.65,6,cattle,151.840,5.400,-1.6305,0.000,2.2,0.9
2.65,7,cattle,156.036,5.700,-1.6507,0.000,2.2,0.9
2.65,8,cattle,158.234,5.400,-1.6995,0.000,2.2,0.9
2.75,1,cattle,70.110,5.067,-1.8614,0.000,2.2,0.9
2.75,2,car,38.311,2.520,-0.0476,12.587,4.2,1.8
2.75,3,truck,234.792,-2.156,3.1654,9.990,9.0,2.5
2.75,4,cattle,146.128,5.400,-1.6306,0.000,2.2,0.9
2.75,5,cattle,149.722,5.700,-1.6198,0.000,2.2,0.9
2.75,6,cattle,151.840,5.400,-1.6305,0.000,2.2,0.9
2.75,7,cattle,156.036,5.700,-1.6507,0.000,2.2,0.9
2.75,8,cattle,158.234,5.400,-1.6995,0.000,2.2,0.9
2.85,1,cattle,70.110,5.067,-1.8614,0.000,2.2,0.9
2.85,2,car,39.572,2.530,0.0326,12.639,4.2,1.8
2.85,3,truck,233.793,-2.096,3.1116,9.990,9.0,2.5
2.85,4,cattle,146.128,5.400,-1.6306,0.000,2.2,0.9
2.85,5,cattle,149.722,5.700,-1.6198,0.000,2.2,0.9
2.85,6,cattle,151.840,5.400,-1.6305,0.000,2.2,0.9
2.85,7,cattle,156.036,5.700,-1.6507,0.000,2.2,0.9
2.85,8,cattle,158.234,5.400,-1.6995,0.000,2.2,0.9
2.95,1,cattle,70.110,5.067,-1.8614,0.000,2.2,0.9
2.95,2,car,40.839,2.543,-0.0258,12.688,4.2,1.8
2.95,3,truck,232.794,-2.082,3.1340,9.990,9.0,2.5
2.95,4,cattle,146.128,5.400,-1.6306,0.000,2.2,0.9
2.95,5,cattle,149.722,5.700,-1.6198,0.000,2.2,0.9
2.95,6,cattle,151.840,5.400,-1.6305,0.000,2.2,0.9
2.95,7,cattle,156.036,5.700,-1.6507,0.000,2.2,0.9
2.95,8,cattle,158.234,5.400,-1.6995,0.000,2.2,0.9
3.05,1,cattle,70.110,5.067,-1.8614,0.000,2.2,0.9
3.05,2,car,42.110,2.586,0.0198,12.737,4.2,1.8
3.05,3,truck,231.795,-2.073,3.1116,9.990,9.0,2.5
3.05,4,cattle,146.128,5.400,-1.6306,0.000,2.2,0.9
3.05,5,cattle,149.722,5.700,-1.6198,0.000,2.2,0.9
3.05,6,cattle,151.840,5.400,-1.6305,0.000,2.2,0.9
3.05,7,cattle,156.036,5.700,-1.6507,0.000,2.2,0.9
3.05,8,cattle,158.234,5.400,-1.6995,0.000,2.2,0.9
3.15,1,cattle,70.110,5.067,-1.8614,0.000,2.2,0.9
3.15,2,car,43.358,2.601,0.0240,12.416,4.2,1.8
3.15,3,truck,230.795,-2.085,3.1671,9.990,9.0,2.5
3.15,4,cattle,146.128,5.400,-1.6306,0.000,2.2,0.9
3.15,5,cattle,149.722,5.700,-1.6198,0.000,2.2,0.9
3.15,6,cattle,151.840,5.400,-1.6305,0.000,2.2,0.9
3.15,7,cattle,156.036,5.700,-1.6507,0.000,2.2,0.9
3.15,8,cattle,158.234,5.400,-1.6995,0.000,2.2,0.9
3.25,1,cattle,70.110,5.067,-1.8614,0.000,2.2,0.9
3.25,2,car,44.574,2.590,-0.0174,12.100,4.2,1.8
3.25,3,truck,229.796,-2.060,3.1503,9.990,9.0,2.5
3.25,4,cattle,146.128,5.400,-1.6306,0.000,2.2,0.9
3.25,5,cattle,149.722,5.700,-1.6198,0.000,2.2,0.9
3.25,6,cattle,151.840,5.400,-1.6305,0.000,2.2,0.9
3.25,7,cattle,156.036,5.700,-1.6507,0.000,2.2,0.9
3.25,8,cattle,158.234,5.400,-1.6995,0.000,2.2,0.9
3.35,1,cattle,70.110,5.067,-1.8614,0.000,2.2,0.9
3.35,2,car,45.788,2.585,0.0113,12.165,4.2,1.8
3.35,3,truck,228.797,-2.028,3.1366,9.990,9.0,2.5
3.35,4,cattle,146.128,5.400,-1.6306,0.000,2.2,0.9
3.35,5,cattle,149.722,5.700,-1.6198,0.000,2.2,0.9
3.35,6,cattle,151.840,5.400,-1.6305,0.000,2.2,0.9
3.35,7,cattle,156.036,5.700,-1.6507,0.000,2.2,0.9
3.35,8,cattle,158.234,5.400,-1.6995,0.000,2.2,0.9
3.45,1,cattle,70.110,5.067,-1.8614,0.000,2.2,0.9
3.45,2,car,46.969,2.585,0.0000,11.465,4.2,1.8
3.45,3,truck,227.798,-2.059,3.1438,9.990,9.0,2.5
3.45,4,cattle,146.128,5.400,-1.6306,0.000,2.2,0.9
3.45,5,cattle,149.722,5.700,-1.6198,0.000,2.2,0.9
3.45,6,cattle,151.840,5.400,-1.6305,0.000,2.2,0.9
3.45,7,cattle,156.036,5.700,-1.6507,0.000,2.2,0.9
3.45,8,cattle,158.234,5.400,-1.6995,0.000,2.2,0.9
3.55,1,cattle,70.110,5.067,-1.8614,0.000,2.2,0.9
3.55,2,car,48.091,2.555,-0.0537,11.161,4.2,1.8
3.55,3,truck,226.799,-2.037,3.1511,9.990,9.0,2.5
3.55,4,cattle,146.128,5.400,-1.6306,0.000,2.2,0.9
3.55,5,cattle,149.722,5.700,-1.6198,0.000,2.2,0.9
3.55,6,cattle,151.840,5.400,-1.6305,0.000,2.2,0.9
3.55,7,cattle,156.036,5.700,-1.6507,0.000,2.2,0.9
3.55,8,cattle,158.234,5.400,-1.6995,0.000,2.2,0.9
3.65,1,cattle,70.110,5.067,-1.8614,0.000,2.2,0.9
3.65,2,car,49.211,2.549,0.0091,11.250,4.2,1.8
3.65,3,truck,225.800,-2.093,3.1716,9.990,9.0,2.5
3.65,4,cattle,146.128,5.400,-1.6306,0.000,2.2,0.9
3.65,5,cattle,149.722,5.700,-1.6198,0.000,2.2,0.9
3.65,6,cattle,151.840,5.400,-1.6305,0.000,2.2,0.9
3.65,7,cattle,156.036,5.700,-1.6507,0.000,2.2,0.9
3.65,8,cattle,158.234,5.400,-1.6995,0.000,2.2,0.9
3.75,1,cattle,70.110,5.067,-1.8614,0.000,2.2,0.9
3.75,2,car,50.340,2.600,0.0529,11.337,4.2,1.8
3.75,3,truck,224.801,-2.092,3.1123,9.990,9.0,2.5
3.75,4,cattle,146.128,5.400,-1.6306,0.000,2.2,0.9
3.75,5,cattle,149.722,5.700,-1.6198,0.000,2.2,0.9
3.75,6,cattle,151.840,5.400,-1.6305,0.000,2.2,0.9
3.75,7,cattle,156.036,5.700,-1.6507,0.000,2.2,0.9
3.75,8,cattle,158.234,5.400,-1.6995,0.000,2.2,0.9
3.85,1,cattle,70.110,5.067,-1.8614,0.000,2.2,0.9
3.85,2,car,51.478,2.613,0.0151,11.422,4.2,1.8
3.85,3,truck,223.802,-2.078,3.1532,9.990,9.0,2.5
3.85,4,cattle,146.128,5.400,-1.6306,0.000,2.2,0.9
3.85,5,cattle,149.722,5.700,-1.6198,0.000,2.2,0.9
3.85,6,cattle,151.840,5.400,-1.6305,0.000,2.2,0.9
3.85,7,cattle,156.036,5.700,-1.6507,0.000,2.2,0.9
3.85,8,cattle,158.234,5.400,-1.6995,0.000,2.2,0.9
3.95,1,cattle,70.110,5.067,-1.8614,0.000,2.2,0.9
3.95,2,car,52.625,2.635,0.0470,11.505,4.2,1.8
3.95,3,truck,222.803,-2.118,3.1716,9.990,9.0,2.5
3.95,4,cattle,146.128,5.400,-1.6306,0.000,2.2,0.9
3.95,5,cattle,149.722,5.700,-1.6198,0.000,2.2,0.9
3.95,6,cattle,151.840,5.400,-1.6305,0.000,2.2,0.9
3.95,7,cattle,156.036,5.700,-1.6507,0.000,2.2,0.9
3.95,8,cattle,158.234,5.400,-1.6995,0.000,2.2,0.9
4.05,1,cattle,70.110,5.067,-1.8614,0.000,2.2,0.9
4.05,2,car,53.779,2.688,0.0517,11.586,4.2,1.8
4.05,3,truck,221.804,-2.106,3.1526,9.990,9.0,2.5
4.05,4,cattle,146.128,5.400,-1.6306,0.000,2.2,0.9
4.05,5,cattle,149.722,5.700,-1.6198,0.000,2.2,0.9
4.05,6,cattle,151.840,5.400,-1.6305,0.000,2.2,0.9
4.05,7,cattle,156.036,5.700,-1.6507,0.000,2.2,0.9
4.05,8,cattle,158.234,5.400,-1.6995,0.000,2.2,0.9
4.15,1,cattle,70.110,5.067,-1.8614,0.000,2.2,0.9
4.15,2,car,54.932,2.690,0.0000,11.276,4.2,1.8
4.15,3,truck,220.805,-2.063,3.1116,9.990,9.0,2.5
4.15,4,cattle,146.128,5.400,-1.6306,0.000,2.2,0.9
4.15,5,cattle,149.722,5.700,-1.6198,0.000,2.2,0.9
4.15,6,cattle,151.840,5.400,-1.6305,0.000,2.2,0.9
4.15,7,cattle,156.036,5.700,-1.6507,0.000,2.2,0.9
4.15,8,cattle,158.234,5.400,-1.6995,0.000,2.2,0.9
4.25,1,cattle,70.110,5.067,-1.8614,0.000,2.2,0.9
4.25,2,car,56.064,2.719,0.0336,11.362,4.2,1.8
4.25,3,truck,219.806,-2.078,3.1716,9.990,9.0,2.5
4.25,4,cattle,146.128,5.400,-1.6306,0.000,2.2,0.9
4.25,5,cattle,149.722,5.700,-1.6198,0.000,2.2,0.9
4.25,6,cattle,151.840,5.400,-1.6305,0.000,2.2,0.9
4.25,7,cattle,156.036,5.700,-1.6507,0.000,2.2,0.9
4.25,8,cattle,158.234,5.400,-1.6995,0.000,2.2,0.9
4.35,1,cattle,70.110,5.067,-1.8614,0.000,2.2,0.9
4.35,2,car,57.165,2.719,0.0000,10.662,4.2,1.8
4.35,3,truck,218.807,-2.098,3.1368,9.990,9.0,2.5
4.35,4,cattle,146.128,5.400,-1.6306,0.000,2.2,0.9
4.35,5,cattle,149.722,5.700,-1.6198,0.000,2.2,0.9
4.35,6,cattle,151.840,5.400,-1.6305,0.000,2.2,0.9
4.35,7,cattle,156.036,5.700,-1.6507,0.000,2.2,0.9
4.35,8,cattle,158.234,5.400,-1.6995,0.000,2.2,0.9
4.45,1,cattle,70.110,5.067,-1.8614,0.000,2.2,0.9
4.45,2,car,58.230,2.751,0.0523,10.646,4.2,1.8
4.45,3,truck,217.808,-2.092,3.1116,9.990,9.0,2.5
4.45,4,cattle,146.128,5.400,-1.6306,0.000,2.2,0.9
4.45,5,cattle,149.722,5.700,-1.6198,0.000,2.2,0.9
4.45,6,cattle,151.840,5.400,-1.6305,0.000,2.2,0.9
4.45,7,cattle,156.036,5.700,-1.6507,0.000,2.2,0.9
4.45,8,cattle,158.234,5.400,-1.6995,0.000,2.2,0.9
4.55,1,cattle,70.110,5.067,-1.8614,0.000,2.2,0.9
4.55,2,car,59.295,2.783,0.0527,10.643,4.2,1.8
4.55,3,truck,216.809,-2.086,3.1322,9.990,9.0,2.5
4.55,4,cattle,146.128,5.400,-1.6306,0.000,2.2,0.9
4.55,5,cattle,149.722,5.700,-1.6198,0.000,2.2,0.9
4.55,6,cattle,151.840,5.400,-1.6305,0.000,2.2,0.9
4.55,7,cattle,156.036,5.700,-1.6507,0.000,2.2,0.9
4.55,8,cattle,158.234,5.400,-1.6995,0.000,2.2,0.9
4.65,1,cattle,70.110,5.067,-1.8614,0.000,2.2,0.9
4.65,2,car,60.359,2.822,0.0232,10.651,4.2,1.8
4.65,3,truck,215.810,-2.087,3.1646,9.990,9.0,2.5
4.65,4,cattle,146.128,5.400,-1.6306,0.000,2.2,0.9
4.65,5,cattle,149.722,5.700,-1.6198,0.000,2.2,0.9
4.65,6,cattle,151.840,5.400,-1.6305,0.000,2.2,0.9
4.65,7,cattle,156.036,5.700,-1.6507,0.000,2.2,0.9
4.65,8,cattle,158.234,5.400,-1.6995,0.000,2.2,0.9
4.75,1,cattle,70.110,5.067,-1.8614,0.000,2.2,0.9
4.75,2,car,61.425,2.882,0.0562,10.669,4.2,1.8
4.75,3,truck,214.811,-2.106,3.1697,9.990,9.0,2.5
4.75,4,cattle,146.128,5.400,-1.6306,0.000,2.2,0.9
4.75,5,cattle,149.722,5.700,-1.6198,0.000,2.2,0.9
4.75,6,cattle,151.840,5.400,-1.6305,0.000,2.2,0.9
4.75,7,cattle,156.036,5.700,-1.6507,0.000,2.2,0.9
4.75,8,cattle,158.228,5.354,-1.6995,0.931,2.2,0.9
4.85,1,cattle,70.110,5.067,-1.8614,0.000,2.2,0.9
4.85,2,car,62.494,2.871,-0.0431,10.696,4.2,1.8
4.85,3,truck,213.812,-2.133,3.1426,9.990,9.0,2.5
4.85,4,cattle,146.128,5.400,-1.6306,0.000,2.2,0.9
4.85,5,cattle,149.722,5.700,-1.6198,0.000,2.2,0.9
4.85,6,cattle,151.835,5.307,-1.6305,0.935,2.2,0.9
4.85,7,cattle,156.033,5.662,-1.6507,0.768,2.2,0.9
4.85,8,cattle,158.216,5.262,-1.6995,0.931,2.2,0.9
4.95,1,cattle,70.110,5.067,-1.8614,0.000,2.2,0.9
4.95,2,car,63.565,2.919,0.0432,10.730,4.2,1.8
4.95,3,truck,212.813,-2.093,3.1116,9.990,9.0,2.5
4.95,4,cattle,146.123,5.309,-1.6306,0.908,2.2,0.9
4.95,5,cattle,149.718,5.624,-1.6198,0.765,2.2,0.9
4.95,6,cattle,151.829,5.213,-1.6305,0.935,2.2,0.9
4.95,7,cattle,156.027,5.585,-1.6507,0.768,2.2,0.9
4.95,8,cattle,158.204,5.169,-1.6995,0.931,2.2,0.9
5.05,1,cattle,70.110,5.067,-1.8614,0.000,2.2,0.9
5.05,2,car,64.640,2.927,-0.0193,10.772,4.2,1.8
5.05,3,truck,211.814,-2.082,3.1176,9.990,9.0,2.5
5.05,4,cattle,146.117,5.219,-1.6306,0.908,2.2,0.9
5.05,5,cattle,149.715,5.547,-1.6198,0.765,2.2,0.9
5.05,6,cattle,151.824,5.120,-1.6305,0.935,2.2,0.9
5.05,7,cattle,156.020,5.509,-1.6507,0.768,2.2,0.9
5.05,8,cattle,158.192,5.077,-1.6995,0.931,2.2,0.9
5.15,1,cattle,70.110,5.067,-1.8614,0.000,2.2,0.9
5.15,2,car,65.719,2.946,0.0181,10.819,4.2,1.8
5.15,3,truck,210.815,-2.035,3.1116,9.990,9.0,2.5
5.15,4,cattle,146.112,5.128,-1.6306,0.908,2.2,0.9
5.15,5,cattle,149.711,5.471,-1.6198,0.765,2.2,0.9
5.15,6,cattle,151.818,5.027,-1.6305,0.935,2.2,0.9
5.15,7,cattle,156.014,5.432,-1.6507,0.768,2.2,0.9
5.15,8,cattle,158.180,4.985,-1.6995,0.931,2.2,0.9
5.25,1,cattle,70.110,5.067,-1.8614,0.000,2.2,0.9
5.25,2,car,66.804,2.966,-0.0047,10.872,4.2,1.8
5.25,3,truck,209.816,-1.984,3.1116,9.990,9.0,2.5
5.25,4,cattle,146.106,5.038,-1.6306,0.908,2.2,0.9
5.25,5,cattle,149.707,5.394,-1.6198,0.765,2.2,0.9
5.25,6,cattle,151.812,4.933,-1.6305,0.935,2.2,0.9
5.25,7,cattle,156.008,5.356,-1.6507,0.768,2.2,0.9
5.25,8,cattle,158.168,4.892,-1.6995,0.931,2.2,0.9
5.35,1,cattle,70.110,5.067,-1.8614,0.000,2.2,0.9
5.35,2,car,67.894,2.991,0.0548,10.929,4.2,1.8
5.35,3,truck,208.817,-1.973,3.1551,9.990,9.0,2.5
5.35,4,cattle,146.101,4.947,-1.6306,0.908,2.2,0.9
5.35,5,cattle,149.703,5.318,-1.6198,0.765,2.2,0.9
5.35,6,cattle,151.807,4.840,-1.6305,0.935,2.2,0.9
5.35,7,cattle,156.002,5.279,-1.6507,0.768,2.2,0.9
5.35,8,cattle,158.156,4.800,-1.6995,0.931,2.2,0.9
5.45,1,cattle,70.110,5.067,-1.8614,0.000,2.2,0.9
5.45,2,car,68.990,3.009,0.0319,10.990,4.2,1.8
5.45,3,truck,207.818,-1.955,3.1440,9.990,9.0,2.5
5.45,4,cattle,146.095,4.856,-1.6306,0.908,2.2,0.9
5.45,5,cattle,149.700,5.241,-1.6198,0.765,2.2,0.9
5.45,6,cattle,151.801,4.747,-1.6305,0.935,2.2,0.9
5.45,7,cattle,155.996,5.202,-1.6507,0.768,2.2,0.9
5.45,8,cattle,158.144,4.708,-1.6995,0.931,2.2,0.9
5.55,1,cattle,70.110,5.067,-1.8614,0.000,2.2,0.9
5.55,2,car,70.092,3.000,0.0097,11.053,4.2,1.8
5.55,3,truck,206.819,-1.960,3.1374,9.990,9.0,2.5
5.55,4,cattle,146.090,4.766,-1.6306,0.908,2.2,0.9
5.55,5,cattle,149.696,5.165,-1.6198,0.765,2.2,0.9
5.55,6,cattle,151.796,4.653,-1.6305,0.935,2.2,0.9
5.55,7,cattle,155.990,5.126,-1.6507,0.768,2.2,0.9
5.55,8,cattle,158.132,4.615,-1.6995,0.931,2.2,0.9
5.65,1,cattle,70.110,5.067,-1.8614,0.000,2.2,0.9
5.65,2,car,71.201,2.972,-0.0361,11.117,4.2,1.8
5.65,3,truck,205.820,-1.933,3.1116,9.990,9.0,2.5
5.65,4,cattle,146.085,4.675,-1.6306,0.908,2.2,0.9
5.65,5,cattle,149.692,5.088,-1.6198,0.765,2.2,0.9
5.65,6,cattle,151.790,4.560,-1.6305,0.935,2.2,0.9
5.65,7,cattle,155.984,5.049,-1.6507,0.768,2.2,0.9
5.65,8,cattle,158.121,4.523,-1.6995,0.931,2.2,0.9
5.75,1,cattle,70.110,5.067,-1.8614,0.000,2.2,0.9
5.75,2,car,72.315,2.952,-0.0246,11.180,4.2,1.8
5.75,3,truck,204.821,-1.924,3.1176,9.990,9.0,2.5
5.75,4,cattle,146.079,4.584,-1.6306,0.908,2.2,0.9
5.75,5,cattle,149.688,5.012,-1.6198,0.765,2.2,0.9
5.75,6,cattle,151.784,4.467,-1.6305,0.935,2.2,0.9
5.75,7,cattle,155.978,4.973,-1.6507,0.768,2.2,0.9
5.75,8,cattle,158.109,4.431,-1.6995,0.931,2.2,0.9
5.85,1,cattle,70.110,5.067,-1.8614,0.000,2.2,0.9
5.85,2,car,73.436,2.973,-0.0152,11.241,4.2,1.8
5.85,3,truck,203.822,-1.947,3.1602,9.990,9.0,2.5
5.85,4,cattle,146.074,4.494,-1.6306,0.908,2.2,0.9
5.85,5,cattle,149.685,4.935,-1.6198,0.765,2.2,0.9
5.85,6,cattle,151.779,4.373,-1.6305,0.935,2.2,0.9
5.85,7,cattle,155.971,4.896,-1.6507,0.768,2.2,0.9
5.85,8,cattle,158.097,4.339,-1.6995,0.931,2.2,0.9
5.95,1,cattle,70.110,5.067,-1.8614,0.000,2.2,0.9
5.95,2,car,74.563,3.007,0.0087,11.298,4.2,1.8
5.95,3,truck,202.823,-1.887,3.1116,9.990,9.0,2.5
5.95,4,cattle,146.068,4.403,-1.6306,0.908,2.2,0.9
5.95,5,cattle,149.681,4.859,-1.6198,0.765,2.2,0.9
5.95,6,cattle,151.773,4.280,-1.6305,0.935,2.2,0.9
5.95,7,cattle,155.965,4.820,-1.6507,0.768,2.2,0.9
5.95,8,cattle,158.085,4.246,-1.6995,0.931,2.2,0.9
6.05,1,cattle,70.110,5.067,-1.8614,0.000,2.2,0.9
6.05,2,car,75.696,2.985,0.0080,11.354,4.2,1.8
6.05,3,truck,201.824,-1.864,3.1557,9.990,9.0,2.5
6.05,4,cattle,146.063,4.313,-1.6306,0.908,2.2,0.9
6.05,5,cattle,149.677,4.783,-1.6198,0.765,2.2,0.9
6.05,6,cattle,151.768,4.186,-1.6305,0.935,2.2,0.9
6.05,7,cattle,155.959,4.743,-1.6507,0.768,2.2,0.9
6.05,8,cattle,158.073,4.154,-1.6995,0.931,2.2,0.9
6.15,1,cattle,70.105,5.057,-2.2521,0.120,2.2,0.9
6.15,2,car,76.834,2.944,-0.0349,11.408,4.2,1.8
6.15,3,truck,200.825,-1.838,3.1116,9.990,9.0,2.5
6.15,4,cattle,146.057,4.222,-1.6306,0.908,2.2,0.9
6.15,5,cattle,149.673,4.706,-1.6198,0.765,2.2,0.9
6.15,6,cattle,151.762,4.093,-1.6305,0.935,2.2,0.9
6.15,7,cattle,155.953,4.667,-1.6507,0.768,2.2,0.9
6.15,8,cattle,158.061,4.062,-1.6995,0.931,2.2,0.9
6.25,1,cattle,70.098,5.047,-2.2049,0.120,2.2,0.9
6.25,2,car,77.978,2.950,0.0330,11.459,4.2,1.8
6.25,3,truck,199.826,-1.854,3.1287,9.990,9.0,2.5
6.25,4,cattle,146.052,4.131,-1.6306,0.908,2.2,0.9
6.25,5,cattle,149.670,4.630,-1.6198,0.765,2.2,0.9
6.25,6,cattle,151.757,4.000,-1.6305,0.935,2.2,0.9
6.25,7,cattle,155.947,4.590,-1.6507,0.768,2.2,0.9
6.25,8,cattle,158.049,3.969,-1.6995,0.931,2.2,0.9
6.35,1,cattle,70.093,5.036,-2.0207,0.120,2.2,0.9
6.35,2,car,79.126,2.949,-0.0186,11.504,4.2,1.8
6.35,3,truck,198.827,-1.829,3.1506,9.990,9.0,2.5
6.35,4,cattle,146.047,4.041,-1.6306,0.908,2.2,0.9
6.35,5,cattle,149.666,4.553,-1.6198,0.765,2.2,0.9
6.35,6,cattle,151.751,3.906,-1.6305,0.935,2.2,0.9
6.35,7,cattle,155.941,4.513,-1.6507,0.768,2.2,0.9
6.35,8,cattle,158.037,3.877,-1.6995,0.931,2.2,0.9
6.45,1,cattle,70.090,5.025,-1.6929,0.120,2.2,0.9
6.45,2,car,80.278,2.983,0.0519,11.543,4.2,1.8
6.45,3,truck,197.828,-1.829,3.1327,9.990,9.0,2.5
6.45,4,cattle,146.041,3.950,-1.6306,0.908,2.2,0.9
6.45,5,cattle,149.662,4.477,-1.6198,0.765,2.2,0.9
6.45,6,cattle,151.745,3.813,-1.6305,0.935,2.2,0.9
6.45,7,cattle,155.935,4.437,-1.6507,0.768,2.2,0.9
6.45,8,cattle,158.025,3.785,-1.6995,0.931,2.2,0.9
6.55,1,cattle,70.089,5.013,-1.8423,0.120,2.2,0.9
6.55,2,car,81.434,2.979,0.0170,11.576,4.2,1.8
6.55,3,truck,196.829,-1.883,3.1716,9.990,9.0,2.5
6.55,4,cattle,146.036,3.859,-1.6306,0.908,2.2,0.9
6.55,5,cattle,149.658,4.400,-1.6198,0.765,2.2,0.9
6.55,6,cattle,151.740,3.720,-1.6305,0.935,2.2,0.9
6.55,7,cattle,155.929,4.360,-1.6507,0.768,2.2,0.9
6.55,8,cattle,158.013,3.692,-1.6995,0.931,2.2,0.9
6.65,1,cattle,70.088,5.001,-1.5604,0.120,2.2,0.9
6.65,2,car,82.593,2.989,-0.0294,11.601,4.2,1.8
6.65,3,truck,195.830,-1.896,3.1716,9.990,9.0,2.5
6.65,4,cattle,146.030,3.769,-1.6306,0.908,2.2,0.9
6.65,5,cattle,149.655,4.324,-1.6198,0.765,2.2,0.9
6.65,6,cattle,151.734,3.626,-1.6305,0.935,2.2,0.9
6.65,7,cattle,155.922,4.284,-1.6507,0.768,2.2,0.9
6.65,8,cattle,158.001,3.600,-1.6995,0.931,2.2,0.9
6.75,1,cattle,70.082,4.991,-2.2280,0.120,2.2,0.9
6.75,2,car,83.754,2.984,0.0117,11.617,4.2,1.8
6.75,3,truck,194.831,-1.889,3.1586,9.990,9.0,2.5
6.75,4,cattle,146.025,3.678,-1.6306,0.908,2.2,0.9
6.75,5,cattle,149.651,4.247,-1.6198,0.765,2.2,0.9
6.75,6,cattle,151.729,3.533,-1.6305,0.935,2.2,0.9
6.75,7,cattle,155.916,4.207,-1.6507,0.768,2.2,0.9
6.75,8,cattle,157.989,3.508,-1.6995,0.931,2.2,0.9
6.85,1,cattle,70.076,4.980,-1.9955,0.120,2.2,0.9
6.85,2,car,84.916,3.022,0.0360,11.625,4.2,1.8
6.85,3,truck,193.832,-1.896,3.1716,9.990,9.0,2.5
6.85,4,cattle,146.020,3.588,-1.6306,0.908,2.2,0.9
6.85,5,cattle,149.647,4.171,-1.6198,0.765,2.2,0.9
6.85,6,cattle,151.723,3.440,-1.6305,0.935,2.2,0.9
6.85,7,cattle,155.910,4.131,-1.6507,0.768,2.2,0.9
6.85,8,cattle,157.977,3.416,-1.6995,0.931,2.2,0.9
6.95,1,cattle,70.069,4.971,-2.0633,0.120,2.2,0.9
6.95,2,car,86.079,2.988,-0.0516,11.622,4.2,1.8
6.95,3,truck,192.833,-1.909,3.1716,9.990,9.0,2.5
6.95,4,cattle,146.014,3.497,-1.6306,0.908,2.2,0.9
6.95,5,cattle,149.643,4.094,-1.6198,0.765,2.2,0.9
6.95,6,cattle,151.717,3.346,-1.6305,0.935,2.2,0.9
6.95,7,cattle,155.904,4.054,-1.6507,0.768,2.2,0.9
6.95,8,cattle,157.965,3.323,-1.6995,0.931,2.2,0.9
7.05,1,cattle,70.063,4.960,-2.1636,0.120,2.2,0.9
7.05,2,car,87.240,3.008,0.0402,11.608,4.2,1.8
7.05,3,truck,191.834,-1.934,3.1660,9.990,9.0,2.5
7.05,4,cattle,146.009,3.406,-1.6306,0.908,2.2,0.9
7.05,5,cattle,149.640,4.018,-1.6198,0.765,2.2,0.9
7.05,6,cattle,151.712,3.253,-1.6305,0.935,2.2,0.9
7.05,7,cattle,155.898,3.978,-1.6507,0.768,2.2,0.9
7.05,8,cattle,157.953,3.231,-1.6995,0.931,2.2,0.9
7.15,1,cattle,70.058,4.949,-1.9938,0.120,2.2,0.9
7.15,2,car,88.400,3.042,0.0070,11.582,4.2,1.8
7.15,3,truck,190.835,-1.898,3.1173,9.990,9.0,2.5
7.15,4,cattle,146.003,3.316,-1.6306,0.908,2.2,0.9
7.15,5,cattle,149.636,3.942,-1.6198,0.765,2.2,0.9
7.15,6,cattle,151.706,3.160,-1.6305,0.935,2.2,0.9
7.15,7,cattle,155.892,3.901,-1.6507,0.768,2.2,0.9
7.15,8,cattle,157.941,3.139,-1.6995,0.931,2.2,0.9
7.25,1,cattle,70.052,4.939,-1.9963,0.120,2.2,0.9
7.25,2,car,89.556,3.062,0.0519,11.543,4.2,1.8
7.25,3,truck,189.836,-1.885,3.1211,9.990,9.0,2.5
7.25,4,cattle,145.998,3.225,-1.6306,0.908,2.2,0.9
7.25,5,cattle,149.632,3.865,-1.6198,0.765,2.2,0.9
7.25,6,cattle,151.701,3.066,-1.6305,0.935,2.2,0.9
7.25,7,cattle,155.886,3.825,-1.6507,0.768,2.2,0.9
7.25,8,cattle,157.929,3.046,-1.6995,0.931,2.2,0.9
7.35,1,cattle,70.056,4.928,-1.3102,0.120,2.2,0.9
7.35,2,car,90.708,3.084,0.0077,11.491,4.2,1.8
7.35,3,truck,188.837,-1.879,3.1622,9.990,9.0,2.5
7.35,4,cattle,145.992,3.134,-1.6306,0.908,2.2,0.9
7.35,5,cattle,149.628,3.789,-1.6198,0.765,2.2,0.9
7.35,6,cattle,151.695,2.973,-1.6305,0.935,2.2,0.9
7.35,7,cattle,155.880,3.748,-1.6507,0.768,2.2,0.9
7.35,8,cattle,157.917,2.954,-1.6995,0.931,2.2,0.9
7.45,1,cattle,70.057,4.916,-1.5366,0.120,2.2,0.9
7.45,2,car,91.854,3.137,0.0448,11.429,4.2,1.8
7.45,3,truck,187.838,-1.861,3.1647,9.990,9.0,2.5
7.45,4,cattle,145.987,3.044,-1.6306,0.908,2.2,0.9
7.45,5,cattle,149.625,3.712,-1.6198,0.765,2.2,0.9
7.45,6,cattle,151.690,2.880,-1.6305,0.935,2.2,0.9
7.45,7,cattle,155.873,3.671,-1.6507,0.768,2.2,0.9
7.45,8,cattle,157.906,2.862,-1.6995,0.931,2.2,0.9
7.55,1,cattle,70.054,4.904,-1.7636,0.120,2.2,0.9
7.55,2,car,92.993,3.103,-0.0151,11.360,4.2,1.8
7.55,3,truck,186.839,-1.860,3.1438,9.990,9.0,2.5
7.55,4,cattle,145.982,2.953,-1.6306,0.908,2.2,0.9
7.55,5,cattle,149.621,3.636,-1.6198,0.765,2.2,0.9
7.55,6,cattle,151.684,2.786,-1.6305,0.935,2.2,0.9
7.55,7,cattle,155.867,3.595,-1.6507,0.768,2.2,0.9
7.55,8,cattle,157.894,2.769,-1.6995,0.931,2.2,0.9
7.65,1,cattle,70.060,4.906,0.4235,0.120,2.2,0.9
7.65,2,car,94.125,3.133,0.0071,11.282,4.2,1.8
7.65,3,truck,185.840,-1.818,3.1166,9.990,9.0,2.5
7.65,4,cattle,145.976,2.863,-1.6306,0.908,2.2,0.9
7.65,5,cattle,149.617,3.559,-1.6198,0.765,2.2,0.9
7.65,6,cattle,151.678,2.693,-1.6305,0.935,2.2,0.9
7.65,7,cattle,155.861,3.518,-1.6507,0.768,2.2,0.9
7.65,8,cattle,157.882,2.677,-1.6995,0.931,2.2,0.9
7.75,1,cattle,70.069,4.913,0.7872,0.120,2.2,0.9
7.75,2,car,95.249,3.144,0.0535,11.194,4.2,1.8
7.75,3,truck,184.841,-1.870,3.1716,9.990,9.0,2.5
7.75,4,cattle,145.971,2.772,-1.6306,0.908,2.2,0.9
7.75,5,cattle,149.613,3.483,-1.6198,0.765,2.2,0.9
7.75,6,cattle,151.673,2.600,-1.6305,0.935,2.2,0.9
7.75,7,cattle,155.855,3.442,-1.6507,0.768,2.2,0.9
7.75,8,cattle,157.870,2.585,-1.6995,0.931,2.2,0.9
7.85,1,cattle,70.079,4.920,0.7051,0.120,2.2,0.9
7.85,2,car,96.364,3.167,-0.0131,11.096,4.2,1.8
7.85,3,truck,183.842,-1.878,3.1116,9.990,9.0,2.5
7.85,4,cattle,145.965,2.681,-1.6306,0.908,2.2,0.9
7.85,5,cattle,149.610,3.406,-1.6198,0.765,2.2,0.9
7.85,6,cattle,151.667,2.506,-1.6305,0.935,2.2,0.9
7.85,7,cattle,155.849,3.365,-1.6507,0.768,2.2,0.9
7.85,8,cattle,157.858,2.492,-1.6995,0.931,2.2,0.9
7.95,1,cattle,70.085,4.931,1.1364,0.120,2.2,0.9
7.95,2,car,97.468,3.143,-0.0546,10.986,4.2,1.8
7.95,3,truck,182.843,-1.870,3.1435,9.990,9.0,2.5
7.95,4,cattle,145.960,2.591,-1.6306,0.908,2.2,0.9
7.95,5,cattle,149.606,3.330,-1.6198,0.765,2.2,0.9
7.95,6,cattle,151.662,2.413,-1.6305,0.935,2.2,0.9
7.95,7,cattle,155.843,3.289,-1.6507,0.768,2.2,0.9
7.95,8,cattle,157.846,2.400,-1.6995,0.931,2.2,0.9
8.05,1,cattle,70.090,4.942,1.2403,0.120,2.2,0.9
8.05,2,car,98.561,3.113,-0.0376,10.864,4.2,1.8
8.05,3,truck,181.844,-1.888,3.1645,9.990,9.0,2.5
8.05,4,cattle,145.954,2.500,-1.6306,0.908,2.2,0.9
8.05,5,cattle,149.602,3.253,-1.6198,0.765,2.2,0.9
8.05,6,cattle,151.656,2.320,-1.6305,0.935,2.2,0.9
8.05,7,cattle,155.837,3.212,-1.6507,0.768,2.2,0.9
8.05,8,cattle,157.834,2.308,-1.6995,0.931,2.2,0.9
8.15,1,cattle,70.093,4.953,1.4328,0.120,2.2,0.9
8.15,2,car,99.640,3.173,0.0559,10.728,4.2,1.8
8.15,3,truck,180.845,-1.919,3.1693,9.990,9.0,2.5
8.15,4,cattle,145.949,2.409,-1.6306,0.908,2.2,0.9
8.15,5,cattle,149.598,3.177,-1.6198,0.765,2.2,0.9
8.15,6,cattle,151.650,2.226,-1.6305,0.935,2.2,0.9
8.15,7,cattle,155.831,3.136,-1.6507,0.768,2.2,0.9
8.15,8,cattle,157.822,2.216,-1.6995,0.931,2.2,0.9
8.25,1,cattle,70.095,4.965,1.5728,0.120,2.2,0.9
8.25,2,car,100.706,3.170,-0.0567,10.577,4.2,1.8
8.25,3,truck,179.846,-1.900,3.1116,9.990,9.0,2.5
8.25,4,cattle,145.944,2.319,-1.6306,0.908,2.2,0.9
8.25,5,cattle,149.595,3.101,-1.6198,0.765,2.2,0.9
8.25,6,cattle,151.645,2.133,-1.6305,0.935,2.2,0.9
8.25,7,cattle,155.824,3.059,-1.6507,0.768,2.2,0.9
8.25,8,cattle,157.810,2.123,-1.6995,0.931,2.2,0.9
8.35,1,cattle,70.096,4.977,1.4191,0.120,2.2,0.9
8.35,2,car,101.755,3.168,0.0294,10.409,4.2,1.8
8.35,3,truck,178.847,-1.861,3.1116,9.990,9.0,2.5
8.35,4,cattle,145.938,2.228,-1.6306,0.908,2.2,0.9
8.35,5,cattle,149.591,3.024,-1.6198,0.765,2.2,0.9
8.35,6,cattle,151.639,2.040,-1.6305,0.935,2.2,0.9
8.35,7,cattle,155.818,2.982,-1.6507,0.768,2.2,0.9
8.35,8,cattle,157.798,2.031,-1.6995,0.931,2.2,0.9
8.45,1,cattle,70.098,4.988,1.1843,0.120,2.2,0.9
8.45,2,car,102.787,3.167,0.0558,10.222,4.2,1.8
8.45,3,truck,177.848,-1.860,3.1716,9.990,9.0,2.5
8.45,4,cattle,145.933,2.138,-1.6306,0.908,2.2,0.9
8.45,5,cattle,149.587,2.948,-1.6198,0.765,2.2,0.9
8.45,6,cattle,151.634,1.946,-1.6305,0.935,2.2,0.9
8.45,7,cattle,155.812,2.906,-1.6507,0.768,2.2,0.9
8.45,8,cattle,157.786,1.939,-1.6995,0.931,2.2,0.9
8.55,1,cattle,70.105,4.998,0.9859,0.120,2.2,0.9
8.55,2,car,103.799,3.156,-0.0306,10.018,4.2,1.8
8.55,3,truck,176.849,-1.863,3.1673,9.990,9.0,2.5
8.55,4,cattle,145.927,2.047,-1.6306,0.908,2.2,0.9
8.55,5,cattle,149.583,2.871,-1.6198,0.765,2.2,0.9
8.55,6,cattle,151.628,1.853,-1.6305,0.935,2.2,0.9
8.55,7,cattle,155.806,2.829,-1.6507,0.768,2.2,0.9
8.55,8,cattle,157.774,1.846,-1.6995,0.931,2.2,0.9
8.65,1,cattle,70.109,5.009,1.3486,0.120,2.2,0.9
8.65,2,car,104.790,3.216,0.0599,9.796,4.2,1.8
8.65,3,truck,175.850,-1.923,3.1716,9.990,9.0,2.5
8.65,4,cattle,145.922,1.956,-1.6306,0.908,2.2,0.9
8.65,5,cattle,149.580,2.795,-1.6198,0.765,2.2,0.9
8.65,6,cattle,151.623,1.759,-1.6305,0.935,2.2,0.9
8.65,7,cattle,155.800,2.753,-1.6507,0.768,2.2,0.9
8.65,8,cattle,157.762,1.754,-1.6995,0.931,2.2,0.9
8.75,1,cattle,70.109,5.021,1.6272,0.120,2.2,0.9
8.75,2,car,105.757,3.176,-0.0627,9.557,4.2,1.8
8.75,3,truck,174.851,-1.960,3.1716,9.990,9.0,2.5
8.75,4,cattle,145.917,1.866,-1.6306,0.908,2.2,0.9
8.75,5,cattle,149.576,2.718,-1.6198,0.765,2.2,0.9
8.75,6,cattle,151.617,1.666,-1.6305,0.935,2.2,0.9
8.75,7,cattle,155.794,2.676,-1.6507,0.768,2.2,0.9
8.75,8,cattle,157.750,1.662,-1.6995,0.931,2.2,0.9
8.85,1,cattle,70.101,5.030,2.4044,0.120,2.2,0.9
8.85,2,car,106.700,3.116,-0.0644,9.300,4.2,1.8
8.85,3,truck,173.852,-2.010,3.1716,9.990,9.0,2.5
8.85,4,cattle,145.911,1.775,-1.6306,0.908,2.2,0.9
8.85,5,cattle,149.572,2.642,-1.6198,0.765,2.2,0.9
8.85,6,cattle,151.611,1.573,-1.6305,0.935,2.2,0.9
8.85,7,cattle,155.788,2.600,-1.6507,0.768,2.2,0.9
8.85,8,cattle,157.738,1.569,-1.6995,0.931,2.2,0.9
8.95,1,cattle,70.094,5.039,2.0002,0.120,2.2,0.9
8.95,2,car,107.617,3.099,0.0298,9.029,4.2,1.8
8.95,3,truck,172.853,-2.028,3.1716,9.990,9.0,2.5
8.95,4,cattle,145.906,1.684,-1.6306,0.908,2.2,0.9
8.95,5,cattle,149.568,2.565,-1.6198,0.765,2.2,0.9
8.95,6,cattle,151.606,1.479,-1.6305,0.935,2.2,0.9
8.95,7,cattle,155.781,2.523,-1.6507,0.768,2.2,0.9
8.95,8,cattle,157.726,1.477,-1.6995,0.931,2.2,0.9
9.05,1,cattle,70.095,5.051,1.2927,0.120,2.2,0.9
9.05,2,car,108.506,3.068,-0.0142,8.744,4.2,1.8
9.05,3,truck,171.854,-2.015,3.1116,9.990,9.0,2.5
9.05,4,cattle,145.900,1.594,-1.6306,0.908,2.2,0.9
9.05,5,cattle,149.565,2.489,-1.6198,0.765,2.2,0.9
9.05,6,cattle,151.600,1.386,-1.6305,0.935,2.2,0.9
9.05,7,cattle,155.775,2.447,-1.6507,0.768,2.2,0.9
9.05,8,cattle,157.714,1.385,-1.6995,0.931,2.2,0.9
9.15,1,cattle,70.098,5.063,1.3213,0.120,2.2,0.9
9.15,2,car,109.365,3.045,-0.0709,8.452,4.2,1.8
9.15,3,truck,170.855,-1.963,3.1116,9.990,9.0,2.5
9.15,4,cattle,145.895,1.503,-1.6306,0.908,2.2,0.9
9.15,5,cattle,149.561,2.412,-1.6198,0.765,2.2,0.9
9.15,6,cattle,151.595,1.293,-1.6305,0.935,2.2,0.9
9.15,7,cattle,155.769,2.370,-1.6507,0.768,2.2,0.9
9.15,8,cattle,157.703,1.293,-1.6995,0.931,2.2,0.9
9.25,1,cattle,70.101,5.074,1.2789,0.120,2.2,0.9
9.25,2,car,110.196,3.018,-0.0734,8.156,4.2,1.8
9.25,3,truck,169.856,-1.941,3.1576,9.990,9.0,2.5
9.25,4,cattle,145.889,1.413,-1.6306,0.908,2.2,0.9
9.25,5,cattle,149.557,2.336,-1.6198,0.765,2.2,0.9
9.25,6,cattle,151.589,1.199,-1.6305,0.935,2.2,0.9
9.25,7,cattle,155.763,2.294,-1.6507,0.768,2.2,0.9
9.25,8,cattle,157.691,1.200,-1.6995,0.931,2.2,0.9
9.35,1,cattle,70.103,5.085,1.8218,0.120,2.2,0.9
9.35,2,car,110.996,3.053,0.0497,7.858,4.2,1.8
9.35,3,truck,168.857,-1.913,3.1456,9.990,9.0,2.5
9.35,4,cattle,145.884,1.322,-1.6306,0.908,2.2,0.9
9.35,5,cattle,149.553,2.260,-1.6198,0.765,2.2,0.9
9.35,6,cattle,151.583,1.106,-1.6305,0.935,2.2,0.9
9.35,7,cattle,155.757,2.217,-1.6507,0.768,2.2,0.9
9.35,8,cattle,157.679,1.108,-1.6995,0.931,2.2,0.9
9.45,1,cattle,70.103,5.097,1.4057,0.120,2.2,0.9
9.45,2,car,111.767,3.056,-0.0347,7.556,4.2,1.8
9.45,3,truck,167.858,-1.877,3.1133,9.990,9.0,2.5
9.45,4,cattle,145.879,1.231,-1.6306,0.908,2.2,0.9
9.45,5,cattle,149.550,2.183,-1.6198,0.765,2.2,0.9
9.45,6,cattle,151.578,1.013,-1.6305,0.935,2.2,0.9
9.45,7,cattle,155.751,2.140,-1.6507,0.768,2.2,0.9
9.45,8,cattle,157.667,1.016,-1.6995,0.931,2.2,0.9
9.55,1,cattle,70.102,5.109,1.7723,0.120,2.2,0.9
9.55,2,car,112.507,3.090,0.0827,7.238,4.2,1.8
9.55,3,truck,166.859,-1.829,3.1116,9.990,9.0,2.5
9.55,4,cattle,145.873,1.141,-1.6306,0.908,2.2,0.9
9.55,5,cattle,149.546,2.107,-1.6198,0.765,2.2,0.9
9.55,6,cattle,151.572,0.919,-1.6305,0.935,2.2,0.9
9.55,7,cattle,155.745,2.064,-1.6507,0.768,2.2,0.9
9.55,8,cattle,157.655,0.923,-1.6995,0.931,2.2,0.9
9.65,1,cattle,70.104,5.120,1.1866,0.120,2.2,0.9
9.65,2,car,113.214,3.074,-0.0868,6.899,4.2,1.8
9.65,3,truck,165.860,-1.830,3.1422,9.990,9.0,2.5
9.65,4,cattle,145.868,1.050,-1.6306,0.908,2.2,0.9
9.65,5,cattle,149.542,2.030,-1.6198,0.765,2.2,0.9
9.65,6,cattle,151.567,0.826,-1.6305,0.935,2.2,0.9
9.65,7,cattle,155.739,1.987,-1.6507,0.768,2.2,0.9
9.65,8,cattle,157.643,0.831,-1.6995,0.931,2.2,0.9
9.75,1,cattle,70.104,5.132,1.5204,0.120,2.2,0.9
9.75,2,car,113.886,3.090,0.0445,6.546,4.2,1.8
9.75,3,truck,164.861,-1.828,3.1235,9.990,9.0,2.5
9.75,4,cattle,145.862,0.959,-1.6306,0.908,2.2,0.9
9.75,5,cattle,149.538,1.954,-1.6198,0.765,2.2,0.9
9.75,6,cattle,151.561,0.733,-1.6305,0.935,2.2,0.9
9.75,7,cattle,155.732,1.911,-1.6507,0.768,2.2,0.9
9.75,8,cattle,157.631,0.739,-1.6995,0.931,2.2,0.9
9.85,1,cattle,70.101,5.144,1.6903,0.120,2.2,0.9
9.85,2,car,114.523,3.051,-0.0848,6.190,4.2,1.8
9.85,3,truck,163.862,-1.856,3.1716,9.990,9.0,2.5
9.85,4,cattle,145.857,0.869,-1.6306,0.908,2.2,0.9
9.85,5,cattle,149.535,1.877,-1.6198,0.765,2.2,0.9
9.85,6,cattle,151.556,0.639,-1.6305,0.935,2.2,0.9
9.85,7,cattle,155.726,1.834,-1.6507,0.768,2.2,0.9
9.85,8,cattle,157.619,0.646,-1.6995,0.931,2.2,0.9
9.95,1,cattle,70.103,5.155,1.2277,0.120,2.2,0.9
9.95,2,car,115.125,3.049,0.0107,5.841,4.2,1.8
9.95,3,truck,162.863,-1.853,3.1617,9.990,9.0,2.5
9.95,4,cattle,145.851,0.778,-1.6306,0.908,2.2,0.9
9.95,5,cattle,149.531,1.801,-1.6198,0.765,2.2,0.9
9.95,6,cattle,151.550,0.546,-1.6305,0.935,2.2,0.9
9.95,7,cattle,155.720,1.758,-1.6507,0.768,2.2,0.9
9.95,8,cattle,157.607,0.554,-1.6995,0.931,2.2,0.9
10.05,1,cattle,70.100,5.167,1.9977,0.120,2.2,0.9
10.05,2,car,115.692,3.047,0.0417,5.505,4.2,1.8
10.05,3,truck,161.864,-1.877,3.1501,9.990,9.0,2.5
10.05,4,cattle,145.846,0.688,-1.6306,0.908,2.2,0.9
10.05,5,cattle,149.527,1.724,-1.6198,0.765,2.2,0.9
10.05,6,cattle,151.544,0.453,-1.6305,0.935,2.2,0.9
10.05,7,cattle,155.714,1.681,-1.6507,0.768,2.2,0.9
10.05,8,cattle,157.595,0.462,-1.6995,0.931,2.2,0.9
10.15,1,cattle,70.096,5.178,1.9133,0.120,2.2,0.9
10.15,2,car,116.226,3.072,0.0785,5.187,4.2,1.8
10.15,3,truck,160.865,-1.862,3.1116,9.990,9.0,2.5
10.15,4,cattle,145.841,0.597,-1.6306,0.908,2.2,0.9
10.15,5,cattle,149.523,1.648,-1.6198,0.765,2.2,0.9
10.15,6,cattle,151.539,0.359,-1.6305,0.935,2.2,0.9
10.15,7,cattle,155.708,1.605,-1.6507,0.768,2.2,0.9
10.15,8,cattle,157.583,0.370,-1.6995,0.931,2.2,0.9
10.25,1,cattle,70.089,5.188,2.1475,0.120,2.2,0.9
10.25,2,car,116.730,3.094,0.0706,4.889,4.2,1.8
10.25,3,truck,159.865,-1.852,3.1245,9.990,9.0,2.5
10.25,4,cattle,145.835,0.506,-1.6306,0.908,2.2,0.9
10.25,5,cattle,149.520,1.571,-1.6198,0.765,2.2,0.9
10.25,6,cattle,151.533,0.266,-1.6305,0.935,2.2,0.9
10.25,7,cattle,155.702,1.528,-1.6507,0.768,2.2,0.9
10.25,8,cattle,157.571,0.277,-1.6995,0.931,2.2,0.9
10.35,1,cattle,70.084,5.199,1.9951,0.120,2.2,0.9
10.35,2,car,117.205,3.095,0.0759,4.613,4.2,1.8
10.35,3,truck,158.866,-1.832,3.1627,9.990,9.0,2.5
10.35,4,cattle,145.830,0.416,-1.6306,0.908,2.2,0.9
10.35,5,cattle,149.516,1.495,-1.6198,0.765,2.2,0.9
10.35,6,cattle,151.528,0.173,-1.6305,0.935,2.2,0.9
10.35,7,cattle,155.696,1.451,-1.6507,0.768,2.2,0.9
10.35,8,cattle,157.559,0.185,-1.6995,0.931,2.2,0.9
10.45,1,cattle,70.075,5.206,2.7367,0.120,2.2,0.9
10.45,2,car,117.653,3.044,-0.1008,4.360,4.2,1.8
10.45,3,truck,157.867,-1.892,3.1716,9.990,9.0,2.5
10.45,4,cattle,145.824,0.325,-1.6306,0.908,2.2,0.9
10.45,5,cattle,149.512,1.419,-1.6198,0.765,2.2,0.9
10.45,6,cattle,151.522,0.079,-1.6305,0.935,2.2,0.9
10.45,7,cattle,155.690,1.375,-1.6507,0.768,2.2,0.9
10.45,8,cattle,157.547,0.093,-1.6995,0.931,2.2,0.9
10.55,1,cattle,70.064,5.210,2.8082,0.120,2.2,0.9
10.55,2,car,118.078,3.050,0.0251,4.130,4.2,1.8
10.55,3,truck,156.868,-1.887,3.1244,9.990,9.0,2.5
10.55,4,cattle,145.819,0.234,-1.6306,0.908,2.2,0.9
10.55,5,cattle,149.508,1.342,-1.6198,0.765,2.2,0.9
10.55,6,cattle,151.516,-0.014,-1.6305,0.935,2.2,0.9
10.55,7,cattle,155.683,1.298,-1.6507,0.768,2.2,0.9
10.55,8,cattle,157.535,0.000,-1.6995,0.931,2.2,0.9
10.65,1,cattle,70.054,5.216,2.5954,0.120,2.2,0.9
10.65,2,car,118.480,3.056,-0.1196,3.925,4.2,1.8
10.65,3,truck,155.869,-1.936,3.1716,9.990,9.0,2.5
10.65,4,cattle,145.813,0.144,-1.6306,0.908,2.2,0.9
10.65,5,cattle,149.505,1.266,-1.6198,0.765,2.2,0.9
10.65,6,cattle,151.511,-0.107,-1.6305,0.935,2.2,0.9
10.65,7,cattle,155.677,1.222,-1.6507,0.768,2.2,0.9
10.65,8,cattle,157.523,-0.092,-1.6995,0.931,2.2,0.9
10.75,1,cattle,70.043,5.222,2.8817,0.120,2.2,0.9
10.75,2,car,118.863,3.060,-0.0561,3.743,4.2,1.8
10.75,3,truck,154.870,-1.922,3.1116,9.990,9.0,2.5
10.75,4,cattle,145.808,0.053,-1.6306,0.908,2.2,0.9
10.75,5,cattle,149.501,1.189,-1.6198,0.765,2.2,0.9
10.75,6,cattle,151.505,-0.201,-1.6305,0.935,2.2,0.9
10.75,7,cattle,155.671,1.145,-1.6507,0.768,2.2,0.9
10.75,8,cattle,157.511,-0.184,-1.6995,0.931,2.2,0.9
10.85,1,cattle,70.034,5.229,2.2787,0.120,2.2,0.9
10.85,2,car,119.230,3.082,0.0117,3.584,4.2,1.8
10.85,3,truck,153.881,-1.958,3.1716,9.590,9.0,2.5
10.85,4,cattle,145.803,-0.037,-1.6306,0.908,2.2,0.9
10.85,5,cattle,149.497,1.113,-1.6198,0.765,2.2,0.9
10.85,6,cattle,151.500,-0.294,-1.6305,0.935,2.2,0.9
10.85,7,cattle,155.665,1.069,-1.6507,0.768,2.2,0.9
10.85,8,cattle,157.499,-0.277,-1.6995,0.931,2.2,0.9
10.95,1,cattle,70.024,5.236,2.6028,0.120,2.2,0.9
10.95,2,car,119.581,3.101,0.0338,3.447,4.2,1.8
10.95,3,truck,152.962,-1.998,3.1716,8.790,9.0,2.5
10.95,4,cattle,145.797,-0.128,-1.6306,0.908,2.2,0.9
10.95,5,cattle,149.493,1.036,-1.6198,0.765,2.2,0.9
10.95,6,cattle,151.494,-0.387,-1.6305,0.935,2.2,0.9
10.95,7,cattle,155.659,0.992,-1.6507,0.768,2.2,0.9
10.95,8,cattle,157.488,-0.369,-1.6995,0.931,2.2,0.9
11.05,1,cattle,70.019,5.247,1.9415,0.120,2.2,0.9
11.05,2,car,119.920,3.115,-0.0043,3.330,4.2,1.8
11.05,3,truck,152.123,-2.026,3.1716,7.990,9.0,2.5
11.05,4,cattle,145.792,-0.219,-1.6306,0.908,2.2,0.9
11.05,5,cattle,149.490,0.960,-1.6198,0.765,2.2,0.9
11.05,6,cattle,151.489,-0.481,-1.6305,0.935,2.2,0.9
11.05,7,cattle,155.653,0.916,-1.6507,0.768,2.2,0.9
11.05,8,cattle,157.476,-0.461,-1.6995,0.931,2.2,0.9
11.15,1,cattle,70.015,5.258,1.9686,0.120,2.2,0.9
11.15,2,car,120.248,3.122,-0.0823,3.233,4.2,1.8
11.15,3,truck,151.364,-1.984,3.1116,7.190,9.0,2.5
11.15,4,cattle,145.786,-0.309,-1.6306,0.908,2.2,0.9
11.15,5,cattle,149.486,0.883,-1.6198,0.765,2.2,0.9
11.15,6,cattle,151.483,-0.574,-1.6305,0.935,2.2,0.9
11.15,7,cattle,155.647,0.839,-1.6507,0.768,2.2,0.9
11.15,8,cattle,157.464,-0.553,-1.6995,0.931,2.2,0.9
11.25,1,cattle,70.014,5.270,1.8291,0.120,2.2,0.9
11.25,2,car,120.567,3.104,-0.1500,3.154,4.2,1.8
11.25,3,truck,150.685,-1.979,3.1716,6.390,9.0,2.5
11.25,4,cattle,145.781,-0.400,-1.6306,0.908,2.2,0.9
11.25,5,cattle,149.482,0.807,-1.6198,0.765,2.2,0.9
11.25,6,cattle,151.477,-0.668,-1.6305,0.935,2.2,0.9
11.25,7,cattle,155.641,0.762,-1.6507,0.768,2.2,0.9
11.25,8,cattle,157.452,-0.646,-1.6995,0.931,2.2,0.9
11.35,1,cattle,70.016,5.281,1.5726,0.120,2.2,0.9
11.35,2,car,120.879,3.044,-0.1500,3.093,4.2,1.8
11.35,3,truck,150.086,-1.995,3.1116,5.590,9.0,2.5
11.35,4,cattle,145.776,-0.491,-1.6306,0.908,2.2,0.9
11.35,5,cattle,149.478,0.730,-1.6198,0.765,2.2,0.9
11.35,6,cattle,151.472,-0.761,-1.6305,0.935,2.2,0.9
11.35,7,cattle,155.634,0.686,-1.6507,0.768,2.2,0.9
11.35,8,cattle,157.440,-0.738,-1.6995,0.931,2.2,0.9
11.45,1,cattle,70.015,5.293,1.7325,0.120,2.2,0.9
11.45,2,car,121.186,2.992,-0.1500,3.049,4.2,1.8
11.45,3,truck,149.567,-1.967,3.1116,4.790,9.0,2.5
11.45,4,cattle,145.770,-0.581,-1.6306,0.908,2.2,0.9
11.45,5,cattle,149.475,0.654,-1.6198,0.765,2.2,0.9
11.45,6,cattle,151.466,-0.854,-1.6305,0.935,2.2,0.9
11.45,7,cattle,155.628,0.609,-1.6507,0.768,2.2,0.9
11.45,8,cattle,157.428,-0.830,-1.6995,0.931,2.2,0.9
11.55,1,cattle,70.013,5.305,1.8129,0.120,2.2,0.9
11.55,2,car,121.490,2.996,-0.1462,3.021,4.2,1.8
11.55,3,truck,149.128,-1.967,3.1716,3.990,9.0,2.5
11.55,4,cattle,145.765,-0.672,-1.6306,0.908,2.2,0.9
11.55,5,cattle,149.471,0.578,-1.6198,0.765,2.2,0.9
11.55,6,cattle,151.461,-0.948,-1.6305,0.935,2.2,0.9
11.55,7,cattle,155.622,0.533,-1.6507,0.768,2.2,0.9
11.55,8,cattle,157.416,-0.923,-1.6995,0.931,2.2,0.9
11.65,1,cattle,70.016,5.316,1.0269,0.120,2.2,0.9
11.65,2,car,121.791,3.008,0.0916,3.008,4.2,1.8
11.65,3,truck,148.769,-1.980,3.1116,3.190,9.0,2.5
11.65,4,cattle,145.759,-0.762,-1.6306,0.908,2.2,0.9
11.65,5,cattle,149.467,0.501,-1.6198,0.765,2.2,0.9
11.65,6,cattle,151.455,-1.041,-1.6305,0.935,2.2,0.9
11.65,7,cattle,155.616,0.456,-1.6507,0.768,2.2,0.9
11.65,8,cattle,157.404,-1.015,-1.6995,0.931,2.2,0.9
11.75,1,cattle,70.021,5.327,1.1194,0.120,2.2,0.9
11.75,2,car,122.092,3.016,0.1482,3.009,4.2,1.8
11.75,3,truck,148.490,-1.979,3.1116,2.390,9.0,2.5
11.75,4,cattle,145.754,-0.853,-1.6306,0.908,2.2,0.9
11.75,5,cattle,149.463,0.425,-1.6198,0.765,2.2,0.9
11.75,6,cattle,151.449,-1.134,-1.6305,0.935,2.2,0.9
11.75,7,cattle,155.610,0.380,-1.6507,0.768,2.2,0.9
11.75,8,cattle,157.392,-1.107,-1.6995,0.931,2.2,0.9
11.85,1,cattle,70.029,5.335,0.9437,0.120,2.2,0.9
11.85,2,car,122.394,3.059,0.0834,3.024,4.2,1.8
11.85,3,truck,148.291,-2.004,3.1716,1.590,9.0,2.5
11.85,4,cattle,145.748,-0.944,-1.6306,0.908,2.2,0.9
11.85,5,cattle,149.460,0.348,-1.6198,0.765,2.2,0.9
11.85,6,cattle,151.444,-1.228,-1.6305,0.935,2.2,0.9
11.85,7,cattle,155.604,0.303,-1.6507,0.768,2.2,0.9
11.85,8,cattle,157.380,-1.200,-1.6995,0.931,2.2,0.9
11.95,1,cattle,70.039,5.343,0.6379,0.120,2.2,0.9
11.95,2,car,122.697,3.039,0.0667,3.050,4.2,1.8
11.95,3,truck,148.172,-1.995,3.1716,0.790,9.0,2.5
11.95,4,cattle,145.743,-1.034,-1.6306,0.908,2.2,0.9
11.95,5,cattle,149.456,0.272,-1.6198,0.765,2.2,0.9
11.95,6,cattle,151.438,-1.321,-1.6305,0.935,2.2,0.9
11.95,7,cattle,155.598,0.227,-1.6507,0.768,2.2,0.9
11.95,8,cattle,157.368,-1.292,-1.6995,0.931,2.2,0.9
12.05,1,cattle,70.051,5.342,-0.1409,0.120,2.2,0.9
12.05,2,car,123.004,3.099,0.1500,3.087,4.2,1.8
12.05,3,truck,148.133,-2.006,3.1271,0.000,9.0,2.5
12.05,4,cattle,145.738,-1.125,-1.6306,0.908,2.2,0.9
12.05,5,cattle,149.452,0.195,-1.6198,0.765,2.2,0.9
12.05,6,cattle,151.433,-1.414,-1.6305,0.935,2.2,0.9
12.05,7,cattle,155.591,0.150,-1.6507,0.768,2.2,0.9
12.05,8,cattle,157.356,-1.384,-1.6995,0.931,2.2,0.9
12.15,1,cattle,70.060,5.349,0.8201,0.120,2.2,0.9
12.15,2,car,123.315,3.063,-0.1500,3.133,4.2,1.8
12.15,3,truck,148.133,-2.006,3.1416,0.000,9.0,2.5
12.15,4,cattle,145.732,-1.215,-1.6306,0.908,2.2,0.9
12.15,5,cattle,149.448,0.119,-1.6198,0.765,2.2,0.9
12.15,6,cattle,151.427,-1.508,-1.6305,0.935,2.2,0.9
12.15,7,cattle,155.585,0.074,-1.6507,0.768,2.2,0.9
12.15,8,cattle,157.344,-1.476,-1.6995,0.931,2.2,0.9
12.25,1,cattle,70.069,5.356,0.7976,0.120,2.2,0.9
12.25,2,car,123.631,3.006,-0.1500,3.184,4.2,1.8
12.25,3,truck,148.133,-2.006,3.1416,0.000,9.0,2.5
12.25,4,cattle,145.727,-1.306,-1.6306,0.908,2.2,0.9
12.25,5,cattle,149.445,0.042,-1.6198,0.765,2.2,0.9
12.25,6,cattle,151.422,-1.601,-1.6305,0.935,2.2,0.9
12.25,7,cattle,155.579,-0.003,-1.6507,0.768,2.2,0.9
12.25,8,cattle,157.332,-1.569,-1.6995,0.931,2.2,0.9
12.35,1,cattle,70.078,5.364,0.8282,0.120,2.2,0.9
12.35,2,car,123.952,2.970,-0.1500,3.240,4.2,1.8
12.35,3,truck,148.133,-2.006,3.1416,0.000,9.0,2.5
12.35,4,cattle,145.721,-1.397,-1.6306,0.908,2.2,0.9
12.35,5,cattle,149.441,-0.034,-1.6198,0.765,2.2,0.9
12.35,6,cattle,151.416,-1.694,-1.6305,0.935,2.2,0.9
12.35,7,cattle,155.573,-0.080,-1.6507,0.768,2.2,0.9
12.35,8,cattle,157.320,-1.661,-1.6995,0.931,2.2,0.9
12.45,1,cattle,70.087,5.373,0.6365,0.120,2.2,0.9
12.45,2,car,124.279,2.912,-0.1500,3.301,4.2,1.8
12.45,3,truck,148.133,-2.006,3.1416,0.000,9.0,2.5
12.45,4,cattle,145.716,-1.487,-1.6306,0.908,2.2,0.9
12.45,5,cattle,149.437,-0.111,-1.6198,0.765,2.2,0.9
12.45,6,cattle,151.410,-1.788,-1.6305,0.935,2.2,0.9
12.45,7,cattle,155.567,-0.156,-1.6507,0.768,2.2,0.9
12.45,8,cattle,157.308,-1.753,-1.6995,0.931,2.2,0.9
12.55,1,cattle,70.092,5.383,0.9623,0.120,2.2,0.9
12.55,2,car,124.612,2.902,-0.1500,3.365,4.2,1.8
12.55,3,truck,148.133,-2.006,3.1416,0.000,9.0,2.5
12.55,4,cattle,145.710,-1.578,-1.6306,0.908,2.2,0.9
12.55,5,cattle,149.433,-0.187,-1.6198,0.765,2.2,0.9
12.55,6,cattle,151.405,-1.881,-1.6305,0.935,2.2,0.9
12.55,7,cattle,155.561,-0.233,-1.6507,0.768,2.2,0.9
12.55,8,cattle,157.296,-1.846,-1.6995,0.931,2.2,0.9
12.65,1,cattle,70.101,5.391,0.8218,0.120,2.2,0.9
12.65,2,car,124.952,2.944,0.0710,3.432,4.2,1.8
12.65,3,truck,148.133,-2.006,3.1416,0.000,9.0,2.5
12.65,4,cattle,145.705,-1.669,-1.6306,0.908,2.2,0.9
12.65,5,cattle,149.430,-0.263,-1.6198,0.765,2.2,0.9
12.65,6,cattle,151.399,-1.974,-1.6305,0.935,2.2,0.9
12.65,7,cattle,155.555,-0.309,-1.6507,0.768,2.2,0.9
12.65,8,cattle,157.285,-1.938,-1.6995,0.931,2.2,0.9
12.75,1,cattle,70.111,5.398,0.6246,0.120,2.2,0.9
12.75,2,car,125.299,2.974,0.0505,3.501,4.2,1.8
12.75,3,truck,148.133,-2.006,3.1416,0.000,9.0,2.5
12.75,4,cattle,145.700,-1.759,-1.6306,0.908,2.2,0.9
12.75,5,cattle,149.426,-0.340,-1.6198,0.765,2.2,0.9
12.75,6,cattle,151.394,-2.068,-1.6305,0.935,2.2,0.9
12.75,7,cattle,155.549,-0.386,-1.6507,0.768,2.2,0.9
12.75,8,cattle,157.273,-2.030,-1.6995,0.931,2.2,0.9
12.85,1,cattle,70.119,5.407,0.7716,0.120,2.2,0.9
12.85,2,car,125.652,2.983,0.0923,3.571,4.2,1.8
12.85,3,truck,148.133,-2.006,3.1416,0.000,9.0,2.5
12.85,4,cattle,145.694,-1.850,-1.6306,0.908,2.2,0.9
12.85,5,cattle,149.422,-0.416,-1.6198,0.765,2.2,0.9
12.85,6,cattle,151.388,-2.161,-1.6305,0.935,2.2,0.9
12.85,7,cattle,155.542,-0.462,-1.6507,0.768,2.2,0.9
12.85,8,cattle,157.261,-2.123,-1.6995,0.931,2.2,0.9
12.95,1,cattle,70.128,5.415,0.5610,0.120,2.2,0.9
12.95,2,car,126.013,2.984,0.1285,3.641,4.2,1.8
12.95,3,truck,148.133,-2.006,3.1416,0.000,9.0,2.5
12.95,4,cattle,145.689,-1.940,-1.6306,0.908,2.2,0.9
12.95,5,cattle,149.418,-0.493,-1.6198,0.765,2.2,0.9
12.95,6,cattle,151.382,-2.254,-1.6305,0.935,2.2,0.9
12.95,7,cattle,155.539,-0.501,-1.6507,0.000,2.2,0.9
12.95,8,cattle,157.249,-2.215,-1.6995,0.931,2.2,0.9
13.05,1,cattle,70.139,5.419,0.3146,0.120,2.2,0.9
13.05,2,car,126.380,3.020,0.1500,3.712,4.2,1.8
13.05,3,truck,148.133,-2.006,3.1416,0.000,9.0,2.5
13.05,4,cattle,145.683,-2.031,-1.6306,0.908,2.2,0.9
13.05,5,cattle,149.415,-0.569,-1.6198,0.765,2.2,0.9
13.05,6,cattle,151.377,-2.348,-1.6305,0.935,2.2,0.9
13.05,7,cattle,155.539,-0.501,-1.6507,0.000,2.2,0.9
13.05,8,cattle,157.237,-2.307,-1.6995,0.931,2.2,0.9
13.15,1,cattle,70.150,5.423,0.3473,0.120,2.2,0.9
13.15,2,car,126.755,3.034,0.0957,3.782,4.2,1.8
13.15,3,truck,148.133,-2.006,3.1416,0.000,9.0,2.5
13.15,4,cattle,145.678,-2.122,-1.6306,0.908,2.2,0.9
13.15,5,cattle,149.411,-0.646,-1.6198,0.765,2.2,0.9
13.15,6,cattle,151.371,-2.441,-1.6305,0.935,2.2,0.9
13.15,7,cattle,155.539,-0.501,-1.6507,0.000,2.2,0.9
13.15,8,cattle,157.225,-2.399,-1.6995,0.931,2.2,0.9
13.25,1,cattle,70.161,5.427,0.5039,0.120,2.2,0.9
13.25,2,car,127.137,3.070,0.0646,3.850,4.2,1.8
13.25,3,truck,148.133,-2.006,3.1416,0.000,9.0,2.5
13.25,4,cattle,145.673,-2.212,-1.6306,0.908,2.2,0.9
13.25,5,cattle,149.407,-0.722,-1.6198,0.765,2.2,0.9
13.25,6,cattle,151.366,-2.534,-1.6305,0.935,2.2,0.9
13.25,7,cattle,155.539,-0.501,-1.6507,0.000,2.2,0.9
13.25,8,cattle,157.213,-2.492,-1.6995,0.931,2.2,0.9
13.35,1,cattle,70.170,5.435,0.8002,0.120,2.2,0.9
13.35,2,car,127.525,3.059,0.0391,3.915,4.2,1.8
13.35,3,truck,148.133,-2.006,3.1416,0.000,9.0,2.5
13.35,4,cattle,145.667,-2.303,-1.6306,0.908,2.2,0.9
13.35,5,cattle,149.403,-0.799,-1.6198,0.765,2.2,0.9
13.35,6,cattle,151.360,-2.628,-1.6305,0.935,2.2,0.9
13.35,7,cattle,155.539,-0.501,-1.6507,0.000,2.2,0.9
13.35,8,cattle,157.201,-2.584,-1.6995,0.931,2.2,0.9
13.45,1,cattle,70.181,5.440,0.3185,0.120,2.2,0.9
13.45,2,car,127.920,3.075,0.0274,3.976,4.2,1.8
13.45,3,truck,148.133,-2.006,3.1416,0.000,9.0,2.5
13.45,4,cattle,145.662,-2.394,-1.6306,0.908,2.2,0.9
13.45,5,cattle,149.400,-0.875,-1.6198,0.765,2.2,0.9
13.45,6,cattle,151.355,-2.721,-1.6305,0.935,2.2,0.9
13.45,7,cattle,155.539,-0.501,-1.6507,0.000,2.2,0.9
13.45,8,cattle,157.189,-2.676,-1.6995,0.931,2.2,0.9
13.55,1,cattle,70.193,5.443,0.1595,0.120,2.2,0.9
13.55,2,car,128.320,3.051,-0.1477,4.032,4.2,1.8
13.55,3,truck,148.133,-2.006,3.1416,0.000,9.0,2.5
13.55,4,cattle,145.656,-2.484,-1.6306,0.908,2.2,0.9
13.55,5,cattle,149.396,-0.952,-1.6198,0.765,2.2,0.9
13.55,6,cattle,151.349,-2.814,-1.6305,0.935,2.2,0.9
13.55,7,cattle,155.539,-0.501,-1.6507,0.000,2.2,0.9
13.55,8,cattle,157.177,-2.769,-1.6995,0.931,2.2,0.9
13.65,1,cattle,70.204,5.446,0.5196,0.120,2.2,0.9
13.65,2,car,128.726,3.011,-0.1459,4.083,4.2,1.8
13.65,3,truck,148.133,-2.006,3.1416,0.000,9.0,2.5
13.65,4,cattle,145.651,-2.575,-1.6306,0.908,2.2,0.9
13.65,5,cattle,149.392,-1.028,-1.6198,0.765,2.2,0.9
13.65,6,cattle,151.343,-2.908,-1.6305,0.935,2.2,0.9
13.65,7,cattle,155.539,-0.501,-1.6507,0.000,2.2,0.9
13.65,8,cattle,157.165,-2.861,-1.6995,0.931,2.2,0.9
13.75,1,cattle,70.215,5.451,0.4878,0.120,2.2,0.9
13.75,2,car,129.136,2.954,-0.1310,4.127,4.2,1.8
13.75,3,truck,148.133,-2.006,3.1416,0.000,9.0,2.5
13.75,4,cattle,145.645,-2.665,-1.6306,0.908,2.2,0.9
13.75,5,cattle,149.388,-1.104,-1.6198,0.765,2.2,0.9
13.75,6,cattle,151.338,-3.001,-1.6305,0.935,2.2,0.9
13.75,7,cattle,155.539,-0.501,-1.6507,0.000,2.2,0.9
13.75,8,cattle,157.153,-2.953,-1.6995,0.931,2.2,0.9
13.85,1,cattle,70.225,5.457,0.2678,0.120,2.2,0.9
13.85,2,car,129.551,2.977,0.0566,4.165,4.2,1.8
13.85,3,truck,148.133,-2.006,3.1416,0.000,9.0,2.5
13.85,4,cattle,145.640,-2.756,-1.6306,0.908,2.2,0.9
13.85,5,cattle,149.385,-1.181,-1.6198,0.765,2.2,0.9
13.85,6,cattle,151.332,-3.095,-1.6305,0.935,2.2,0.9
13.85,7,cattle,155.539,-0.501,-1.6507,0.000,2.2,0.9
13.85,8,cattle,157.141,-3.046,-1.6995,0.931,2.2,0.9
13.95,1,cattle,70.235,5.463,0.5928,0.120,2.2,0.9
13.95,2,car,129.969,2.965,-0.0031,4.197,4.2,1.8
13.95,3,truck,148.133,-2.006,3.1416,0.000,9.0,2.5
13.95,4,cattle,145.635,-2.847,-1.6306,0.908,2.2,0.9
13.95,5,cattle,149.381,-1.257,-1.6198,0.765,2.2,0.9
13.95,6,cattle,151.327,-3.188,-1.6305,0.935,2.2,0.9
13.95,7,cattle,155.542,-0.462,1.4909,0.768,2.2,0.9
13.95,8,cattle,157.129,-3.138,-1.6995,0.931,2.2,0.9
14.05,1,cattle,70.245,5.470,0.6819,0.120,2.2,0.9
14.05,2,car,130.390,2.975,-0.0692,4.221,4.2,1.8
14.05,3,truck,148.133,-2.006,3.1416,0.000,9.0,2.5
14.05,4,cattle,145.629,-2.937,-1.6306,0.908,2.2,0.9
14.05,5,cattle,149.377,-1.334,-1.6198,0.765,2.2,0.9
14.05,6,cattle,151.321,-3.281,-1.6305,0.935,2.2,0.9
14.05,7,cattle,155.549,-0.386,1.4909,0.768,2.2,0.9
14.05,8,cattle,157.117,-3.230,-1.6995,0.931,2.2,0.9
14.15,1,cattle,70.256,5.472,-0.1457,0.120,2.2,0.9
14.15,2,car,130.813,2.981,0.1120,4.237,4.2,1.8
14.15,3,truck,148.133,-2.006,3.1416,0.000,9.0,2.5
14.15,4,cattle,145.624,-3.028,-1.6306,0.908,2.2,0.9
14.15,5,cattle,149.373,-1.410,-1.6198,0.765,2.2,0.9
14.15,6,cattle,151.315,-3.375,-1.6305,0.935,2.2,0.9
14.15,7,cattle,155.555,-0.309,1.4909,0.768,2.2,0.9
14.15,8,cattle,157.105,-3.323,-1.6995,0.931,2.2,0.9
14.25,1,cattle,70.268,5.472,0.0857,0.120,2.2,0.9
14.25,2,car,131.237,2.961,-0.0231,4.246,4.2,1.8
14.25,3,truck,148.133,-2.006,3.1416,0.000,9.0,2.5
14.25,4,cattle,145.618,-3.119,-1.6306,0.908,2.2,0.9
14.25,5,cattle,149.370,-1.487,-1.6198,0.765,2.2,0.9
14.25,6,cattle,151.310,-3.468,-1.6305,0.935,2.2,0.9
14.25,7,cattle,155.561,-0.233,1.4909,0.768,2.2,0.9
14.25,8,cattle,157.093,-3.415,-1.6995,0.931,2.2,0.9
14.35,1,cattle,70.279,5.475,0.2832,0.120,2.2,0.9
14.35,2,car,131.662,2.930,-0.1264,4.245,4.2,1.8
14.35,3,truck,148.133,-2.006,3.1416,0.000,9.0,2.5
14.35,4,cattle,145.613,-3.209,-1.6306,0.908,2.2,0.9
14.35,5,cattle,149.366,-1.563,-1.6198,0.765,2.2,0.9
14.35,6,cattle,151.304,-3.561,-1.6305,0.935,2.2,0.9
14.35,7,cattle,155.567,-0.156,1.4909,0.768,2.2,0.9
14.35,8,cattle,157.081,-3.507,-1.6995,0.931,2.2,0.9
14.45,1,cattle,70.291,5.479,0.3496,0.120,2.2,0.9
14.45,2,car,132.086,2.978,0.0847,4.235,4.2,1.8
14.45,3,truck,148.133,-2.006,3.1416,0.000,9.0,2.5
14.45,4,cattle,145.607,-3.300,-1.6306,0.908,2.2,0.9
14.45,5,cattle,149.362,-1.640,-1.6198,0.765,2.2,0.9
14.45,6,cattle,151.299,-3.655,-1.6305,0.935,2.2,0.9
14.45,7,cattle,155.573,-0.080,1.4909,0.768,2.2,0.9
14.45,8,cattle,157.070,-3.599,-1.6995,0.931,2.2,0.9
14.55,1,cattle,70.300,5.485,0.9032,0.120,2.2,0.9
14.55,2,car,132.508,2.968,-0.0069,4.214,4.2,1.8
14.55,3,truck,148.133,-2.006,3.1416,0.000,9.0,2.5
14.55,4,cattle,145.602,-3.390,-1.6306,0.908,2.2,0.9
14.55,5,cattle,149.358,-1.716,-1.6198,0.765,2.2,0.9
14.55,6,cattle,151.293,-3.748,-1.6305,0.935,2.2,0.9
14.55,7,cattle,155.579,-0.003,1.4909,0.768,2.2,0.9
14.55,8,cattle,157.058,-3.692,-1.6995,0.931,2.2,0.9
14.65,1,cattle,70.312,5.485,-0.0957,0.120,2.2,0.9
14.65,2,car,132.928,2.963,0.0150,4.182,4.2,1.8
14.65,3,truck,148.133,-2.006,3.1416,0.000,9.0,2.5
14.65,4,cattle,145.597,-3.481,-1.6306,0.908,2.2,0.9
14.65,5,cattle,149.355,-1.793,-1.6198,0.765,2.2,0.9
14.65,6,cattle,151.288,-3.841,-1.6305,0.935,2.2,0.9
14.65,7,cattle,155.585,0.074,1.4909,0.768,2.2,0.9
14.65,8,cattle,157.046,-3.784,-1.6995,0.931,2.2,0.9
14.75,1,cattle,70.324,5.487,0.1282,0.120,2.2,0.9
14.75,2,car,133.344,2.959,-0.1081,4.136,4.2,1.8
14.75,3,truck,148.133,-2.006,3.1416,0.000,9.0,2.5
14.75,4,cattle,145.591,-3.572,-1.6306,0.908,2.2,0.9
14.75,5,cattle,149.351,-1.869,-1.6198,0.765,2.2,0.9
14.75,6,cattle,151.282,-3.935,-1.6305,0.935,2.2,0.9
14.75,7,cattle,155.591,0.150,1.4909,0.768,2.2,0.9
14.75,8,cattle,157.034,-3.876,-1.6995,0.931,2.2,0.9
14.85,1,cattle,70.334,5.494,0.5413,0.120,2.2,0.9
14.85,2,car,133.755,2.954,-0.0780,4.078,4.2,1.8
14.85,3,truck,148.133,-2.006,3.1416,0.000,9.0,2.5
14.85,4,cattle,145.586,-3.662,-1.6306,0.908,2.2,0.9
14.85,5,cattle,149.347,-1.945,-1.6198,0.765,2.2,0.9
14.85,6,cattle,151.276,-4.028,-1.6305,0.935,2.2,0.9
14.85,7,cattle,155.598,0.227,1.4909,0.768,2.2,0.9
14.85,8,cattle,157.022,-3.969,-1.6995,0.931,2.2,0.9
14.95,1,cattle,70.344,5.500,0.2715,0.120,2.2,0.9
14.95,2,car,134.159,2.975,0.0723,4.005,4.2,1.8
14.95,3,truck,148.131,-2.006,3.1416,0.075,9.0,2.5
14.95,4,cattle,145.580,-3.753,-1.6306,0.908,2.2,0.9
14.95,5,cattle,149.343,-2.022,-1.6198,0.765,2.2,0.9
14.95,6,cattle,151.271,-4.121,-1.6305,0.935,2.2,0.9
14.95,7,cattle,155.604,0.303,1.4909,0.768,2.2,0.9
14.95,8,cattle,157.010,-4.061,-1.6995,0.931,2.2,0.9
15.05,1,cattle,70.339,5.496,-2.4947,0.120,2.2,0.9
15.05,2,car,134.556,2.972,0.1370,3.918,4.2,1.8
15.05,3,truck,148.116,-2.006,3.1416,0.225,9.0,2.5
15.05,4,cattle,145.575,-3.844,-1.6306,0.908,2.2,0.9
15.05,5,cattle,149.340,-2.098,-1.6198,0.765,2.2,0.9
15.05,6,cattle,151.265,-4.215,-1.6305,0.935,2.2,0.9
15.05,7,cattle,155.610,0.380,1.4909,0.768,2.2,0.9
15.05,8,cattle,156.998,-4.153,-1.6995,0.931,2.2,0.9
15.15,1,cattle,70.333,5.486,-2.1019,0.120,2.2,0.9
15.15,2,car,134.942,2.945,-0.0462,3.816,4.2,1.8
15.15,3,truck,148.086,-2.006,3.1416,0.375,9.0,2.5
15.15,4,cattle,145.570,-3.934,-1.6306,0.908,2.2,0.9
15.15,5,cattle,149.336,-2.175,-1.6198,0.765,2.2,0.9
15.15,6,cattle,151.260,-4.308,-1.6305,0.935,2.2,0.9
15.15,7,cattle,155.616,0.456,1.4909,0.768,2.2,0.9
15.15,8,cattle,156.986,-4.246,-1.6995,0.931,2.2,0.9
15.25,1,cattle,70.329,5.475,-1.7041,0.120,2.2,0.9
15.25,2,car,135.318,2.935,-0.0023,3.698,4.2,1.8
15.25,3,truck,148.041,-1.984,3.1116,0.525,9.0,2.5
15.25,4,cattle,145.564,-4.025,-1.6306,0.908,2.2,0.9
15.25,5,cattle,149.332,-2.251,-1.6198,0.765,2.2,0.9
15.25,6,cattle,151.254,-4.401,-1.6305,0.935,2.2,0.9
15.25,7,cattle,155.622,0.533,1.4909,0.768,2.2,0.9
15.25,8,cattle,156.974,-4.338,-1.6995,0.931,2.2,0.9
15.35,1,cattle,70.329,5.463,-1.6205,0.120,2.2,0.9
15.35,2,car,135.681,2.982,0.1393,3.566,4.2,1.8
15.35,3,truck,147.981,-1.952,3.1116,0.675,9.0,2.5
15.35,4,cattle,145.559,-4.115,-1.6306,0.908,2.2,0.9
15.35,5,cattle,149.330,-2.290,-1.6198,0.000,2.2,0.9
15.35,6,cattle,151.249,-4.495,-1.6305,0.935,2.2,0.9
15.35,7,cattle,155.628,0.609,1.4909,0.768,2.2,0.9
15.35,8,cattle,156.962,-4.430,-1.6995,0.931,2.2,0.9
15.45,1,cattle,70.333,5.451,-1.1452,0.120,2.2,0.9
15.45,2,car,136.031,2.945,-0.0411,3.420,4.2,1.8
15.45,3,truck,147.906,-1.925,3.1116,0.825,9.0,2.5
15.45,4,cattle,145.553,-4.206,-1.6306,0.908,2.2,0.9
15.45,5,cattle,149.330,-2.290,-1.6198,0.000,2.2,0.9
15.45,6,cattle,151.243,-4.588,-1.6305,0.935,2.2,0.9
15.45,7,cattle,155.634,0.686,1.4909,0.768,2.2,0.9
15.45,8,cattle,156.950,-4.522,-1.6995,0.931,2.2,0.9
15.55,1,cattle,70.339,5.441,-0.9223,0.120,2.2,0.9
15.55,2,car,136.365,2.953,0.1339,3.262,4.2,1.8
15.55,3,truck,147.816,-1.911,3.1116,0.975,9.0,2.5
15.55,4,cattle,145.548,-4.297,-1.6306,0.908,2.2,0.9
15.55,5,cattle,149.330,-2.290,-1.6198,0.000,2.2,0.9
15.55,6,cattle,151.237,-4.681,-1.6305,0.935,2.2,0.9
15.55,7,cattle,155.641,0.762,1.4909,0.768,2.2,0.9
15.55,8,cattle,156.938,-4.615,-1.6995,0.931,2.2,0.9
15.65,1,cattle,70.347,5.433,-0.9644,0.120,2.2,0.9
15.65,2,car,136.683,2.904,-0.1500,3.094,4.2,1.8
15.65,3,truck,147.711,-1.944,3.1716,1.125,9.0,2.5
15.65,4,cattle,145.542,-4.387,-1.6306,0.908,2.2,0.9
15.65,5,cattle,149.330,-2.290,-1.6198,0.000,2.2,0.9
15.65,6,cattle,151.232,-4.775,-1.6305,0.935,2.2,0.9
15.65,7,cattle,155.647,0.839,1.4909,0.768,2.2,0.9
15.65,8,cattle,156.926,-4.707,-1.6995,0.931,2.2,0.9
15.75,1,cattle,70.358,5.429,-0.2738,0.120,2.2,0.9
15.75,2,car,136.983,2.932,0.1500,2.916,4.2,1.8
15.75,3,truck,147.591,-1.921,3.1116,1.275,9.0,2.5
15.75,4,cattle,145.537,-4.478,-1.6306,0.908,2.2,0.9
15.75,5,cattle,149.330,-2.290,-1.6198,0.000,2.2,0.9
15.75,6,cattle,151.226,-4.868,-1.6305,0.935,2.2,0.9
15.75,7,cattle,155.653,0.916,1.4909,0.768,2.2,0.9
15.75,8,cattle,156.914,-4.799,-1.6995,0.931,2.2,0.9
15.85,1,cattle,70.370,5.426,-0.1596,0.120,2.2,0.9
15.85,2,car,137.266,2.956,-0.0395,2.735,4.2,1.8
15.85,3,truck,147.456,-1.887,3.1116,1.425,9.0,2.5
15.85,4,cattle,145.532,-4.569,-1.6306,0.908,2.2,0.9
15.85,5,cattle,149.330,-2.290,-1.6198,0.000,2.2,0.9
15.85,6,cattle,151.221,-4.961,-1.6305,0.935,2.2,0.9
15.85,7,cattle,155.659,0.992,1.4909,0.768,2.2,0.9
15.85,8,cattle,156.902,-4.892,-1.6995,0.931,2.2,0.9
15.95,1,cattle,70.381,5.421,-0.4310,0.120,2.2,0.9
15.95,2,car,137.531,2.904,-0.1500,2.560,4.2,1.8
15.95,3,truck,147.306,-1.934,3.1716,1.575,9.0,2.5
15.95,4,cattle,145.526,-4.659,-1.6306,0.908,2.2,0.9
15.95,5,cattle,149.330,-2.290,-1.6198,0.000,2.2,0.9
15.95,6,cattle,151.215,-5.055,-1.6305,0.935,2.2,0.9
15.95,7,cattle,155.665,1.069,1.4909,0.768,2.2,0.9
15.95,8,cattle,156.890,-4.984,-1.6995,0.931,2.2,0.9
16.05,1,cattle,70.375,5.418,-2.6742,0.120,2.2,0.9
16.05,2,car,137.778,2.912,0.1068,2.392,4.2,1.8
16.05,3,truck,147.141,-1.882,3.1116,1.725,9.0,2.5
16.05,4,cattle,145.521,-4.750,-1.6306,0.908,2.2,0.9
16.05,5,cattle,149.330,-2.290,-1.6198,0.000,2.2,0.9
16.05,6,cattle,151.209,-5.148,-1.6305,0.935,2.2,0.9
16.05,7,cattle,155.671,1.145,1.4909,0.768,2.2,0.9
16.05,8,cattle,156.878,-5.076,-1.6995,0.931,2.2,0.9
16.15,1,cattle,70.364,5.416,-3.0565,0.120,2.2,0.9
16.15,2,car,138.009,2.939,0.0770,2.234,4.2,1.8
16.15,3,truck,146.961,-1.925,3.1716,1.875,9.0,2.5
16.15,4,cattle,145.515,-4.840,-1.6306,0.908,2.2,0.9
16.15,5,cattle,149.330,-2.290,-1.6198,0.000,2.2,0.9
16.15,6,cattle,151.204,-5.241,-1.6305,0.935,2.2,0.9
16.15,7,cattle,155.677,1.222,1.4909,0.768,2.2,0.9
16.15,8,cattle,156.866,-5.169,-1.6995,0.931,2.2,0.9
16.25,1,cattle,70.353,5.421,-3.8416,0.120,2.2,0.9
16.25,2,car,138.225,2.959,0.1500,2.086,4.2,1.8
16.25,3,truck,146.766,-1.957,3.1716,2.024,9.0,2.5
16.25,4,cattle,145.510,-4.931,-1.6306,0.908,2.2,0.9
16.25,5,cattle,149.330,-2.290,-1.6198,0.000,2.2,0.9
16.25,6,cattle,151.198,-5.335,-1.6305,0.935,2.2,0.9
16.25,7,cattle,155.683,1.298,1.4909,0.768,2.2,0.9
16.25,8,cattle,156.855,-5.261,-1.6995,0.931,2.2,0.9
16.35,1,cattle,70.347,5.432,-4.2613,0.120,2.2,0.9
16.35,2,car,138.427,2.964,-0.1500,1.949,4.2,1.8
16.35,3,truck,146.556,-1.904,3.1116,2.174,9.0,2.5
16.35,4,cattle,145.504,-5.022,-1.6306,0.908,2.2,0.9
16.35,5,cattle,149.330,-2.290,-1.6198,0.000,2.2,0.9
16.35,6,cattle,151.193,-5.428,-1.6305,0.935,2.2,0.9
16.35,7,cattle,155.690,1.375,1.4909,0.768,2.2,0.9
16.35,8,cattle,156.843,-5.353,-1.6995,0.931,2.2,0.9
16.45,1,cattle,70.345,5.443,-4.6933,0.120,2.2,0.9
16.45,2,car,138.616,2.943,-0.1500,1.822,4.2,1.8
16.45,3,truck,146.331,-1.928,3.1716,2.324,9.0,2.5
16.45,4,cattle,145.499,-5.112,-1.6306,0.908,2.2,0.9
16.45,5,cattle,149.330,-2.290,-1.6198,0.000,2.2,0.9
16.45,6,cattle,151.187,-5.522,-1.6305,0.935,2.2,0.9
16.45,7,cattle,155.696,1.451,1.4909,0.768,2.2,0.9
16.45,8,cattle,156.831,-5.445,-1.6995,0.931,2.2,0.9
16.55,1,cattle,70.346,5.455,-4.6924,0.120,2.2,0.9
16.55,2,car,138.792,2.957,0.1500,1.706,4.2,1.8
16.55,3,truck,146.092,-1.972,3.1716,2.473,9.0,2.5
16.55,4,cattle,145.494,-5.203,-1.6306,0.908,2.2,0.9
16.55,5,cattle,149.330,-2.290,-1.6198,0.000,2.2,0.9
16.55,6,cattle,151.182,-5.615,-1.6305,0.935,2.2,0.9
16.55,7,cattle,155.702,1.528,1.4909,0.768,2.2,0.9
16.55,8,cattle,156.819,-5.538,-1.6995,0.931,2.2,0.9
16.65,1,cattle,70.351,5.466,-5.3049,0.120,2.2,0.9
16.65,2,car,138.957,2.993,0.1500,1.601,4.2,1.8
16.65,3,truck,145.837,-2.015,3.1716,2.623,9.0,2.5
16.65,4,cattle,145.488,-5.294,-1.6306,0.908,2.2,0.9
16.65,5,cattle,149.330,-2.290,-1.6198,0.000,2.2,0.9
16.65,6,cattle,151.176,-5.708,-1.6305,0.935,2.2,0.9
16.65,7,cattle,155.708,1.605,1.4909,0.768,2.2,0.9
16.65,8,cattle,156.807,-5.630,-1.6995,0.931,2.2,0.9
16.75,1,cattle,70.360,5.474,-5.5826,0.120,2.2,0.9
16.75,2,car,139.112,3.016,0.0295,1.506,4.2,1.8
16.75,3,truck,145.567,-2.041,3.1716,2.772,9.0,2.5
16.75,4,cattle,145.483,-5.384,-1.6306,0.908,2.2,0.9
16.75,5,cattle,149.330,-2.290,-1.6198,0.000,2.2,0.9
16.75,6,cattle,151.170,-5.802,-1.6305,0.935,2.2,0.9
16.75,7,cattle,155.714,1.681,1.4909,0.768,2.2,0.9
16.75,8,cattle,156.795,-5.722,-1.6995,0.931,2.2,0.9
16.85,1,cattle,70.360,5.468,-1.6003,0.120,2.2,0.9
16.85,2,car,139.259,3.076,0.1500,1.421,4.2,1.8
16.85,3,truck,145.282,-2.042,3.1116,2.921,9.0,2.5
16.85,4,cattle,145.477,-5.475,-1.6306,0.908,2.2,0.9
16.85,5,cattle,149.330,-2.290,-1.6198,0.000,2.2,0.9
16.85,6,cattle,151.165,-5.895,-1.6305,0.935,2.2,0.9
16.85,7,cattle,155.720,1.758,1.4909,0.768,2.2,0.9
16.85,8,cattle,156.783,-5.815,-1.6995,0.931,2.2,0.9
16.95,1,cattle,70.363,5.457,-1.3665,0.120,2.2,0.9
16.95,2,car,139.397,3.081,-0.0344,1.346,4.2,1.8
16.95,3,truck,144.983,-2.020,3.1454,3.070,9.0,2.5
16.95,4,cattle,145.472,-5.565,-1.6306,0.908,2.2,0.9
16.95,5,cattle,149.330,-2.290,-1.6198,0.000,2.2,0.9
16.95,6,cattle,151.159,-5.988,-1.6305,0.935,2.2,0.9
16.95,7,cattle,155.726,1.834,1.4909,0.768,2.2,0.9
16.95,8,cattle,156.771,-5.907,-1.6995,0.931,2.2,0.9
17.05,1,cattle,70.370,5.447,-0.8514,0.120,2.2,0.9
17.05,2,car,139.528,3.075,0.1500,1.281,4.2,1.8
17.05,3,truck,144.668,-2.072,3.1716,3.218,9.0,2.5
17.05,4,cattle,145.467,-5.656,-1.6306,0.908,2.2,0.9
17.05,5,cattle,149.330,-2.290,-1.6198,0.000,2.2,0.9
17.05,6,cattle,151.154,-6.082,-1.6305,0.935,2.2,0.9
17.05,7,cattle,155.732,1.911,1.4909,0.768,2.2,0.9
17.05,8,cattle,156.759,-5.999,-1.6995,0.931,2.2,0.9
17.15,1,cattle,70.374,5.442,-0.8865,0.000,2.2,0.9
17.15,2,car,139.654,3.065,-0.1305,1.224,4.2,1.8
17.15,3,truck,144.339,-2.083,3.1211,3.367,9.0,2.5
17.15,4,cattle,145.461,-5.747,-1.6306,0.908,2.2,0.9
17.15,5,cattle,149.330,-2.290,-1.6198,0.000,2.2,0.9
17.15,6,cattle,151.148,-6.175,-1.6305,0.935,2.2,0.9
17.15,7,cattle,155.739,1.987,1.4909,0.768,2.2,0.9
17.15,8,cattle,156.747,-6.092,-1.6995,0.931,2.2,0.9
17.25,1,cattle,70.374,5.442,-0.8865,0.000,2.2,0.9
17.25,2,car,139.773,3.028,-0.1453,1.176,4.2,1.8
17.25,3,truck,143.995,-2.071,3.1561,3.515,9.0,2.5
17.25,4,cattle,145.456,-5.837,-1.6306,0.908,2.2,0.9
17.25,5,cattle,149.330,-2.290,-1.6198,0.000,2.2,0.9
17.25,6,cattle,151.142,-6.268,-1.6305,0.935,2.2,0.9
17.25,7,cattle,155.745,2.064,1.4909,0.768,2.2,0.9
17.25,8,cattle,156.735,-6.184,-1.6995,0.931,2.2,0.9
17.35,1,cattle,70.374,5.442,-0.8865,0.000,2.2,0.9
17.35,2,car,139.889,3.046,-0.0700,1.136,4.2,1.8
17.35,3,truck,143.636,-2.073,3.1116,3.662,9.0,2.5
17.35,4,cattle,145.450,-5.928,-1.6306,0.908,2.2,0.9
17.35,5,cattle,149.330,-2.290,-1.6198,0.000,2.2,0.9
17.35,6,cattle,151.137,-6.362,-1.6305,0.935,2.2,0.9
17.35,7,cattle,155.751,2.140,1.4909,0.768,2.2,0.9
17.35,8,cattle,156.723,-6.276,-1.6995,0.931,2.2,0.9
17.45,1,cattle,70.374,5.442,-0.8865,0.000,2.2,0.9
17.45,2,car,140.001,3.016,-0.0126,1.102,4.2,1.8
17.45,3,truck,143.263,-2.108,3.1716,3.809,9.0,2.5
17.45,4,cattle,145.445,-6.019,-1.6306,0.908,2.2,0.9
17.45,5,cattle,149.330,-2.290,-1.6198,0.000,2.2,0.9
17.45,6,cattle,151.131,-6.455,-1.6305,0.935,2.2,0.9
17.45,7,cattle,155.757,2.217,1.4909,0.768,2.2,0.9
17.45,8,cattle,156.711,-6.368,-1.6995,0.931,2.2,0.9
17.55,1,cattle,70.374,5.442,-0.8865,0.000,2.2,0.9
17.55,2,car,140.109,3.052,0.1500,1.070,4.2,1.8
17.55,3,truck,142.874,-2.133,3.1716,3.956,9.0,2.5
17.55,4,cattle,145.439,-6.109,-1.6306,0.908,2.2,0.9
17.55,5,cattle,149.330,-2.290,-1.6198,0.000,2.2,0.9
17.55,6,cattle,151.126,-6.548,-1.6305,0.935,2.2,0.9
17.55,7,cattle,155.763,2.294,1.4909,0.768,2.2,0.9
17.55,8,cattle,156.699,-6.461,-1.6995,0.931,2.2,0.9
17.65,1,cattle,70.374,5.442,-0.8865,0.000,2.2,0.9
17.65,2,car,140.215,3.074,-0.0619,1.035,4.2,1.8
17.65,3,truck,142.471,-2.115,3.1116,4.102,9.0,2.5
17.65,4,cattle,145.434,-6.200,-1.6306,0.908,2.2,0.9
17.65,5,cattle,149.330,-2.290,-1.6198,0.000,2.2,0.9
17.65,6,cattle,151.120,-6.642,-1.6305,0.935,2.2,0.9
17.65,7,cattle,155.769,2.370,1.4909,0.768,2.2,0.9
17.65,8,cattle,156.687,-6.553,-1.6995,0.931,2.2,0.9
17.75,1,cattle,70.374,5.442,-0.8865,0.000,2.2,0.9
17.75,2,car,140.316,3.081,-0.0519,0.997,4.2,1.8
17.75,3,truck,142.054,-2.090,3.1309,4.248,9.0,2.5
17.75,4,cattle,145.429,-6.290,-1.6306,0.908,2.2,0.9
17.75,5,cattle,149.330,-2.290,-1.6198,0.000,2.2,0.9
17.75,6,cattle,151.115,-6.735,-1.6305,0.935,2.2,0.9
17.75,7,cattle,155.775,2.447,1.4909,0.768,2.2,0.9
17.75,8,cattle,156.675,-6.645,-1.6995,0.931,2.2,0.9
17.85,1,cattle,70.374,5.442,-0.8865,0.000,2.2,0.9
17.85,2,car,140.414,3.092,0.0447,0.954,4.2,1.8
17.85,3,truck,141.622,-2.107,3.1393,4.393,9.0,2.5
17.85,4,cattle,145.423,-6.381,-1.6306,0.908,2.2,0.9
17.85,5,cattle,149.330,-2.290,-1.6198,0.000,2.2,0.9
17.85,6,cattle,151.109,-6.828,-1.6305,0.935,2.2,0.9
17.85,7,cattle,155.781,2.523,1.4909,0.768,2.2,0.9
17.85,8,cattle,156.663,-6.738,-1.6995,0.931,2.2,0.9
17.95,1,cattle,70.374,5.442,-0.8865,0.000,2.2,0.9
17.95,2,car,140.507,3.071,-0.1500,0.904,4.2,1.8
17.95,3,truck,141.175,-2.079,3.1116,4.537,9.0,2.5
17.95,4,cattle,145.418,-6.472,-1.6306,0.908,2.2,0.9
17.95,5,cattle,149.330,-2.290,-1.6198,0.000,2.2,0.9
17.95,6,cattle,151.103,-6.922,-1.6305,0.935,2.2,0.9
17.95,7,cattle,155.788,2.600,1.4909,0.768,2.2,0.9
17.95,8,cattle,156.652,-6.830,-1.6995,0.931,2.2,0.9
18.05,1,cattle,70.374,5.442,-0.8865,0.000,2.2,0.9
18.05,2,car,140.595,3.063,-0.0440,0.852,4.2,1.8
18.05,3,truck,140.715,-2.120,3.1716,4.680,9.0,2.5
18.05,4,cattle,145.412,-6.562,-1.6306,0.908,2.2,0.9
18.05,5,cattle,149.330,-2.290,-1.6198,0.000,2.2,0.9
18.05,6,cattle,151.098,-7.015,-1.6305,0.935,2.2,0.9
18.05,7,cattle,155.794,2.676,1.4909,0.768,2.2,0.9
18.05,8,cattle,156.640,-6.922,-1.6995,0.931,2.2,0.9
18.15,1,cattle,70.374,5.442,-0.8865,0.000,2.2,0.9
18.15,2,car,140.677,3.056,-0.1500,0.801,4.2,1.8
18.15,3,truck,140.239,-2.096,3.1251,4.823,9.0,2.5
18.15,4,cattle,145.407,-6.653,-1.6306,0.908,2.2,0.9
18.15,5,cattle,149.330,-2.290,-1.6198,0.000,2.2,0.9
18.15,6,cattle,151.092,-7.108,-1.6305,0.935,2.2,0.9
18.15,7,cattle,155.800,2.753,1.4909,0.768,2.2,0.9
18.15,8,cattle,156.628,-7.015,-1.6995,0.931,2.2,0.9
18.25,1,cattle,70.374,5.442,-0.8865,0.000,2.2,0.9
18.25,2,car,140.755,3.054,0.0467,0.750,4.2,1.8
18.25,3,truck,139.750,-2.098,3.1609,4.965,9.0,2.5
18.25,4,cattle,145.401,-6.744,-1.6306,0.908,2.2,0.9
18.25,5,cattle,149.330,-2.290,-1.6198,0.000,2.2,0.9
18.25,6,cattle,151.087,-7.202,-1.6305,0.935,2.2,0.9
18.25,7,cattle,155.806,2.829,1.4909,0.768,2.2,0.9
18.25,8,cattle,156.616,-7.107,-1.6995,0.931,2.2,0.9
18.35,1,cattle,70.374,5.442,-0.8865,0.000,2.2,0.9
18.35,2,car,140.828,3.040,-0.1500,0.703,4.2,1.8
18.35,3,truck,139.246,-2.101,3.1116,5.105,9.0,2.5
18.35,4,cattle,145.396,-6.834,-1.6306,0.908,2.2,0.9
18.35,5,cattle,149.330,-2.290,-1.6198,0.000,2.2,0.9
18.35,6,cattle,151.081,-7.295,-1.6305,0.935,2.2,0.9
18.35,7,cattle,155.812,2.906,1.4909,0.768,2.2,0.9
18.35,8,cattle,156.604,-7.199,-1.6995,0.931,2.2,0.9
18.45,1,cattle,70.374,5.442,-0.8865,0.000,2.2,0.9
18.45,2,car,140.896,3.048,0.1500,0.657,4.2,1.8
18.45,3,truck,138.729,-2.115,3.1496,5.245,9.0,2.5
18.45,4,cattle,145.391,-6.925,-1.6306,0.908,2.2,0.9
18.45,5,cattle,149.330,-2.290,-1.6198,0.000,2.2,0.9
18.45,6,cattle,151.075,-7.388,-1.6305,0.935,2.2,0.9
18.45,7,cattle,155.818,2.982,1.4909,0.768,2.2,0.9
18.45,8,cattle,156.592,-7.291,-1.6995,0.931,2.2,0.9
18.55,1,cattle,70.374,5.442,-0.8865,0.000,2.2,0.9
18.55,2,car,140.959,3.087,0.1500,0.611,4.2,1.8
18.55,3,truck,138.198,-2.119,3.1116,5.383,9.0,2.5
18.55,4,cattle,145.385,-7.015,-1.6306,0.908,2.2,0.9
18.55,5,cattle,149.330,-2.290,-1.6198,0.000,2.2,0.9
18.55,6,cattle,151.070,-7.482,-1.6305,0.935,2.2,0.9
18.55,7,cattle,155.824,3.059,1.4909,0.768,2.2,0.9
18.55,8,cattle,156.580,-7.384,-1.6995,0.931,2.2,0.9
18.65,1,cattle,70.374,5.442,-0.8865,0.000,2.2,0.9
18.65,2,car,141.018,3.087,-0.0227,0.565,4.2,1.8
18.65,3,truck,137.652,-2.137,3.1186,5.520,9.0,2.5
18.65,4,cattle,145.380,-7.106,-1.6306,0.908,2.2,0.9
18.65,5,cattle,149.330,-2.290,-1.6198,0.000,2.2,0.9
18.65,6,cattle,151.064,-7.575,-1.6305,0.935,2.2,0.9
18.65,7,cattle,155.831,3.136,1.4909,0.768,2.2,0.9
18.65,8,cattle,156.568,-7.476,-1.6995,0.931,2.2,0.9
18.75,1,cattle,70.374,5.442,-0.8865,0.000,2.2,0.9
18.75,2,car,141.072,3.073,-0.1158,0.519,4.2,1.8
18.75,3,truck,137.094,-2.173,3.1716,5.656,9.0,2.5
18.75,4,cattle,145.374,-7.197,-1.6306,0.908,2.2,0.9
18.75,5,cattle,149.330,-2.290,-1.6198,0.000,2.2,0.9
18.75,6,cattle,151.059,-7.668,-1.6305,0.935,2.2,0.9
18.75,7,cattle,155.837,3.212,1.4909,0.768,2.2,0.9
18.75,8,cattle,156.556,-7.568,-1.6995,0.931,2.2,0.9
18.85,1,cattle,70.374,5.442,-0.8865,0.000,2.2,0.9
18.85,2,car,141.122,3.060,-0.0216,0.473,4.2,1.8
18.85,3,truck,136.521,-2.113,3.1116,5.790,9.0,2.5
18.85,4,cattle,145.369,-7.287,-1.6306,0.908,2.2,0.9
18.85,5,cattle,149.330,-2.290,-1.6198,0.000,2.2,0.9
18.85,6,cattle,151.053,-7.762,-1.6305,0.935,2.2,0.9
18.85,7,cattle,155.843,3.289,1.4909,0.768,2.2,0.9
18.85,8,cattle,156.544,-7.661,-1.6995,0.931,2.2,0.9
18.95,1,cattle,70.374,5.442,-0.8865,0.000,2.2,0.9
18.95,2,car,141.167,3.060,0.0141,0.430,4.2,1.8
18.95,3,truck,135.936,-2.092,3.1116,5.923,9.0,2.5
18.95,4,cattle,145.363,-7.378,-1.6306,0.908,2.2,0.9
18.95,5,cattle,149.330,-2.290,-1.6198,0.000,2.2,0.9
18.95,6,cattle,151.048,-7.855,-1.6305,0.935,2.2,0.9
18.95,7,cattle,155.849,3.365,1.4909,0.768,2.2,0.9
18.95,8,cattle,156.532,-7.753,-1.6995,0.931,2.2,0.9
19.05,1,cattle,70.374,5.442,-0.8865,0.000,2.2,0.9
19.05,2,car,141.208,3.057,-0.0466,0.389,4.2,1.8
19.05,3,truck,135.337,-2.032,3.1116,6.054,9.0,2.5
19.05,4,cattle,145.358,-7.468,-1.6306,0.908,2.2,0.9
19.05,5,cattle,149.330,-2.290,-1.6198,0.000,2.2,0.9
19.05,6,cattle,151.042,-7.949,-1.6305,0.935,2.2,0.9
19.05,7,cattle,155.855,3.442,1.4909,0.768,2.2,0.9
19.05,8,cattle,156.520,-7.845,-1.6995,0.931,2.2,0.9
19.15,1,cattle,70.374,5.442,-0.8865,0.000,2.2,0.9
19.15,2,car,141.245,3.034,-0.0887,0.353,4.2,1.8
19.15,3,truck,134.725,-1.972,3.1116,6.183,9.0,2.5
19.15,4,cattle,145.353,-7.559,-1.6306,0.908,2.2,0.9
19.15,5,cattle,149.330,-2.290,-1.6198,0.000,2.2,0.9
19.15,6,cattle,151.036,-8.042,-1.6305,0.935,2.2,0.9
19.15,7,cattle,155.861,3.518,1.4909,0.768,2.2,0.9
19.15,8,cattle,156.508,-7.938,-1.6995,0.931,2.2,0.9
19.25,1,cattle,70.374,5.442,-0.8865,0.000,2.2,0.9
19.25,2,car,141.279,3.014,-0.0809,0.324,4.2,1.8
19.25,3,truck,134.100,-1.943,3.1304,6.311,9.0,2.5
19.25,4,cattle,145.347,-7.650,-1.6306,0.908,2.2,0.9
19.25,5,cattle,149.330,-2.290,-1.6198,0.000,2.2,0.9
19.25,6,cattle,151.031,-8.135,-1.6305,0.935,2.2,0.9
19.25,7,cattle,155.867,3.595,1.4909,0.768,2.2,0.9
19.25,8,cattle,156.496,-8.030,-1.6995,0.931,2.2,0.9
19.35,1,cattle,70.374,5.442,-0.8865,0.000,2.2,0.9
19.35,2,car,141.310,2.999,-0.0447,0.304,4.2,1.8
19.35,3,truck,133.463,-1.940,3.1577,6.436,9.0,2.5
19.35,4,cattle,145.342,-7.740,-1.6306,0.908,2.2,0.9
19.35,5,cattle,149.330,-2.290,-1.6198,0.000,2.2,0.9
19.35,6,cattle,151.025,-8.229,-1.6305,0.935,2.2,0.9
19.35,7,cattle,155.873,3.671,1.4909,0.768,2.2,0.9
19.35,8,cattle,156.484,-8.122,-1.6995,0.931,2.2,0.9
19.45,1,cattle,70.374,5.442,-0.8865,0.000,2.2,0.9
19.45,2,car,141.340,3.000,0.0000,0.293,4.2,1.8
19.45,3,truck,132.813,-1.934,3.1340,6.560,9.0,2.5
19.45,4,cattle,145.336,-7.831,-1.6306,0.908,2.2,0.9
19.45,5,cattle,149.330,-2.290,-1.6198,0.000,2.2,0.9
19.45,6,cattle,151.020,-8.322,-1.6305,0.935,2.2,0.9
19.45,7,cattle,155.880,3.748,1.4909,0.768,2.2,0.9
19.45,8,cattle,156.472,-8.215,-1.6995,0.931,2.2,0.9
19.55,1,cattle,70.374,5.442,-0.8865,0.000,2.2,0.9
19.55,2,car,141.369,3.000,0.0000,0.292,4.2,1.8
19.55,3,truck,132.151,-1.923,3.1261,6.681,9.0,2.5
19.55,4,cattle,145.331,-7.922,-1.6306,0.908,2.2,0.9
19.55,5,cattle,149.330,-2.290,-1.6198,0.000,2.2,0.9
19.55,6,cattle,151.014,-8.415,-1.6305,0.935,2.2,0.9
19.55,7,cattle,155.886,3.825,1.4909,0.768,2.2,0.9
19.55,8,cattle,156.460,-8.307,-1.6995,0.931,2.2,0.9
19.65,1,cattle,70.374,5.442,-0.8865,0.000,2.2,0.9
19.65,2,car,141.398,3.000,0.0000,0.302,4.2,1.8
19.65,3,truck,131.477,-1.936,3.1116,6.801,9.0,2.5
19.65,4,cattle,145.326,-8.012,-1.6306,0.908,2.2,0.9
19.65,5,cattle,149.330,-2.290,-1.6198,0.000,2.2,0.9
19.65,6,cattle,151.008,-8.509,-1.6305,0.935,2.2,0.9
19.65,7,cattle,155.892,3.901,1.4909,0.768,2.2,0.9
19.65,8,cattle,156.448,-8.399,-1.6995,0.931,2.2,0.9
19.75,1,cattle,70.374,5.442,-0.8865,0.000,2.2,0.9
19.75,2,car,141.430,3.018,0.0745,0.323,4.2,1.8
19.75,3,truck,130.791,-1.933,3.1116,6.918,9.0,2.5
19.75,4,cattle,145.320,-8.103,-1.6306,0.908,2.2,0.9
19.75,5,cattle,149.330,-2.290,-1.6198,0.000,2.2,0.9
19.75,6,cattle,151.003,-8.602,-1.6305,0.935,2.2,0.9
19.75,7,cattle,155.898,3.978,1.4909,0.768,2.2,0.9
19.75,8,cattle,156.437,-8.491,-1.6995,0.931,2.2,0.9
19.85,1,cattle,70.374,5.442,-0.8865,0.000,2.2,0.9
19.85,2,car,141.464,3.033,0.0450,0.355,4.2,1.8
19.85,3,truck,130.093,-1.958,3.1485,7.033,9.0,2.5
19.85,4,cattle,145.315,-8.193,-1.6306,0.908,2.2,0.9
19.85,5,cattle,149.330,-2.290,-1.6198,0.000,2.2,0.9
19.85,6,cattle,150.997,-8.695,-1.6305,0.935,2.2,0.9
19.85,7,cattle,155.904,4.054,1.4909,0.768,2.2,0.9
19.85,8,cattle,156.425,-8.584,-1.6995,0.931,2.2,0.9
19.95,1,cattle,70.374,5.442,-0.8865,0.000,2.2,0.9
19.95,2,car,141.501,3.047,0.0516,0.398,4.2,1.8
19.95,3,truck,129.384,-1.947,3.1423,7.146,9.0,2.5
19.95,4,cattle,145.309,-8.284,-1.6306,0.908,2.2,0.9
19.95,5,cattle,149.330,-2.290,-1.6198,0.000,2.2,0.9
19.95,6,cattle,150.992,-8.789,-1.6305,0.935,2.2,0.9
19.95,7,cattle,155.910,4.131,1.4909,0.768,2.2,0.9
19.95,8,cattle,156.413,-8.676,-1.6995,0.931,2.2,0.9
20.05,1,cattle,70.374,5.442,-2.3292,0.120,2.2,0.9
20.05,2,car,141.543,3.066,0.0585,0.450,4.2,1.8
20.05,3,truck,128.664,-1.935,3.1188,7.256,9.0,2.5
20.05,4,cattle,145.304,-8.375,-1.6306,0.908,2.2,0.9
20.05,5,cattle,149.330,-2.290,-1.6198,0.000,2.2,0.9
20.05,6,cattle,150.986,-8.882,-1.6305,0.935,2.2,0.9
20.05,7,cattle,155.916,4.207,1.4909,0.768,2.2,0.9
20.05,8,cattle,156.401,-8.768,-1.6995,0.931,2.2,0.9
20.15,1,cattle,70.365,5.434,-2.4455,0.120,2.2,0.9
20.15,2,car,141.592,3.068,0.0068,0.512,4.2,1.8
20.15,3,truck,127.933,-1.893,3.1116,7.363,9.0,2.5
20.15,4,cattle,145.298,-8.465,-1.6306,0.908,2.2,0.9
20.15,5,cattle,149.330,-2.290,-1.6198,0.000,2.2,0.9
20.15,6,cattle,150.981,-8.975,-1.6305,0.935,2.2,0.9
20.15,7,cattle,155.922,4.284,1.4909,0.768,2.2,0.9
20.15,8,cattle,156.389,-8.861,-1.6995,0.931,2.2,0.9
20.25,1,cattle,70.354,5.439,-3.7863,0.120,2.2,0.9
20.25,2,car,141.646,3.075,0.0293,0.582,4.2,1.8
20.25,3,truck,127.192,-1.851,3.1116,7.468,9.0,2.5
20.25,4,cattle,145.293,-8.556,-1.6306,0.908,2.2,0.9
20.25,5,cattle,149.330,-2.290,-1.6198,0.000,2.2,0.9
20.25,6,cattle,150.975,-9.069,-1.6305,0.935,2.2,0.9
20.25,7,cattle,155.929,4.360,1.4909,0.768,2.2,0.9
20.25,8,cattle,156.377,-8.953,-1.6995,0.931,2.2,0.9
20.35,1,cattle,70.346,5.448,-3.8977,0.120,2.2,0.9
20.35,2,car,141.708,3.064,-0.0659,0.659,4.2,1.8
20.35,3,truck,126.440,-1.834,3.1329,7.571,9.0,2.5
20.35,4,cattle,145.288,-8.647,-1.6306,0.908,2.2,0.9
20.35,5,cattle,149.328,-2.328,-1.6198,0.765,2.2,0.9
20.35,6,cattle,150.969,-9.162,-1.6305,0.935,2.2,0.9
20.35,7,cattle,155.935,4.437,1.4909,0.768,2.2,0.9
20.35,8,cattle,156.365,-9.045,-1.6995,0.931,2.2,0.9
20.45,1,cattle,70.335,5.453,-3.7272,0.120,2.2,0.9
20.45,2,car,141.778,3.066,-0.0796,0.742,4.2,1.8
20.45,3,truck,125.678,-1.779,3.1116,7.671,9.0,2.5
20.45,4,cattle,145.282,-8.737,-1.6306,0.908,2.2,0.9
20.45,5,cattle,149.325,-2.404,-1.6198,0.765,2.2,0.9
20.45,6,cattle,150.964,-9.255,-1.6305,0.935,2.2,0.9
20.45,7,cattle,155.941,4.513,1.4909,0.768,2.2,0.9
20.45,8,cattle,156.353,-9.138,-1.6995,0.931,2.2,0.9
20.55,1,cattle,70.325,5.458,-3.7897,0.120,2.2,0.9
20.55,2,car,141.857,3.067,0.1180,0.830,4.2,1.8
20.55,3,truck,124.906,-1.769,3.1116,7.768,9.0,2.5
20.55,4,cattle,145.277,-8.828,-1.6306,0.908,2.2,0.9
20.55,5,cattle,149.321,-2.481,-1.6198,0.765,2.2,0.9
20.55,6,cattle,150.958,-9.349,-1.6305,0.935,2.2,0.9
20.55,7,cattle,155.947,4.590,1.4909,0.768,2.2,0.9
20.55,8,cattle,156.341,-9.230,-1.6995,0.931,2.2,0.9
20.65,1,cattle,70.318,5.468,-4.4741,0.120,2.2,0.9
20.65,2,car,141.944,3.072,0.0010,0.924,4.2,1.8
20.65,3,truck,124.124,-1.826,3.1716,7.862,9.0,2.5
20.65,4,cattle,145.271,-8.918,-1.6306,0.908,2.2,0.9
20.65,5,cattle,149.317,-2.557,-1.6198,0.765,2.2,0.9
20.65,6,cattle,150.953,-9.442,-1.6305,0.935,2.2,0.9
20.65,7,cattle,155.953,4.667,1.4909,0.768,2.2,0.9
20.65,8,cattle,156.329,-9.322,-1.6995,0.931,2.2,0.9
20.75,1,cattle,70.318,5.479,-4.9566,0.120,2.2,0.9
20.75,2,car,142.042,3.063,0.0936,1.021,4.2,1.8
20.75,3,truck,123.333,-1.820,3.1116,7.954,9.0,2.5
20.75,4,cattle,145.266,-9.009,-1.6306,0.908,2.2,0.9
20.75,5,cattle,149.313,-2.634,-1.6198,0.765,2.2,0.9
20.75,6,cattle,150.947,-9.535,-1.6305,0.935,2.2,0.9
20.75,7,cattle,155.959,4.743,1.4909,0.768,2.2,0.9
20.75,8,cattle,156.317,-9.414,-1.6995,0.931,2.2,0.9
20.85,1,cattle,70.318,5.491,-4.5624,0.120,2.2,0.9
20.85,2,car,142.149,3.097,0.1500,1.121,4.2,1.8
20.85,3,truck,122.534,-1.853,3.1716,8.043,9.0,2.5
20.85,4,cattle,145.260,-9.100,-1.6306,0.908,2.2,0.9
20.85,5,cattle,149.310,-2.710,-1.6198,0.765,2.2,0.9
20.85,6,cattle,150.941,-9.629,-1.6305,0.935,2.2,0.9
20.85,7,cattle,155.965,4.820,1.4909,0.768,2.2,0.9
20.85,8,cattle,156.305,-9.507,-1.6995,0.931,2.2,0.9
20.95,1,cattle,70.314,5.503,-4.3720,0.120,2.2,0.9
20.95,2,car,142.266,3.094,-0.1500,1.224,4.2,1.8
20.95,3,truck,121.725,-1.872,3.1152,8.130,9.0,2.5
20.95,4,cattle,145.255,-9.190,-1.6306,0.908,2.2,0.9
20.95,5,cattle,149.306,-2.786,-1.6198,0.765,2.2,0.9
20.95,6,cattle,150.936,-9.722,-1.6305,0.935,2.2,0.9
20.95,7,cattle,155.971,4.896,1.4909,0.768,2.2,0.9
20.95,8,cattle,156.293,-9.599,-1.6995,0.931,2.2,0.9
21.05,1,cattle,70.307,5.512,-3.9541,0.120,2.2,0.9
21.05,2,car,142.393,3.093,0.1500,1.328,4.2,1.8
21.05,3,truck,120.908,-1.870,3.1621,8.213,9.0,2.5
21.05,4,cattle,145.250,-9.281,-1.6306,0.908,2.2,0.9
21.05,5,cattle,149.302,-2.863,-1.6198,0.765,2.2,0.9
21.05,6,cattle,150.930,-9.815,-1.6305,0.935,2.2,0.9
21.05,7,cattle,155.978,4.973,1.4909,0.768,2.2,0.9
21.05,8,cattle,156.281,-9.691,-1.6995,0.931,2.2,0.9
21.15,1,cattle,70.297,5.519,-3.7181,0.120,2.2,0.9
21.15,2,car,142.532,3.058,-0.1500,1.433,4.2,1.8
21.15,3,truck,120.082,-1.911,3.1716,8.294,9.0,2.5
21.15,4,cattle,145.244,-9.372,-1.6306,0.908,2.2,0.9
21.15,5,cattle,149.298,-2.939,-1.6198,0.765,2.2,0.9
21.15,6,cattle,150.925,-9.909,-1.6305,0.935,2.2,0.9
21.15,7,cattle,155.984,5.049,1.4909,0.768,2.2,0.9
21.15,8,cattle,156.269,-9.784,-1.6995,0.931,2.2,0.9
21.25,1,cattle,70.286,5.525,-3.6370,0.120,2.2,0.9
21.25,2,car,142.680,3.029,-0.1500,1.540,4.2,1.8
21.25,3,truck,119.249,-1.915,3.1410,8.372,9.0,2.5
21.25,4,cattle,145.239,-9.462,-1.6306,0.908,2.2,0.9
21.25,5,cattle,149.295,-3.016,-1.6198,0.765,2.2,0.9
21.25,6,cattle,150.919,-10.002,-1.6305,0.935,2.2,0.9
21.25,7,cattle,155.990,5.126,1.4909,0.768,2.2,0.9
21.25,8,cattle,156.257,-9.876,-1.6995,0.931,2.2,0.9
21.35,1,cattle,70.275,5.529,-3.5984,0.120,2.2,0.9
21.35,2,car,142.839,2.991,-0.0675,1.646,4.2,1.8
21.35,3,truck,118.408,-1.962,3.1716,8.447,9.0,2.5
21.35,4,cattle,145.233,-9.553,-1.6306,0.908,2.2,0.9
21.35,5,cattle,149.291,-3.092,-1.6198,0.765,2.2,0.9
21.35,6,cattle,150.914,-10.095,-1.6305,0.935,2.2,0.9
21.35,7,cattle,155.996,5.202,1.4909,0.768,2.2,0.9
21.35,8,cattle,156.245,-9.968,-1.6995,0.931,2.2,0.9
21.45,1,cattle,70.263,5.528,-3.1540,0.120,2.2,0.9
21.45,2,car,143.009,2.945,-0.1500,1.752,4.2,1.8
21.45,3,truck,117.560,-1.968,3.1116,8.520,9.0,2.5
21.45,4,cattle,145.228,-9.643,-1.6306,0.908,2.2,0.9
21.45,5,cattle,149.287,-3.169,-1.6198,0.765,2.2,0.9
21.45,6,cattle,150.908,-10.189,-1.6305,0.935,2.2,0.9
21.45,7,cattle,156.002,5.279,1.4909,0.768,2.2,0.9
21.45,8,cattle,156.234,-10.061,-1.6995,0.931,2.2,0.9
21.55,1,cattle,70.251,5.528,-3.2596,0.120,2.2,0.9
21.55,2,car,143.190,2.964,0.0252,1.857,4.2,1.8
21.55,3,truck,116.704,-1.954,3.1116,8.590,9.0,2.5
21.55,4,cattle,145.223,-9.734,-1.6306,0.908,2.2,0.9
21.55,5,cattle,149.283,-3.245,-1.6198,0.765,2.2,0.9
21.55,6,cattle,150.902,-10.282,-1.6305,0.935,2.2,0.9
21.55,7,cattle,156.008,5.356,1.4909,0.768,2.2,0.9
21.55,8,cattle,156.222,-10.153,-1.6995,0.931,2.2,0.9
21.65,1,cattle,70.241,5.533,-3.8083,0.120,2.2,0.9
21.65,2,car,143.381,2.908,-0.1500,1.961,4.2,1.8
21.65,3,truck,115.842,-1.941,3.1716,8.657,9.0,2.5
21.65,4,cattle,145.217,-9.825,-1.6306,0.908,2.2,0.9
21.65,5,cattle,149.280,-3.322,-1.6198,0.765,2.2,0.9
21.65,6,cattle,150.897,-10.376,-1.6305,0.935,2.2,0.9
21.65,7,cattle,156.014,5.432,1.4909,0.768,2.2,0.9
21.65,8,cattle,156.210,-10.245,-1.6995,0.931,2.2,0.9
21.75,1,cattle,70.231,5.539,-3.3824,0.120,2.2,0.9
21.75,2,car,143.582,2.950,0.1072,2.062,4.2,1.8
21.75,3,truck,114.973,-1.970,3.1716,8.722,9.0,2.5
21.75,4,cattle,145.212,-9.915,-1.6306,0.908,2.2,0.9
21.75,5,cattle,149.276,-3.398,-1.6198,0.765,2.2,0.9
21.75,6,cattle,150.891,-10.469,-1.6305,0.935,2.2,0.9
21.75,7,cattle,156.020,5.509,1.4909,0.768,2.2,0.9
21.75,8,cattle,156.198,-10.337,-1.6995,0.931,2.2,0.9
21.85,1,cattle,70.219,5.539,-2.9682,0.120,2.2,0.9
21.85,2,car,143.793,2.928,-0.1500,2.162,4.2,1.8
21.85,3,truck,114.098,-1.942,3.1116,8.784,9.0,2.5
21.85,4,cattle,145.206,-10.006,-1.6306,0.908,2.2,0.9
21.85,5,cattle,149.272,-3.475,-1.6198,0.765,2.2,0.9
21.85,6,cattle,150.886,-10.562,-1.6305,0.935,2.2,0.9
21.85,7,cattle,156.027,5.585,1.4909,0.768,2.2,0.9
21.85,8,cattle,156.186,-10.430,-1.6995,0.931,2.2,0.9
21.95,1,cattle,70.207,5.536,-2.7893,0.120,2.2,0.9
21.95,2,car,144.014,2.910,0.0937,2.259,4.2,1.8
21.95,3,truck,113.216,-1.901,3.1116,8.844,9.0,2.5
21.95,4,cattle,145.201,-10.097,-1.6306,0.908,2.2,0.9
21.95,5,cattle,149.268,-3.551,-1.6198,0.765,2.2,0.9
21.95,6,cattle,150.880,-10.656,-1.6305,0.935,2.2,0.9
21.95,7,cattle,156.033,5.662,1.4909,0.768,2.2,0.9
21.95,8,cattle,156.174,-10.522,-1.6995,0.931,2.2,0.9
22.05,1,cattle,70.196,5.532,-2.7566,0.120,2.2,0.9
22.05,2,car,144.245,2.884,-0.1500,2.353,4.2,1.8
22.05,3,truck,112.329,-1.886,3.1227,8.901,9.0,2.5
22.05,4,cattle,145.195,-10.187,-1.6306,0.908,2.2,0.9
22.05,5,cattle,149.265,-3.627,-1.6198,0.765,2.2,0.9
22.05,6,cattle,150.874,-10.749,-1.6305,0.935,2.2,0.9
22.05,7,cattle,156.036,5.700,-1.6507,0.768,2.2,0.9
22.05,8,cattle,156.162,-10.614,-1.6995,0.931,2.2,0.9
22.15,1,cattle,70.185,5.527,-2.7304,0.120,2.2,0.9
22.15,2,car,144.485,2.859,-0.0927,2.443,4.2,1.8
22.15,3,truck,111.436,-1.827,3.1116,8.956,9.0,2.5
22.15,4,cattle,145.190,-10.278,-1.6306,0.908,2.2,0.9
22.15,5,cattle,149.261,-3.704,-1.6198,0.765,2.2,0.9
22.15,6,cattle,150.869,-10.842,-1.6305,0.935,2.2,0.9
22.15,7,cattle,156.036,5.700,-1.6507,0.000,2.2,0.9
22.15,8,cattle,156.150,-10.707,-1.6995,0.931,2.2,0.9
22.25,1,cattle,70.175,5.522,-2.7648,0.120,2.2,0.9
22.25,2,car,144.733,2.839,-0.1275,2.533,4.2,1.8
22.25,3,truck,110.538,-1.787,3.1116,9.009,9.0,2.5
22.25,4,cattle,145.185,-10.368,-1.6306,0.908,2.2,0.9
22.25,5,cattle,149.257,-3.780,-1.6198,0.765,2.2,0.9
22.25,6,cattle,150.863,-10.936,-1.6305,0.935,2.2,0.9
22.25,7,cattle,156.036,5.700,-1.6507,0.000,2.2,0.9
22.25,8,cattle,156.138,-10.799,-1.6995,0.931,2.2,0.9
22.35,1,cattle,70.163,5.520,-3.2773,0.120,2.2,0.9
22.35,2,car,144.991,2.819,-0.1227,2.623,4.2,1.8
22.35,3,truck,109.634,-1.781,3.1416,9.059,9.0,2.5
22.35,4,cattle,145.179,-10.459,-1.6306,0.908,2.2,0.9
22.35,5,cattle,149.253,-3.857,-1.6198,0.765,2.2,0.9
22.35,6,cattle,150.858,-11.029,-1.6305,0.935,2.2,0.9
22.35,7,cattle,156.036,5.700,-1.6507,0.000,2.2,0.9
22.35,8,cattle,156.126,-10.891,-1.6995,0.931,2.2,0.9
22.45,1,cattle,70.151,5.519,-2.9493,0.120,2.2,0.9
22.45,2,car,145.258,2.770,-0.1377,2.714,4.2,1.8
22.45,3,truck,108.726,-1.795,3.1316,9.107,9.0,2.5
22.45,4,cattle,145.174,-10.550,-1.6306,0.908,2.2,0.9
22.45,5,cattle,149.250,-3.933,-1.6198,0.765,2.2,0.9
22.45,6,cattle,150.852,-11.122,-1.6305,0.935,2.2,0.9
22.45,7,cattle,156.036,5.700,-1.6507,0.000,2.2,0.9
22.45,8,cattle,156.114,-10.984,-1.6995,0.931,2.2,0.9
22.55,1,cattle,70.140,5.518,-3.3038,0.120,2.2,0.9
22.55,2,car,145.534,2.777,0.0957,2.807,4.2,1.8
22.55,3,truck,107.813,-1.790,3.1716,9.153,9.0,2.5
22.55,4,cattle,145.168,-10.640,-1.6306,0.908,2.2,0.9
22.55,5,cattle,149.246,-4.010,-1.6198,0.765,2.2,0.9
22.55,6,cattle,150.847,-11.216,-1.6305,0.935,2.2,0.9
22.55,7,cattle,156.036,5.700,-1.6507,0.000,2.2,0.9
22.55,8,cattle,156.102,-11.076,-1.6995,0.931,2.2,0.9
22.65,1,cattle,70.129,5.522,-3.1887,0.120,2.2,0.9
22.65,2,car,145.822,2.756,-0.1500,2.957,4.2,1.8
22.65,3,truck,106.896,-1.844,3.1716,9.197,9.0,2.5
22.65,4,cattle,145.163,-10.731,-1.6306,0.908,2.2,0.9
22.65,5,cattle,149.242,-4.086,-1.6198,0.765,2.2,0.9
22.65,6,cattle,150.841,-11.309,-1.6305,0.935,2.2,0.9
22.65,7,cattle,156.036,5.700,-1.6507,0.000,2.2,0.9
22.65,8,cattle,156.090,-11.168,-1.6995,0.931,2.2,0.9
22.75,1,cattle,70.117,5.521,-3.1959,0.120,2.2,0.9
22.75,2,car,146.125,2.696,-0.1500,3.107,4.2,1.8
22.75,3,truck,105.974,-1.827,3.1210,9.238,9.0,2.5
22.75,4,cattle,145.157,-10.822,-1.6306,0.908,2.2,0.9
22.75,5,cattle,149.238,-4.163,-1.6198,0.765,2.2,0.9
22.75,6,cattle,150.835,-11.402,-1.6305,0.935,2.2,0.9
22.75,7,cattle,156.036,5.700,-1.6507,0.000,2.2,0.9
22.75,8,cattle,156.078,-11.260,-1.6995,0.931,2.2,0.9
22.85,1,cattle,70.105,5.523,-3.1877,0.120,2.2,0.9
22.85,2,car,146.441,2.666,0.0024,3.203,4.2,1.8
22.85,3,truck,105.048,-1.853,3.1367,9.278,9.0,2.5
22.85,4,cattle,145.152,-10.912,-1.6306,0.908,2.2,0.9
22.85,5,cattle,149.235,-4.239,-1.6198,0.765,2.2,0.9
22.85,6,cattle,150.830,-11.496,-1.6305,0.935,2.2,0.9
22.85,7,cattle,156.036,5.700,-1.6507,0.000,2.2,0.9
22.85,8,cattle,156.066,-11.353,-1.6995,0.931,2.2,0.9
22.95,1,cattle,70.093,5.525,-3.2598,0.120,2.2,0.9
22.95,2,car,146.766,2.695,0.1500,3.302,4.2,1.8
22.95,3,truck,104.118,-1.868,3.1552,9.316,9.0,2.5
22.95,4,cattle,145.147,-11.003,-1.6306,0.908,2.2,0.9
22.95,5,cattle,149.231,-4.316,-1.6198,0.765,2.2,0.9
22.95,6,cattle,150.824,-11.589,-1.6305,0.935,2.2,0.9
22.95,7,cattle,156.036,5.700,-1.6507,0.000,2.2,0.9
22.95,8,cattle,156.054,-11.445,-1.6995,0.931,2.2,0.9
23.05,1,cattle,70.081,5.528,-3.3798,0.120,2.2,0.9
23.05,2,car,147.104,2.659,-0.0785,3.452,4.2,1.8
23.05,3,truck,103.185,-1.885,3.1716,9.352,9.0,2.5
23.05,4,cattle,145.141,-11.093,-1.6306,0.908,2.2,0.9
23.05,5,cattle,149.227,-4.392,-1.6198,0.765,2.2,0.9
23.05,6,cattle,150.819,-11.682,-1.6305,0.935,2.2,0.9
23.05,7,cattle,156.036,5.700,-1.6507,0.000,2.2,0.9
23.05,8,cattle,156.042,-11.537,-1.6995,0.931,2.2,0.9
23.15,1,cattle,70.070,5.530,-3.4996,0.120,2.2,0.9
23.15,2,car,147.456,2.667,0.1500,3.601,4.2,1.8
23.15,3,truck,102.248,-1.920,3.1716,9.387,9.0,2.5
23.15,4,cattle,145.136,-11.184,-1.6306,0.908,2.2,0.9
23.15,5,cattle,149.223,-4.468,-1.6198,0.765,2.2,0.9
23.15,6,cattle,150.813,-11.776,-1.6305,0.935,2.2,0.9
23.15,7,cattle,156.036,5.700,-1.6507,0.000,2.2,0.9
23.15,8,cattle,156.030,-11.630,-1.6995,0.931,2.2,0.9
23.25,1,cattle,70.059,5.535,-3.4432,0.120,2.2,0.9
23.25,2,car,147.824,2.651,0.0156,3.750,4.2,1.8
23.25,3,truck,101.308,-1.915,3.1518,9.419,9.0,2.5
23.25,4,cattle,145.130,-11.275,-1.6306,0.908,2.2,0.9
23.25,5,cattle,149.220,-4.545,-1.6198,0.765,2.2,0.9
23.25,6,cattle,150.807,-11.869,-1.6305,0.935,2.2,0.9
23.25,7,cattle,156.036,5.700,-1.6507,0.000,2.2,0.9
23.25,8,cattle,156.019,-11.722,-1.6995,0.931,2.2,0.9
23.35,1,cattle,70.047,5.536,-3.3754,0.120,2.2,0.9
23.35,2,car,148.207,2.644,0.0413,3.900,4.2,1.8
23.35,3,truck,100.364,-1.855,3.1116,9.450,9.0,2.5
23.35,4,cattle,145.125,-11.365,-1.6306,0.908,2.2,0.9
23.35,5,cattle,149.216,-4.621,-1.6198,0.765,2.2,0.9
23.35,6,cattle,150.802,-11.962,-1.6305,0.935,2.2,0.9
23.35,7,cattle,156.036,5.700,-1.6507,0.000,2.2,0.9
23.35,8,cattle,156.007,-11.814,-1.6995,0.931,2.2,0.9
23.45,1,cattle,70.035,5.539,-3.3528,0.120,2.2,0.9
23.45,2,car,148.604,2.696,0.1117,4.049,4.2,1.8
23.45,3,truck,99.418,-1.795,3.1116,9.480,9.0,2.5
23.45,4,cattle,145.120,-11.456,-1.6306,0.908,2.2,0.9
23.45,5,cattle,149.212,-4.698,-1.6198,0.765,2.2,0.9
23.45,6,cattle,150.800,-12.000,-1.6305,0.000,2.2,0.9
23.45,7,cattle,156.036,5.700,-1.6507,0.000,2.2,0.9
23.45,8,cattle,155.995,-11.907,-1.6995,0.931,2.2,0.9
23.55,1,cattle,70.025,5.545,-3.6859,0.120,2.2,0.9
23.55,2,car,149.016,2.697,-0.1376,4.198,4.2,1.8
23.55,3,truck,98.468,-1.848,3.1716,9.508,9.0,2.5
23.55,4,cattle,145.114,-11.547,-1.6306,0.908,2.2,0.9
23.55,5,cattle,149.208,-4.774,-1.6198,0.765,2.2,0.9
23.55,6,cattle,150.800,-12.000,-1.6305,0.000,2.2,0.9
23.55,7,cattle,156.036,5.700,-1.6507,0.000,2.2,0.9
23.55,8,cattle,155.983,-11.999,-1.6995,0.931,2.2,0.9
23.65,1,cattle,70.017,5.554,-4.0069,0.120,2.2,0.9
23.65,2,car,149.443,2.680,0.0114,4.346,4.2,1.8
23.65,3,truck,97.516,-1.810,3.1116,9.534,9.0,2.5
23.65,4,cattle,145.109,-11.637,-1.6306,0.908,2.2,0.9
23.65,5,cattle,149.205,-4.851,-1.6198,0.765,2.2,0.9
23.65,6,cattle,150.800,-12.000,-1.6305,0.000,2.2,0.9
23.65,7,cattle,156.036,5.700,-1.6507,0.000,2.2,0.9
23.65,8,cattle,155.983,-12.000,-1.6995,0.000,2.2,0.9
23.75,1,cattle,70.007,5.561,-3.6647,0.120,2.2,0.9
23.75,2,car,149.885,2.664,-0.0546,4.478,4.2,1.8
23.75,3,truck,96.561,-1.816,3.1290,9.560,9.0,2.5
23.75,4,cattle,145.103,-11.728,-1.6306,0.908,2.2,0.9
23.75,5,cattle,149.201,-4.927,-1.6198,0.765,2.2,0.9
23.75,6,cattle,150.800,-12.000,-1.6305,0.000,2.2,0.9
23.75,7,cattle,156.036,5.700,-1.6507,0.000,2.2,0.9
23.75,8,cattle,155.983,-12.000,-1.6995,0.000,2.2,0.9
23.85,1,cattle,70.002,5.564,-3.6275,0.000,2.2,0.9
23.85,2,car,150.339,2.643,-0.1064,4.594,4.2,1.8
23.85,3,truck,95.604,-1.788,3.1116,9.584,9.0,2.5
23.85,4,cattle,145.098,-11.818,-1.6306,0.908,2.2,0.9
23.85,5,cattle,149.197,-5.004,-1.6198,0.765,2.2,0.9
23.85,6,cattle,150.800,-12.000,-1.6305,0.000,2.2,0.9
23.85,7,cattle,156.036,5.700,-1.6507,0.000,2.2,0.9
23.85,8,cattle,155.983,-12.000,-1.6995,0.000,2.2,0.9
23.95,1,cattle,70.002,5.564,-3.6275,0.000,2.2,0.9
23.95,2,car,150.804,2.703,0.1266,4.713,4.2,1.8
23.95,3,truck,94.645,-1.788,3.1716,9.606,9.0,2.5
23.95,4,cattle,145.092,-11.909,-1.6306,0.908,2.2,0.9
23.95,5,cattle,149.193,-5.080,-1.6198,0.765,2.2,0.9
23.95,6,cattle,150.800,-12.000,-1.6305,0.000,2.2,0.9
23.95,7,cattle,156.036,5.700,-1.6507,0.000,2.2,0.9
23.95,8,cattle,155.983,-12.000,-1.6995,0.000,2.2,0.9
24.05,1,cattle,70.002,5.564,-3.6275,0.000,2.2,0.9
24.05,2,car,151.281,2.702,-0.0354,4.834,4.2,1.8
24.05,3,truck,93.683,-1.840,3.1716,9.628,9.0,2.5
24.05,4,cattle,145.087,-12.000,-1.6306,0.908,2.2,0.9
24.05,5,cattle,149.190,-5.157,-1.6198,0.765,2.2,0.9
24.05,6,cattle,150.800,-12.000,-1.6305,0.000,2.2,0.9
24.05,7,cattle,156.033,5.662,-1.6507,0.768,2.2,0.9
24.05,8,cattle,155.983,-12.000,-1.6995,0.000,2.2,0.9
24.15,1,cattle,70.002,5.564,-3.6275,0.000,2.2,0.9
24.15,2,car,151.771,2.762,0.1205,4.957,4.2,1.8
24.15,3,truck,92.719,-1.900,3.1716,9.648,9.0,2.5
24.15,4,cattle,145.087,-12.000,-1.6306,0.000,2.2,0.9
24.15,5,cattle,149.186,-5.233,-1.6198,0.765,2.2,0.9
24.15,6,cattle,150.800,-12.000,-1.6305,0.000,2.2,0.9
24.15,7,cattle,156.027,5.585,-1.6507,0.768,2.2,0.9
24.15,8,cattle,155.983,-12.000,-1.6995,0.000,2.2,0.9
24.25,1,cattle,70.002,5.564,-3.6275,0.000,2.2,0.9
24.25,2,car,152.273,2.816,0.0945,5.082,4.2,1.8
24.25,3,truck,91.753,-1.932,3.1716,9.667,9.0,2.5
24.25,4,cattle,145.087,-12.000,-1.6306,0.000,2.2,0.9
24.25,5,cattle,149.182,-5.309,-1.6198,0.765,2.2,0.9
24.25,6,cattle,150.800,-12.000,-1.6305,0.000,2.2,0.9
24.25,7,cattle,156.020,5.509,-1.6507,0.768,2.2,0.9
24.25,8,cattle,155.983,-12.000,-1.6995,0.000,2.2,0.9
24.35,1,cattle,70.002,5.564,-3.6275,0.000,2.2,0.9
24.35,2,car,152.787,2.840,-0.0226,5.210,4.2,1.8
24.35,3,truck,90.786,-1.957,3.1716,9.686,9.0,2.5
24.35,4,cattle,145.087,-12.000,-1.6306,0.000,2.2,0.9
24.35,5,cattle,149.178,-5.386,-1.6198,0.765,2.2,0.9
24.35,6,cattle,150.800,-12.000,-1.6305,0.000,2.2,0.9
24.35,7,cattle,156.014,5.432,-1.6507,0.768,2.2,0.9
24.35,8,cattle,155.983,-12.000,-1.6995,0.000,2.2,0.9
24.45,1,cattle,70.002,5.564,-3.6275,0.000,2.2,0.9
24.45,2,car,153.315,2.837,-0.0445,5.339,4.2,1.8
24.45,3,truck,89.816,-1.963,3.1689,9.703,9.0,2.5
24.45,4,cattle,145.087,-12.000,-1.6306,0.000,2.2,0.9
24.45,5,cattle,149.175,-5.462,-1.6198,0.765,2.2,0.9
24.45,6,cattle,150.800,-12.000,-1.6305,0.000,2.2,0.9
24.45,7,cattle,156.008,5.356,-1.6507,0.768,2.2,0.9
24.45,8,cattle,155.983,-12.000,-1.6995,0.000,2.2,0.9
24.55,1,cattle,70.002,5.564,-3.6275,0.000,2.2,0.9
24.55,2,car,153.855,2.890,0.0828,5.469,4.2,1.8
24.55,3,truck,88.845,-1.918,3.1116,9.719,9.0,2.5
24.55,4,cattle,145.087,-12.000,-1.6306,0.000,2.2,0.9
24.55,5,cattle,149.171,-5.539,-1.6198,0.765,2.2,0.9
24.55,6,cattle,150.800,-12.000,-1.6305,0.000,2.2,0.9
24.55,7,cattle,156.002,5.279,-1.6507,0.768,2.2,0.9
24.55,8,cattle,155.983,-12.000,-1.6995,0.000,2.2,0.9
24.65,1,cattle,70.002,5.564,-3.6275,0.000,2.2,0.9
24.65,2,car,154.409,2.897,0.0442,5.601,4.2,1.8
24.65,3,truck,87.872,-1.941,3.1716,9.734,9.0,2.5
24.65,4,cattle,145.087,-12.000,-1.6306,0.000,2.2,0.9
24.65,5,cattle,149.167,-5.615,-1.6198,0.765,2.2,0.9
24.65,6,cattle,150.800,-12.000,-1.6305,0.000,2.2,0.9
24.65,7,cattle,155.996,5.202,-1.6507,0.768,2.2,0.9
24.65,8,cattle,155.983,-12.000,-1.6995,0.000,2.2,0.9
24.75,1,cattle,70.002,5.564,-3.6275,0.000,2.2,0.9
24.75,2,car,154.975,2.856,-0.0609,5.734,4.2,1.8
24.75,3,truck,86.898,-1.955,3.1271,9.749,9.0,2.5
24.75,4,cattle,145.087,-12.000,-1.6306,0.000,2.2,0.9
24.75,5,cattle,149.163,-5.692,-1.6198,0.765,2.2,0.9
24.75,6,cattle,150.800,-12.000,-1.6305,0.000,2.2,0.9
24.75,7,cattle,155.990,5.126,-1.6507,0.768,2.2,0.9
24.75,8,cattle,155.983,-12.000,-1.6995,0.000,2.2,0.9
24.85,1,cattle,70.002,5.564,-3.6275,0.000,2.2,0.9
24.85,2,car,155.555,2.862,-0.0813,5.868,4.2,1.8
24.85,3,truck,85.923,-1.982,3.1716,9.763,9.0,2.5
24.85,4,cattle,145.087,-12.000,-1.6306,0.000,2.2,0.9
24.85,5,cattle,149.160,-5.768,-1.6198,0.765,2.2,0.9
24.85,6,cattle,150.800,-12.000,-1.6305,0.000,2.2,0.9
24.85,7,cattle,155.984,5.049,-1.6507,0.768,2.2,0.9
24.85,8,cattle,155.983,-12.000,-1.6995,0.000,2.2,0.9
24.95,1,cattle,70.002,5.564,-3.6275,0.000,2.2,0.9
24.95,2,car,156.149,2.877,0.0111,6.003,4.2,1.8
24.95,3,truck,84.946,-1.938,3.1116,9.776,9.0,2.5
24.95,4,cattle,145.087,-12.000,-1.6306,0.000,2.2,0.9
24.95,5,cattle,149.156,-5.845,-1.6198,0.765,2.2,0.9
24.95,6,cattle,150.800,-12.000,-1.6305,0.000,2.2,0.9
24.95,7,cattle,155.978,4.973,-1.6507,0.768,2.2,0.9
24.95,8,cattle,155.983,-12.000,-1.6995,0.000,2.2,0.9
25.05,1,cattle,70.002,5.564,-3.6275,0.000,2.2,0.9
25.05,2,car,156.756,2.911,0.0252,6.139,4.2,1.8
25.05,3,truck,83.968,-1.957,3.1716,9.788,9.0,2.5
25.05,4,cattle,145.087,-12.000,-1.6306,0.000,2.2,0.9
25.05,5,cattle,149.152,-5.921,-1.6198,0.765,2.2,0.9
25.05,6,cattle,150.800,-12.000,-1.6305,0.000,2.2,0.9
25.05,7,cattle,155.971,4.896,-1.6507,0.768,2.2,0.9
25.05,8,cattle,155.983,-12.000,-1.6995,0.000,2.2,0.9
25.15,1,cattle,70.002,5.564,-3.6275,0.000,2.2,0.9
25.15,2,car,157.377,2.882,-0.0563,6.276,4.2,1.8
25.15,3,truck,82.988,-1.945,3.1551,9.800,9.0,2.5
25.15,4,cattle,145.087,-12.000,-1.6306,0.000,2.2,0.9
25.15,5,cattle,149.148,-5.998,-1.6198,0.765,2.2,0.9
25.15,6,cattle,150.800,-12.000,-1.6305,0.000,2.2,0.9
25.15,7,cattle,155.965,4.820,-1.6507,0.768,2.2,0.9
25.15,8,cattle,155.983,-12.000,-1.6995,0.000,2.2,0.9
25.25,1,cattle,70.002,5.564,-3.6275,0.000,2.2,0.9
25.25,2,car,158.011,2.865,0.0047,6.413,4.2,1.8
25.25,3,truck,82.008,-1.972,3.1647,9.811,9.0,2.5
25.25,4,cattle,145.087,-12.000,-1.6306,0.000,2.2,0.9
25.25,5,cattle,149.144,-6.074,-1.6198,0.765,2.2,0.9
25.25,6,cattle,150.800,-12.000,-1.6305,0.000,2.2,0.9
25.25,7,cattle,155.959,4.743,-1.6507,0.768,2.2,0.9
25.25,8,cattle,155.983,-12.000,-1.6995,0.000,2.2,0.9
25.35,1,cattle,70.002,5.564,-3.6275,0.000,2.2,0.9
25.35,2,car,158.660,2.877,0.0039,6.551,4.2,1.8
25.35,3,truck,81.026,-1.946,3.1496,9.821,9.0,2.5
25.35,4,cattle,145.087,-12.000,-1.6306,0.000,2.2,0.9
25.35,5,cattle,149.141,-6.150,-1.6198,0.765,2.2,0.9
25.35,6,cattle,150.800,-12.000,-1.6305,0.000,2.2,0.9
25.35,7,cattle,155.953,4.667,-1.6507,0.768,2.2,0.9
25.35,8,cattle,155.983,-12.000,-1.6995,0.000,2.2,0.9
25.45,1,cattle,70.002,5.564,-3.6275,0.000,2.2,0.9
25.45,2,car,159.322,2.890,0.0513,6.689,4.2,1.8
25.45,3,truck,80.043,-1.887,3.1116,9.831,9.0,2.5
25.45,4,cattle,145.087,-12.000,-1.6306,0.000,2.2,0.9
25.45,5,cattle,149.137,-6.227,-1.6198,0.765,2.2,0.9
25.45,6,cattle,150.800,-12.000,-1.6305,0.000,2.2,0.9
25.45,7,cattle,155.947,4.590,-1.6507,0.768,2.2,0.9
25.45,8,cattle,155.983,-12.000,-1.6995,0.000,2.2,0.9
25.55,1,cattle,70.002,5.564,-3.6275,0.000,2.2,0.9
25.55,2,car,159.997,2.910,0.0784,6.827,4.2,1.8
25.55,3,truck,79.060,-1.888,3.1411,9.840,9.0,2.5
25.55,4,cattle,145.087,-12.000,-1.6306,0.000,2.2,0.9
25.55,5,cattle,149.133,-6.303,-1.6198,0.765,2.2,0.9
25.55,6,cattle,150.800,-12.000,-1.6305,0.000,2.2,0.9
25.55,7,cattle,155.941,4.513,-1.6507,0.768,2.2,0.9
25.55,8,cattle,155.983,-12.000,-1.6995,0.000,2.2,0.9
25.65,1,cattle,70.002,5.564,-3.6275,0.000,2.2,0.9
25.65,2,car,160.687,2.873,-0.0181,6.965,4.2,1.8
25.65,3,truck,78.075,-1.905,3.1716,9.849,9.0,2.5
25.65,4,cattle,145.087,-12.000,-1.6306,0.000,2.2,0.9
25.65,5,cattle,149.129,-6.380,-1.6198,0.765,2.2,0.9
25.65,6,cattle,150.800,-12.000,-1.6305,0.000,2.2,0.9
25.65,7,cattle,155.935,4.437,-1.6507,0.768,2.2,0.9
25.65,8,cattle,155.983,-12.000,-1.6995,0.000,2.2,0.9
25.75,1,cattle,70.002,5.564,-3.6275,0.000,2.2,0.9
25.75,2,car,161.390,2.920,0.0501,7.103,4.2,1.8
25.75,3,truck,77.090,-1.952,3.1716,9.857,9.0,2.5
25.75,4,cattle,145.087,-12.000,-1.6306,0.000,2.2,0.9
25.75,5,cattle,149.126,-6.456,-1.6198,0.765,2.2,0.9
25.75,6,cattle,150.800,-12.000,-1.6305,0.000,2.2,0.9
25.75,7,cattle,155.929,4.360,-1.6507,0.768,2.2,0.9
25.75,8,cattle,155.983,-12.000,-1.6995,0.000,2.2,0.9
25.85,1,cattle,70.002,5.564,-3.6275,0.000,2.2,0.9
25.85,2,car,162.108,2.932,0.0326,7.241,4.2,1.8
25.85,3,truck,76.104,-2.012,3.1716,9.865,9.0,2.5
25.85,4,cattle,145.087,-12.000,-1.6306,0.000,2.2,0.9
25.85,5,cattle,149.122,-6.533,-1.6198,0.765,2.2,0.9
25.85,6,cattle,150.800,-12.000,-1.6305,0.000,2.2,0.9
25.85,7,cattle,155.922,4.284,-1.6507,0.768,2.2,0.9
25.85,8,cattle,155.983,-12.000,-1.6995,0.000,2.2,0.9
25.95,1,cattle,70.002,5.564,-3.6275,0.000,2.2,0.9
25.95,2,car,162.839,2.940,0.0220,7.378,4.2,1.8
25.95,3,truck,75.117,-2.000,3.1716,9.872,9.0,2.5
25.95,4,cattle,145.087,-12.000,-1.6306,0.000,2.2,0.9
25.95,5,cattle,149.118,-6.609,-1.6198,0.765,2.2,0.9
25.95,6,cattle,150.800,-12.000,-1.6305,0.000,2.2,0.9
25.95,7,cattle,155.916,4.207,-1.6507,0.768,2.2,0.9
25.95,8,cattle,155.983,-12.000,-1.6995,0.000,2.2,0.9
26.05,1,cattle,70.002,5.564,-3.6275,0.000,2.2,0.9
26.05,2,car,163.583,2.880,-0.0797,7.514,4.2,1.8
26.05,3,truck,74.130,-2.021,3.1716,9.879,9.0,2.5
26.05,4,cattle,145.087,-12.000,-1.6306,0.000,2.2,0.9
26.05,5,cattle,149.114,-6.686,-1.6198,0.765,2.2,0.9
26.05,6,cattle,150.800,-12.000,-1.6305,0.000,2.2,0.9
26.05,7,cattle,155.910,4.131,-1.6507,0.768,2.2,0.9
26.05,8,cattle,155.983,-12.000,-1.6995,0.000,2.2,0.9
26.15,1,cattle,70.002,5.564,-3.6275,0.000,2.2,0.9
26.15,2,car,164.341,2.852,-0.0085,7.650,4.2,1.8
26.15,3,truck,73.142,-2.012,3.1577,9.885,9.0,2.5
26.15,4,cattle,145.087,-12.000,-1.6306,0.000,2.2,0.9
26.15,5,cattle,149.111,-6.762,-1.6198,0.765,2.2,0.9
26.15,6,cattle,150.800,-12.000,-1.6305,0.000,2.2,0.9
26.15,7,cattle,155.904,4.054,-1.6507,0.768,2.2,0.9
26.15,8,cattle,155.983,-12.000,-1.6995,0.000,2.2,0.9
26.25,1,cattle,70.002,5.564,-3.6275,0.000,2.2,0.9
26.25,2,car,165.113,2.831,-0.0012,7.785,4.2,1.8
26.25,3,truck,72.153,-2.045,3.1674,9.891,9.0,2.5
26.25,4,cattle,145.087,-12.000,-1.6306,0.000,2.2,0.9
26.25,5,cattle,149.107,-6.839,-1.6198,0.765,2.2,0.9
26.25,6,cattle,150.800,-12.000,-1.6305,0.000,2.2,0.9
26.25,7,cattle,155.898,3.978,-1.6507,0.768,2.2,0.9
26.25,8,cattle,155.983,-12.000,-1.6995,0.000,2.2,0.9
26.35,1,cattle,70.002,5.564,-3.6275,0.000,2.2,0.9
26.35,2,car,165.898,2.851,0.0265,7.919,4.2,1.8
26.35,3,truck,71.163,-2.063,3.1508,9.897,9.0,2.5
26.35,4,cattle,145.087,-12.000,-1.6306,0.000,2.2,0.9
26.35,5,cattle,149.103,-6.915,-1.6198,0.765,2.2,0.9
26.35,6,cattle,150.800,-12.000,-1.6305,0.000,2.2,0.9
26.35,7,cattle,155.892,3.901,-1.6507,0.768,2.2,0.9
26.35,8,cattle,155.983,-12.000,-1.6995,0.000,2.2,0.9
26.45,1,cattle,70.002,5.564,-3.6275,0.000,2.2,0.9
26.45,2,car,166.697,2.839,-0.0744,8.052,4.2,1.8
26.45,3,truck,70.173,-2.073,3.1716,9.903,9.0,2.5
26.45,4,cattle,145.087,-12.000,-1.6306,0.000,2.2,0.9
26.45,5,cattle,149.099,-6.991,-1.6198,0.765,2.2,0.9
26.45,6,cattle,150.800,-12.000,-1.6305,0.000,2.2,0.9
26.45,7,cattle,155.886,3.825,-1.6507,0.768,2.2,0.9
26.45,8,cattle,155.983,-12.000,-1.6995,0.000,2.2,0.9
26.55,1,cattle,70.002,5.564,-3.6275,0.000,2.2,0.9
26.55,2,car,167.509,2.891,0.0540,8.184,4.2,1.8
26.55,3,truck,69.183,-2.076,3.1716,9.908,9.0,2.5
26.55,4,cattle,145.087,-12.000,-1.6306,0.000,2.2,0.9
26.55,5,cattle,149.096,-7.068,-1.6198,0.765,2.2,0.9
26.55,6,cattle,150.800,-12.000,-1.6305,0.000,2.2,0.9
26.55,7,cattle,155.880,3.748,-1.6507,0.768,2.2,0.9
26.55,8,cattle,155.983,-12.000,-1.6995,0.000,2.2,0.9
26.65,1,cattle,70.002,5.564,-3.6275,0.000,2.2,0.9
26.65,2,car,168.334,2.852,-0.0210,8.315,4.2,1.8
26.65,3,truck,68.192,-2.061,3.1471,9.912,9.0,2.5
26.65,4,cattle,145.087,-12.000,-1.6306,0.000,2.2,0.9
26.65,5,cattle,149.092,-7.144,-1.6198,0.765,2.2,0.9
26.65,6,cattle,150.800,-12.000,-1.6305,0.000,2.2,0.9
26.65,7,cattle,155.873,3.671,-1.6507,0.768,2.2,0.9
26.65,8,cattle,155.983,-12.000,-1.6995,0.000,2.2,0.9
26.75,1,cattle,70.002,5.564,-3.6275,0.000,2.2,0.9
26.75,2,car,169.172,2.847,0.0046,8.445,4.2,1.8
26.75,3,truck,67.200,-2.048,3.1116,9.917,9.0,2.5
26.75,4,cattle,145.087,-12.000,-1.6306,0.000,2.2,0.9
26.75,5,cattle,149.088,-7.221,-1.6198,0.765,2.2,0.9
26.75,6,cattle,150.800,-12.000,-1.6305,0.000,2.2,0.9
26.75,7,cattle,155.867,3.595,-1.6507,0.768,2.2,0.9
26.75,8,cattle,155.983,-12.000,-1.6995,0.000,2.2,0.9
26.85,1,cattle,70.002,5.564,-3.6275,0.000,2.2,0.9
26.85,2,car,170.022,2.907,0.0699,8.573,4.2,1.8
26.85,3,truck,66.208,-2.047,3.1259,9.921,9.0,2.5
26.85,4,cattle,145.087,-12.000,-1.6306,0.000,2.2,0.9
26.85,5,cattle,149.084,-7.297,-1.6198,0.765,2.2,0.9
26.85,6,cattle,150.800,-12.000,-1.6305,0.000,2.2,0.9
26.85,7,cattle,155.861,3.518,-1.6507,0.768,2.2,0.9
26.85,8,cattle,155.983,-12.000,-1.6995,0.000,2.2,0.9
26.95,1,cattle,70.002,5.564,-3.6275,0.000,2.2,0.9
26.95,2,car,170.886,2.928,0.0021,8.701,4.2,1.8
26.95,3,truck,65.216,-2.029,3.1116,9.925,9.0,2.5
26.95,4,cattle,145.087,-12.000,-1.6306,0.000,2.2,0.9
26.95,5,cattle,149.081,-7.374,-1.6198,0.765,2.2,0.9
26.95,6,cattle,150.800,-12.000,-1.6305,0.000,2.2,0.9
26.95,7,cattle,155.855,3.442,-1.6507,0.768,2.2,0.9
26.95,8,cattle,155.983,-12.000,-1.6995,0.000,2.2,0.9
27.05,1,cattle,70.002,5.564,-3.6275,0.000,2.2,0.9
27.05,2,car,171.763,2.917,-0.0202,8.827,4.2,1.8
27.05,3,truck,64.223,-1.979,3.1116,9.929,9.0,2.5
27.05,4,cattle,145.087,-12.000,-1.6306,0.000,2.2,0.9
27.05,5,cattle,149.077,-7.450,-1.6198,0.765,2.2,0.9
27.05,6,cattle,150.800,-12.000,-1.6305,0.000,2.2,0.9
27.05,7,cattle,155.849,3.365,-1.6507,0.768,2.2,0.9
27.05,8,cattle,155.983,-12.000,-1.6995,0.000,2.2,0.9
27.15,1,cattle,70.002,5.564,-3.6275,0.000,2.2,0.9
27.15,2,car,172.652,2.926,-0.0466,8.952,4.2,1.8
27.15,3,truck,63.230,-1.979,3.1716,9.933,9.0,2.5
27.15,4,cattle,145.087,-12.000,-1.6306,0.000,2.2,0.9
27.15,5,cattle,149.073,-7.527,-1.6198,0.765,2.2,0.9
27.15,6,cattle,150.800,-12.000,-1.6305,0.000,2.2,0.9
27.15,7,cattle,155.843,3.289,-1.6507,0.768,2.2,0.9
27.15,8,cattle,155.983,-12.000,-1.6995,0.000,2.2,0.9
27.25,1,cattle,70.002,5.564,-3.6275,0.000,2.2,0.9
27.25,2,car,173.553,2.869,-0.0660,9.076,4.2,1.8
27.25,3,truck,62.237,-1.999,3.1292,9.936,9.0,2.5
27.25,4,cattle,145.087,-12.000,-1.6306,0.000,2.2,0.9
27.25,5,cattle,149.069,-7.603,-1.6198,0.765,2.2,0.9
27.25,6,cattle,150.800,-12.000,-1.6305,0.000,2.2,0.9
27.25,7,cattle,155.837,3.212,-1.6507,0.768,2.2,0.9
27.25,8,cattle,155.983,-12.000,-1.6995,0.000,2.2,0.9
27.35,1,cattle,70.002,5.564,-3.6275,0.000,2.2,0.9
27.35,2,car,174.467,2.809,-0.0651,9.198,4.2,1.8
27.35,3,truck,61.243,-1.975,3.1116,9.939,9.0,2.5
27.35,4,cattle,145.087,-12.000,-1.6306,0.000,2.2,0.9
27.35,5,cattle,149.066,-7.680,-1.6198,0.765,2.2,0.9
27.35,6,cattle,150.800,-12.000,-1.6305,0.000,2.2,0.9
27.35,7,cattle,155.831,3.136,-1.6507,0.768,2.2,0.9
27.35,8,cattle,155.983,-12.000,-1.6995,0.000,2.2,0.9
27.45,1,cattle,70.002,5.564,-3.6275,0.000,2.2,0.9
27.45,2,car,175.393,2.749,-0.0643,9.319,4.2,1.8
27.45,3,truck,60.249,-1.958,3.1212,9.942,9.0,2.5
27.45,4,cattle,145.087,-12.000,-1.6306,0.000,2.2,0.9
27.45,5,cattle,149.062,-7.756,-1.6198,0.765,2.2,0.9
27.45,6,cattle,150.800,-12.000,-1.6305,0.000,2.2,0.9
27.45,7,cattle,155.824,3.059,-1.6507,0.768,2.2,0.9
27.45,8,cattle,155.983,-12.000,-1.6995,0.000,2.2,0.9
27.55,1,cattle,70.002,5.564,-3.6275,0.000,2.2,0.9
27.55,2,car,176.330,2.689,-0.0635,9.438,4.2,1.8
27.55,3,truck,59.255,-1.942,3.1702,9.945,9.0,2.5
27.55,4,cattle,145.087,-12.000,-1.6306,0.000,2.2,0.9
27.55,5,cattle,149.058,-7.832,-1.6198,0.765,2.2,0.9
27.55,6,cattle,150.800,-12.000,-1.6305,0.000,2.2,0.9
27.55,7,cattle,155.818,2.982,-1.6507,0.768,2.2,0.9
27.55,8,cattle,155.983,-12.000,-1.6995,0.000,2.2,0.9
27.65,1,cattle,69.997,5.567,-3.6787,0.120,2.2,0.9
27.65,2,car,177.280,2.629,-0.0627,9.556,4.2,1.8
27.65,3,truck,58.260,-1.950,3.1116,9.948,9.0,2.5
27.65,4,cattle,145.087,-12.000,-1.6306,0.000,2.2,0.9
27.65,5,cattle,149.054,-7.909,-1.6198,0.765,2.2,0.9
27.65,6,cattle,150.800,-12.000,-1.6305,0.000,2.2,0.9
27.65,7,cattle,155.812,2.906,-1.6507,0.768,2.2,0.9
27.65,8,cattle,155.983,-12.000,-1.6995,0.000,2.2,0.9
27.75,1,cattle,69.991,5.577,-4.1449,0.120,2.2,0.9
27.75,2,car,178.242,2.569,-0.0620,9.672,4.2,1.8
27.75,3,truck,57.265,-1.961,3.1470,9.950,9.0,2.5
27.75,4,cattle,145.087,-12.000,-1.6306,0.000,2.2,0.9
27.75,5,cattle,149.051,-7.985,-1.6198,0.765,2.2,0.9
27.75,6,cattle,150.800,-12.000,-1.6305,0.000,2.2,0.9
27.75,7,cattle,155.806,2.829,-1.6507,0.768,2.2,0.9
27.75,8,cattle,155.983,-12.000,-1.6995,0.000,2.2,0.9
27.85,1,cattle,69.983,5.586,-4.0741,0.120,2.2,0.9
27.85,2,car,179.215,2.509,-0.0612,9.787,4.2,1.8
27.85,3,truck,56.270,-2.015,3.1716,9.953,9.0,2.5
27.85,4,cattle,145.087,-12.000,-1.6306,0.000,2.2,0.9
27.85,5,cattle,149.047,-8.062,-1.6198,0.765,2.2,0.9
27.85,6,cattle,150.800,-12.000,-1.6305,0.000,2.2,0.9
27.85,7,cattle,155.800,2.753,-1.6507,0.768,2.2,0.9
27.85,8,cattle,155.983,-12.000,-1.6995,0.000,2.2,0.9
27.95,1,cattle,69.977,5.597,-4.4224,0.120,2.2,0.9
27.95,2,car,180.199,2.449,-0.0605,9.900,4.2,1.8
27.95,3,truck,55.275,-2.029,3.1601,9.955,9.0,2.5
27.95,4,cattle,145.087,-12.000,-1.6306,0.000,2.2,0.9
27.95,5,cattle,149.043,-8.138,-1.6198,0.765,2.2,0.9
27.95,6,cattle,150.800,-12.000,-1.6305,0.000,2.2,0.9
27.95,7,cattle,155.794,2.676,-1.6507,0.768,2.2,0.9
27.95,8,cattle,155.983,-12.000,-1.6995,0.000,2.2,0.9
28.05,1,cattle,69.977,5.608,-4.7889,0.120,2.2,0.9
28.05,2,car,181.195,2.389,-0.0599,10.012,4.2,1.8
28.05,3,truck,54.279,-2.089,3.1716,9.957,9.0,2.5
28.05,4,cattle,145.087,-12.000,-1.6306,0.000,2.2,0.9
28.05,5,cattle,149.039,-8.215,-1.6198,0.765,2.2,0.9
28.05,6,cattle,150.800,-12.000,-1.6305,0.000,2.2,0.9
28.05,7,cattle,155.788,2.600,-1.6507,0.768,2.2,0.9
28.05,8,cattle,155.983,-12.000,-1.6995,0.000,2.2,0.9
28.15,1,cattle,69.975,5.620,-4.3769,0.120,2.2,0.9
28.15,2,car,182.201,2.329,-0.0592,10.121,4.2,1.8
28.15,3,truck,53.283,-2.126,3.1716,9.959,9.0,2.5
28.15,4,cattle,145.087,-12.000,-1.6306,0.000,2.2,0.9
28.15,5,cattle,149.036,-8.291,-1.6198,0.765,2.2,0.9
28.15,6,cattle,150.800,-12.000,-1.6305,0.000,2.2,0.9
28.15,7,cattle,155.781,2.523,-1.6507,0.768,2.2,0.9
28.15,8,cattle,155.983,-12.000,-1.6995,0.000,2.2,0.9
28.25,1,cattle,69.965,5.624,-3.1611,0.120,2.2,0.9
28.25,2,car,183.219,2.269,-0.0586,10.229,4.2,1.8
28.25,3,truck,52.287,-2.180,3.1716,9.961,9.0,2.5
28.25,4,cattle,145.087,-12.000,-1.6306,0.000,2.2,0.9
28.25,5,cattle,149.032,-8.368,-1.6198,0.765,2.2,0.9
28.25,6,cattle,150.800,-12.000,-1.6305,0.000,2.2,0.9
28.25,7,cattle,155.775,2.447,-1.6507,0.768,2.2,0.9
28.25,8,cattle,155.983,-12.000,-1.6995,0.000,2.2,0.9
28.35,1,cattle,69.953,5.623,-2.8320,0.120,2.2,0.9
28.35,2,car,184.247,2.209,-0.0580,10.336,4.2,1.8
28.35,3,truck,51.291,-2.149,3.1146,9.962,9.0,2.5
28.35,4,cattle,145.087,-12.000,-1.6306,0.000,2.2,0.9
28.35,5,cattle,149.028,-8.444,-1.6198,0.765,2.2,0.9
28.35,6,cattle,150.800,-12.000,-1.6305,0.000,2.2,0.9
28.35,7,cattle,155.769,2.370,-1.6507,0.768,2.2,0.9
28.35,8,cattle,155.983,-12.000,-1.6995,0.000,2.2,0.9
28.45,1,cattle,69.947,5.613,-1.9396,0.120,2.2,0.9
28.45,2,car,185.286,2.149,-0.0574,10.440,4.2,1.8
28.45,3,truck,50.295,-2.156,3.1421,9.964,9.0,2.5
28.45,4,cattle,145.087,-12.000,-1.6306,0.000,2.2,0.9
28.45,5,cattle,149.024,-8.521,-1.6198,0.765,2.2,0.9
28.45,6,cattle,150.800,-12.000,-1.6305,0.000,2.2,0.9
28.45,7,cattle,155.763,2.294,-1.6507,0.768,2.2,0.9
28.45,8,cattle,155.983,-12.000,-1.6995,0.000,2.2,0.9
28.55,1,cattle,69.946,5.601,-1.8471,0.120,2.2,0.9
28.55,2,car,186.335,2.089,-0.0568,10.543,4.2,1.8
28.55,3,truck,49.298,-2.175,3.1716,9.966,9.0,2.5
28.55,4,cattle,145.087,-12.000,-1.6306,0.000,2.2,0.9
28.55,5,cattle,149.021,-8.597,-1.6198,0.765,2.2,0.9
28.55,6,cattle,150.800,-12.000,-1.6305,0.000,2.2,0.9
28.55,7,cattle,155.757,2.217,-1.6507,0.768,2.2,0.9
28.55,8,cattle,155.983,-12.000,-1.6995,0.000,2.2,0.9
28.65,1,cattle,69.947,5.589,-1.4244,0.120,2.2,0.9
28.65,2,car,187.394,2.029,-0.0563,10.644,4.2,1.8
28.65,3,truck,48.302,-2.182,3.1716,9.967,9.0,2.5
28.65,4,cattle,145.087,-12.000,-1.6306,0.000,2.2,0.9
28.65,5,cattle,149.017,-8.673,-1.6198,0.765,2.2,0.9
28.65,6,cattle,150.800,-12.000,-1.6305,0.000,2.2,0.9
28.65,7,cattle,155.751,2.140,-1.6507,0.768,2.2,0.9
28.65,8,cattle,155.983,-12.000,-1.6995,0.000,2.2,0.9
28.75,1,cattle,69.951,5.578,-1.3814,0.120,2.2,0.9
28.75,2,car,188.464,1.983,-0.0517,10.743,4.2,1.8
28.75,3,truck,47.305,-2.188,3.1116,9.968,9.0,2.5
28.75,4,cattle,145.087,-12.000,-1.6306,0.000,2.2,0.9
28.75,5,cattle,149.013,-8.750,-1.6198,0.765,2.2,0.9
28.75,6,cattle,150.800,-12.000,-1.6305,0.000,2.2,0.9
28.75,7,cattle,155.745,2.064,-1.6507,0.768,2.2,0.9
28.75,8,cattle,155.983,-12.000,-1.6995,0.000,2.2,0.9
28.85,1,cattle,69.953,5.567,-1.3968,0.120,2.2,0.9
28.85,2,car,189.543,1.999,-0.0016,10.840,4.2,1.8
28.85,3,truck,46.308,-2.219,3.1716,9.970,9.0,2.5
28.85,4,cattle,145.087,-12.000,-1.6306,0.000,2.2,0.9
28.85,5,cattle,149.009,-8.826,-1.6198,0.765,2.2,0.9
28.85,6,cattle,150.800,-12.000,-1.6305,0.000,2.2,0.9
28.85,7,cattle,155.739,1.987,-1.6507,0.768,2.2,0.9
28.85,8,cattle,155.983,-12.000,-1.6995,0.000,2.2,0.9
28.95,1,cattle,69.959,5.556,-0.9612,0.120,2.2,0.9
28.95,2,car,190.632,2.037,0.0154,10.936,4.2,1.8
28.95,3,truck,45.311,-2.246,3.1534,9.971,9.0,2.5
28.95,4,cattle,145.087,-12.000,-1.6306,0.000,2.2,0.9
28.95,5,cattle,149.006,-8.903,-1.6198,0.765,2.2,0.9
28.95,6,cattle,150.800,-12.000,-1.6305,0.000,2.2,0.9
28.95,7,cattle,155.732,1.911,-1.6507,0.768,2.2,0.9
28.95,8,cattle,155.983,-12.000,-1.6995,0.000,2.2,0.9
29.05,1,cattle,69.967,5.548,-0.7950,0.120,2.2,0.9
29.05,2,car,191.730,2.039,0.0062,11.029,4.2,1.8
29.05,3,truck,44.314,-2.233,3.1170,9.972,9.0,2.5
29.05,4,cattle,145.087,-12.000,-1.6306,0.000,2.2,0.9
29.05,5,cattle,149.002,-8.979,-1.6198,0.765,2.2,0.9
29.05,6,cattle,150.800,-12.000,-1.6305,0.000,2.2,0.9
29.05,7,cattle,155.726,1.834,-1.6507,0.768,2.2,0.9
29.05,8,cattle,155.983,-12.000,-1.6995,0.000,2.2,0.9
29.15,1,cattle,69.976,5.540,-0.8869,0.120,2.2,0.9
29.15,2,car,192.837,2.048,0.0539,11.121,4.2,1.8
29.15,3,truck,43.317,-2.261,3.1375,9.973,9.0,2.5
29.15,4,cattle,145.087,-12.000,-1.6306,0.000,2.2,0.9
29.15,5,cattle,148.998,-9.056,-1.6198,0.765,2.2,0.9
29.15,6,cattle,150.800,-12.000,-1.6305,0.000,2.2,0.9
29.15,7,cattle,155.720,1.758,-1.6507,0.768,2.2,0.9
29.15,8,cattle,155.983,-12.000,-1.6995,0.000,2.2,0.9
29.25,1,cattle,69.983,5.530,-1.0062,0.120,2.2,0.9
29.25,2,car,193.954,2.065,-0.0242,11.211,4.2,1.8
29.25,3,truck,42.319,-2.265,3.1716,9.974,9.0,2.5
29.25,4,cattle,145.087,-12.000,-1.6306,0.000,2.2,0.9
29.25,5,cattle,148.994,-9.132,-1.6198,0.765,2.2,0.9
29.25,6,cattle,150.800,-12.000,-1.6305,0.000,2.2,0.9
29.25,7,cattle,155.714,1.681,-1.6507,0.768,2.2,0.9
29.25,8,cattle,155.983,-12.000,-1.6995,0.000,2.2,0.9
29.35,1,cattle,69.987,5.519,-1.3944,0.120,2.2,0.9
29.35,2,car,195.079,2.102,0.0531,11.299,4.2,1.8
29.35,3,truck,41.322,-2.265,3.1116,9.975,9.0,2.5
29.35,4,cattle,145.087,-12.000,-1.6306,0.000,2.2,0.9
29.35,5,cattle,148.991,-9.209,-1.6198,0.765,2.2,0.9
29.35,6,cattle,150.800,-12.000,-1.6305,0.000,2.2,0.9
29.35,7,cattle,155.708,1.605,-1.6507,0.768,2.2,0.9
29.35,8,cattle,155.983,-12.000,-1.6995,0.000,2.2,0.9
29.45,1,cattle,69.991,5.508,-1.3077,0.120,2.2,0.9
29.45,2,car,196.214,2.143,0.0193,11.385,4.2,1.8
29.45,3,truck,40.324,-2.282,3.1350,9.976,9.0,2.5
29.45,4,cattle,145.087,-12.000,-1.6306,0.000,2.2,0.9
29.45,5,cattle,148.987,-9.285,-1.6198,0.765,2.2,0.9
29.45,6,cattle,150.800,-12.000,-1.6305,0.000,2.2,0.9
29.45,7,cattle,155.702,1.528,-1.6507,0.768,2.2,0.9
29.45,8,cattle,155.983,-12.000,-1.6995,0.000,2.2,0.9
29.55,1,cattle,69.994,5.496,-1.3987,0.120,2.2,0.9
29.55,2,car,197.356,2.097,-0.0405,11.468,4.2,1.8
29.55,3,truck,39.327,-2.236,3.1116,9.977,9.0,2.5
29.55,4,cattle,145.087,-12.000,-1.6306,0.000,2.2,0.9
29.55,5,cattle,148.983,-9.362,-1.6198,0.765,2.2,0.9
29.55,6,cattle,150.800,-12.000,-1.6305,0.000,2.2,0.9
29.55,7,cattle,155.696,1.451,-1.6507,0.768,2.2,0.9
29.55,8,cattle,155.983,-12.000,-1.6995,0.000,2.2,0.9
29.65,1,cattle,69.994,5.484,-1.5694,0.120,2.2,0.9
29.65,2,car,198.507,2.152,0.0425,11.550,4.2,1.8
29.65,3,truck,38.329,-2.227,3.1190,9.978,9.0,2.5
29.65,4,cattle,145.087,-12.000,-1.6306,0.000,2.2,0.9
29.65,5,cattle,148.979,-9.438,-1.6198,0.765,2.2,0.9
29.65,6,cattle,150.800,-12.000,-1.6305,0.000,2.2,0.9
29.65,7,cattle,155.690,1.375,-1.6507,0.768,2.2,0.9
29.65,8,cattle,155.983,-12.000,-1.6995,0.000,2.2,0.9
29.75,1,cattle,69.994,5.472,-1.5415,0.120,2.2,0.9
29.75,2,car,199.666,2.184,0.0281,11.630,4.2,1.8
29.75,3,truck,37.331,-2.241,3.1716,9.978,9.0,2.5
29.75,4,cattle,145.087,-12.000,-1.6306,0.000,2.2,0.9
29.75,5,cattle,148.976,-9.514,-1.6198,0.765,2.2,0.9
29.75,6,cattle,150.800,-12.000,-1.6305,0.000,2.2,0.9
29.75,7,cattle,155.683,1.298,-1.6507,0.768,2.2,0.9
29.75,8,cattle,155.983,-12.000,-1.6995,0.000,2.2,0.9
29.85,1,cattle,69.988,5.462,-2.2261,0.120,2.2,0.9
29.85,2,car,200.833,2.169,-0.0312,11.709,4.2,1.8
29.85,3,truck,36.333,-2.210,3.1116,9.979,9.0,2.5
29.85,4,cattle,145.087,-12.000,-1.6306,0.000,2.2,0.9
29.85,5,cattle,148.972,-9.591,-1.6198,0.765,2.2,0.9
29.85,6,cattle,150.800,-12.000,-1.6305,0.000,2.2,0.9
29.85,7,cattle,155.677,1.222,-1.6507,0.768,2.2,0.9
29.85,8,cattle,155.983,-12.000,-1.6995,0.000,2.2,0.9
29.95,1,cattle,69.987,5.450,-1.4035,0.120,2.2,0.9
29.95,2,car,202.008,2.138,-0.0509,11.785,4.2,1.8
29.95,3,truck,35.335,-2.172,3.1116,9.980,9.0,2.5
29.95,4,cattle,145.087,-12.000,-1.6306,0.000,2.2,0.9
29.95,5,cattle,148.968,-9.667,-1.6198,0.765,2.2,0.9
29.95,6,cattle,150.800,-12.000,-1.6305,0.000,2.2,0.9
29.95,7,cattle,155.671,1.145,-1.6507,0.768,2.2,0.9
29.95,8,cattle,155.983,-12.000,-1.6995,0.000,2.2,0.9
30.05,1,cattle,69.985,5.438,-1.5877,0.120,2.2,0.9
30.05,2,car,203.190,2.137,-0.0142,11.859,4.2,1.8
30.05,3,truck,34.337,-2.161,3.1414,9.980,9.0,2.5
30.05,4,cattle,145.087,-12.000,-1.6306,0.000,2.2,0.9
30.05,5,cattle,148.964,-9.744,-1.6198,0.765,2.2,0.9
30.05,6,cattle,150.800,-12.000,-1.6305,0.000,2.2,0.9
30.05,7,cattle,155.665,1.069,-1.6507,0.768,2.2,0.9
30.05,8,cattle,155.983,-12.000,-1.6995,0.000,2.2,0.9
30.15,1,cattle,69.982,5.427,-2.1981,0.120,2.2,0.9
30.15,2,car,204.380,2.094,-0.0210,11.931,4.2,1.8
30.15,3,truck,33.339,-2.171,3.1716,9.981,9.0,2.5
30.15,4,cattle,145.087,-12.000,-1.6306,0.000,2.2,0.9
30.15,5,cattle,148.961,-9.820,-1.6198,0.765,2.2,0.9
30.15,6,cattle,150.800,-12.000,-1.6305,0.000,2.2,0.9
30.15,7,cattle,155.659,0.992,-1.6507,0.768,2.2,0.9
30.15,8,cattle,155.983,-12.000,-1.6995,0.000,2.2,0.9
30.25,1,cattle,69.973,5.420,-2.3122,0.120,2.2,0.9
30.25,2,car,205.576,2.067,-0.0360,12.002,4.2,1.8
30.25,3,truck,32.341,-2.148,3.1138,9.981,9.0,2.5
30.25,4,cattle,145.087,-12.000,-1.6306,0.000,2.2,0.9
30.25,5,cattle,148.957,-9.897,-1.6198,0.765,2.2,0.9
30.25,6,cattle,150.800,-12.000,-1.6305,0.000,2.2,0.9
30.25,7,cattle,155.653,0.916,-1.6507,0.768,2.2,0.9
30.25,8,cattle,155.983,-12.000,-1.6995,0.000,2.2,0.9
30.35,1,cattle,69.962,5.414,-2.7514,0.120,2.2,0.9
30.35,2,car,206.780,2.041,0.0064,12.070,4.2,1.8
30.35,3,truck,31.343,-2.139,3.1500,9.982,9.0,2.5
30.35,4,cattle,145.087,-12.000,-1.6306,0.000,2.2,0.9
30.35,5,cattle,148.953,-9.973,-1.6198,0.765,2.2,0.9
30.35,6,cattle,150.800,-12.000,-1.6305,0.000,2.2,0.9
30.35,7,cattle,155.647,0.839,-1.6507,0.768,2.2,0.9
30.35,8,cattle,155.983,-12.000,-1.6995,0.000,2.2,0.9
30.45,1,cattle,69.950,5.412,-3.0347,0.120,2.2,0.9
30.45,2,car,207.990,1.991,-0.0358,12.137,4.2,1.8
30.45,3,truck,30.345,-2.121,3.1116,9.982,9.0,2.5
30.45,4,cattle,145.087,-12.000,-1.6306,0.000,2.2,0.9
30.45,5,cattle,148.949,-10.050,-1.6198,0.765,2.2,0.9
30.45,6,cattle,150.800,-12.000,-1.6305,0.000,2.2,0.9
30.45,7,cattle,155.641,0.762,-1.6507,0.768,2.2,0.9
30.45,8,cattle,155.983,-12.000,-1.6995,0.000,2.2,0.9
30.55,1,cattle,69.939,5.416,-3.5490,0.120,2.2,0.9
30.55,2,car,209.207,1.975,-0.0491,12.202,4.2,1.8
30.55,3,truck,29.346,-2.123,3.1277,9.983,9.0,2.5
30.55,4,cattle,145.087,-12.000,-1.6306,0.000,2.2,0.9
30.55,5,cattle,148.946,-10.126,-1.6198,0.765,2.2,0.9
30.55,6,cattle,150.800,-12.000,-1.6305,0.000,2.2,0.9
30.55,7,cattle,155.634,0.686,-1.6507,0.768,2.2,0.9
30.55,8,cattle,155.983,-12.000,-1.6995,0.000,2.2,0.9
30.65,1,cattle,69.930,5.424,-4.0902,0.120,2.2,0.9
30.65,2,car,210.431,2.001,-0.0004,12.265,4.2,1.8
30.65,3,truck,28.348,-2.126,3.1716,9.983,9.0,2.5
30.65,4,cattle,145.087,-12.000,-1.6306,0.000,2.2,0.9
30.65,5,cattle,148.942,-10.203,-1.6198,0.765,2.2,0.9
30.65,6,cattle,150.800,-12.000,-1.6305,0.000,2.2,0.9
30.65,7,cattle,155.628,0.609,-1.6507,0.768,2.2,0.9
30.65,8,cattle,155.983,-12.000,-1.6995,0.000,2.2,0.9
30.75,1,cattle,69.928,5.435,-4.6685,0.120,2.2,0.9
30.75,2,car,211.660,1.965,-0.0486,12.326,4.2,1.8
30.75,3,truck,27.350,-2.137,3.1364,9.984,9.0,2.5
30.75,4,cattle,145.087,-12.000,-1.6306,0.000,2.2,0.9
30.75,5,cattle,148.938,-10.279,-1.6198,0.765,2.2,0.9
30.75,6,cattle,150.800,-12.000,-1.6305,0.000,2.2,0.9
30.75,7,cattle,155.622,0.533,-1.6507,0.768,2.2,0.9
30.75,8,cattle,155.983,-12.000,-1.6995,0.000,2.2,0.9
30.85,1,cattle,69.927,5.447,-4.7571,0.120,2.2,0.9
30.85,2,car,212.896,1.952,0.0036,12.385,4.2,1.8
30.85,3,truck,26.351,-2.117,3.1210,9.984,9.0,2.5
30.85,4,cattle,145.087,-12.000,-1.6306,0.000,2.2,0.9
30.85,5,cattle,148.934,-10.355,-1.6198,0.765,2.2,0.9
30.85,6,cattle,150.800,-12.000,-1.6305,0.000,2.2,0.9
30.85,7,cattle,155.616,0.456,-1.6507,0.768,2.2,0.9
30.85,8,cattle,155.983,-12.000,-1.6995,0.000,2.2,0.9
30.95,1,cattle,69.924,5.459,-4.3479,0.120,2.2,0.9
30.95,2,car,214.137,1.993,0.0194,12.443,4.2,1.8
30.95,3,truck,25.353,-2.114,3.1434,9.984,9.0,2.5
30.95,4,cattle,145.087,-12.000,-1.6306,0.000,2.2,0.9
30.95,5,cattle,148.931,-10.432,-1.6198,0.765,2.2,0.9
30.95,6,cattle,150.800,-12.000,-1.6305,0.000,2.2,0.9
30.95,7,cattle,155.610,0.380,-1.6507,0.768,2.2,0.9
30.95,8,cattle,155.983,-12.000,-1.6995,0.000,2.2,0.9
31.05,1,cattle,69.928,5.470,-5.3381,0.120,2.2,0.9
31.05,2,car,215.384,2.039,0.0405,12.499,4.2,1.8
31.05,3,truck,24.354,-2.152,3.1578,9.985,9.0,2.5
31.05,4,cattle,145.087,-12.000,-1.6306,0.000,2.2,0.9
31.05,5,cattle,148.927,-10.508,-1.6198,0.765,2.2,0.9
31.05,6,cattle,150.800,-12.000,-1.6305,0.000,2.2,0.9
31.05,7,cattle,155.604,0.303,-1.6507,0.768,2.2,0.9
31.05,8,cattle,155.983,-12.000,-1.6995,0.000,2.2,0.9
31.15,1,cattle,69.931,5.481,-4.8818,0.120,2.2,0.9
31.15,2,car,216.637,2.078,0.0478,12.553,4.2,1.8
31.15,3,truck,23.356,-2.145,3.1395,9.985,9.0,2.5
31.15,4,cattle,145.087,-12.000,-1.6306,0.000,2.2,0.9
31.15,5,cattle,148.923,-10.585,-1.6198,0.765,2.2,0.9
31.15,6,cattle,150.800,-12.000,-1.6305,0.000,2.2,0.9
31.15,7,cattle,155.598,0.227,-1.6507,0.768,2.2,0.9
31.15,8,cattle,155.983,-12.000,-1.6995,0.000,2.2,0.9
31.25,1,cattle,69.934,5.493,-4.8757,0.120,2.2,0.9
31.25,2,car,217.895,2.060,-0.0476,12.606,4.2,1.8
31.25,3,truck,22.357,-2.120,3.1116,9.985,9.0,2.5
31.25,4,cattle,145.087,-12.000,-1.6306,0.000,2.2,0.9
31.25,5,cattle,148.919,-10.661,-1.6198,0.765,2.2,0.9
31.25,6,cattle,150.800,-12.000,-1.6305,0.000,2.2,0.9
31.25,7,cattle,155.591,0.150,-1.6507,0.768,2.2,0.9
31.25,8,cattle,155.983,-12.000,-1.6995,0.000,2.2,0.9
31.35,1,cattle,69.942,5.501,-5.5990,0.120,2.2,0.9
31.35,2,car,219.158,2.064,0.0151,12.657,4.2,1.8
31.35,3,truck,21.359,-2.094,3.1503,9.986,9.0,2.5
31.35,4,cattle,145.087,-12.000,-1.6306,0.000,2.2,0.9
31.35,5,cattle,148.916,-10.738,-1.6198,0.765,2.2,0.9
31.35,6,cattle,150.800,-12.000,-1.6305,0.000,2.2,0.9
31.35,7,cattle,155.585,0.074,-1.6507,0.768,2.2,0.9
31.35,8,cattle,155.983,-12.000,-1.6995,0.000,2.2,0.9
31.45,1,cattle,69.948,5.512,-5.1127,0.120,2.2,0.9
31.45,2,car,220.426,2.113,0.0472,12.706,4.2,1.8
31.45,3,truck,20.360,-2.090,3.1116,9.986,9.0,2.5
31.45,4,cattle,145.087,-12.000,-1.6306,0.000,2.2,0.9
31.45,5,cattle,148.912,-10.814,-1.6198,0.765,2.2,0.9
31.45,6,cattle,150.800,-12.000,-1.6305,0.000,2.2,0.9
31.45,7,cattle,155.579,-0.003,-1.6507,0.768,2.2,0.9
31.45,8,cattle,155.983,-12.000,-1.6995,0.000,2.2,0.9
31.55,1,cattle,69.952,5.523,-4.8979,0.120,2.2,0.9
31.55,2,car,221.699,2.118,0.0074,12.754,4.2,1.8
31.55,3,truck,19.362,-2.114,3.1315,9.986,9.0,2.5
31.55,4,cattle,145.087,-12.000,-1.6306,0.000,2.2,0.9
31.55,5,cattle,148.908,-10.891,-1.6198,0.765,2.2,0.9
31.55,6,cattle,150.800,-12.000,-1.6305,0.000,2.2,0.9
31.55,7,cattle,155.573,-0.080,-1.6507,0.768,2.2,0.9
31.55,8,cattle,155.983,-12.000,-1.6995,0.000,2.2,0.9
31.65,1,cattle,69.951,5.534,-4.3340,0.120,2.2,0.9
31.65,2,car,222.977,2.114,0.0072,12.800,4.2,1.8
31.65,3,truck,18.363,-2.130,3.1594,9.986,9.0,2.5
31.65,4,cattle,145.087,-12.000,-1.6306,0.000,2.2,0.9
31.65,5,cattle,148.904,-10.967,-1.6198,0.765,2.2,0.9
31.65,6,cattle,150.800,-12.000,-1.6305,0.000,2.2,0.9
31.65,7,cattle,155.567,-0.156,-1.6507,0.768,2.2,0.9
31.65,8,cattle,155.983,-12.000,-1.6995,0.000,2.2,0.9
31.75,1,cattle,69.950,5.546,-4.6355,0.120,2.2,0.9
31.75,2,car,224.259,2.156,0.0374,12.845,4.2,1.8
31.75,3,truck,17.364,-2.137,3.1439,9.987,9.0,2.5
31.75,4,cattle,145.087,-12.000,-1.6306,0.000,2.2,0.9
31.75,5,cattle,148.901,-11.044,-1.6198,0.765,2.2,0.9
31.75,6,cattle,150.800,-12.000,-1.6305,0.000,2.2,0.9
31.75,7,cattle,155.561,-0.233,-1.6507,0.768,2.2,0.9
31.75,8,cattle,155.983,-12.000,-1.6995,0.000,2.2,0.9
31.85,1,cattle,69.947,5.558,-4.6415,0.120,2.2,0.9
31.85,2,car,225.546,2.148,-0.0180,12.889,4.2,1.8
31.85,3,truck,16.366,-2.166,3.1395,9.987,9.0,2.5
31.85,4,cattle,145.087,-12.000,-1.6306,0.000,2.2,0.9
31.85,5,cattle,148.897,-11.120,-1.6198,0.765,2.2,0.9
31.85,6,cattle,150.800,-12.000,-1.6305,0.000,2.2,0.9
31.85,7,cattle,155.555,-0.309,-1.6507,0.768,2.2,0.9
31.85,8,cattle,155.983,-12.000,-1.6995,0.000,2.2,0.9
31.95,1,cattle,69.946,5.570,-4.6202,0.120,2.2,0.9
31.95,2,car,226.837,2.134,-0.0198,12.930,4.2,1.8
31.95,3,truck,15.367,-2.157,3.1231,9.987,9.0,2.5
31.95,4,cattle,145.087,-12.000,-1.6306,0.000,2.2,0.9
31.95,5,cattle,148.893,-11.196,-1.6198,0.765,2.2,0.9
31.95,6,cattle,150.800,-12.000,-1.6305,0.000,2.2,0.9
31.95,7,cattle,155.549,-0.386,-1.6507,0.768,2.2,0.9
31.95,8,cattle,155.983,-12.000,-1.6995,0.000,2.2,0.9
32.05,1,cattle,69.944,5.581,-4.2378,0.120,2.2,0.9
32.05,2,car,228.132,2.094,-0.0373,12.971,4.2,1.8
32.05,3,truck,14.368,-2.125,3.1116,9.987,9.0,2.5
32.05,4,cattle,145.087,-12.000,-1.6306,0.000,2.2,0.9
32.05,5,cattle,148.889,-11.273,-1.6198,0.765,2.2,0.9
32.05,6,cattle,150.800,-12.000,-1.6305,0.000,2.2,0.9
32.05,7,cattle,155.542,-0.462,-1.6507,0.768,2.2,0.9
32.05,8,cattle,155.983,-12.000,-1.6995,0.000,2.2,0.9
32.15,1,cattle,69.941,5.593,-4.4003,0.120,2.2,0.9
32.15,2,car,229.431,2.128,0.0244,13.010,4.2,1.8
32.15,3,truck,13.370,-2.149,3.1591,9.987,9.0,2.5
32.15,4,cattle,145.087,-12.000,-1.6306,0.000,2.2,0.9
32.15,5,cattle,148.886,-11.349,-1.6198,0.765,2.2,0.9
32.15,6,cattle,150.800,-12.000,-1.6305,0.000,2.2,0.9
32.15,7,cattle,155.536,-0.539,-1.6507,0.768,2.2,0.9
32.15,8,cattle,155.983,-12.000,-1.6995,0.000,2.2,0.9
32.25,1,cattle,69.933,5.602,-3.8715,0.120,2.2,0.9
32.25,2,car,230.734,2.151,0.0160,13.048,4.2,1.8
32.25,3,truck,12.371,-2.132,3.1116,9.988,9.0,2.5
32.25,4,cattle,145.087,-12.000,-1.6306,0.000,2.2,0.9
32.25,5,cattle,148.882,-11.426,-1.6198,0.765,2.2,0.9
32.25,6,cattle,150.800,-12.000,-1.6305,0.000,2.2,0.9
32.25,7,cattle,155.530,-0.615,-1.6507,0.768,2.2,0.9
32.25,8,cattle,155.983,-12.000,-1.6995,0.000,2.2,0.9
32.35,1,cattle,69.923,5.608,-3.4667,0.120,2.2,0.9
32.35,2,car,232.040,2.144,0.0185,13.084,4.2,1.8
32.35,3,truck,11.372,-2.072,3.1116,9.988,9.0,2.5
32.35,4,cattle,145.087,-12.000,-1.6306,0.000,2.2,0.9
32.35,5,cattle,148.878,-11.502,-1.6198,0.765,2.2,0.9
32.35,6,cattle,150.800,-12.000,-1.6305,0.000,2.2,0.9
32.35,7,cattle,155.524,-0.692,-1.6507,0.768,2.2,0.9
32.35,8,cattle,155.983,-12.000,-1.6995,0.000,2.2,0.9
32.45,1,cattle,69.911,5.608,-3.0031,0.120,2.2,0.9
32.45,2,car,233.351,2.189,0.0457,13.120,4.2,1.8
32.45,3,truck,10.373,-2.012,3.1116,9.988,9.0,2.5
32.45,4,cattle,145.087,-12.000,-1.6306,0.000,2.2,0.9
32.45,5,cattle,148.874,-11.579,-1.6198,0.765,2.2,0.9
32.45,6,cattle,150.800,-12.000,-1.6305,0.000,2.2,0.9
32.45,7,cattle,155.518,-0.769,-1.6507,0.768,2.2,0.9
32.45,8,cattle,155.983,-12.000,-1.6995,0.000,2.2,0.9
32.55,1,cattle,69.899,5.607,-3.0481,0.120,2.2,0.9
32.55,2,car,234.664,2.244,0.0388,13.154,4.2,1.8
32.55,3,truck,9.375,-2.006,3.1608,9.988,9.0,2.5
32.55,4,cattle,145.087,-12.000,-1.6306,0.000,2.2,0.9
32.55,5,cattle,148.871,-11.655,-1.6198,0.765,2.2,0.9
32.55,6,cattle,150.800,-12.000,-1.6305,0.000,2.2,0.9
32.55,7,cattle,155.512,-0.845,-1.6507,0.768,2.2,0.9
32.55,8,cattle,155.983,-12.000,-1.6995,0.000,2.2,0.9
32.65,1,cattle,69.888,5.603,-2.6235,0.120,2.2,0.9
32.65,2,car,235.981,2.191,-0.0362,13.186,4.2,1.8
32.65,3,truck,8.376,-2.016,3.1455,9.988,9.0,2.5
32.65,4,cattle,145.087,-12.000,-1.6306,0.000,2.2,0.9
32.65,5,cattle,148.867,-11.732,-1.6198,0.765,2.2,0.9
32.65,6,cattle,150.800,-12.000,-1.6305,0.000,2.2,0.9
32.65,7,cattle,155.506,-0.922,-1.6507,0.768,2.2,0.9
32.65,8,cattle,155.983,-12.000,-1.6995,0.000,2.2,0.9
32.75,1,cattle,69.878,5.596,-2.7057,0.120,2.2,0.9
32.75,2,car,237.301,2.167,-0.0165,13.218,4.2,1.8
32.75,3,truck,7.377,-1.973,3.1172,9.988,9.0,2.5
32.75,4,cattle,145.087,-12.000,-1.6306,0.000,2.2,0.9
32.75,5,cattle,148.863,-11.808,-1.6198,0.765,2.2,0.9
32.75,6,cattle,150.800,-12.000,-1.6305,0.000,2.2,0.9
32.75,7,cattle,155.500,-0.998,-1.6507,0.768,2.2,0.9
32.75,8,cattle,155.983,-12.000,-1.6995,0.000,2.2,0.9
32.85,1,cattle,69.866,5.595,-2.9592,0.120,2.2,0.9
32.85,2,car,238.625,2.175,0.0223,13.249,4.2,1.8
32.85,3,truck,6.378,-1.947,3.1352,9.988,9.0,2.5
32.85,4,cattle,145.087,-12.000,-1.6306,0.000,2.2,0.9
32.85,5,cattle,148.859,-11.885,-1.6198,0.765,2.2,0.9
32.85,6,cattle,150.800,-12.000,-1.6305,0.000,2.2,0.9
32.85,7,cattle,155.493,-1.075,-1.6507,0.768,2.2,0.9
32.85,8,cattle,155.983,-12.000,-1.6995,0.000,2.2,0.9
32.95,1,cattle,69.854,5.594,-3.0312,0.120,2.2,0.9
32.95,2,car,239.951,2.152,-0.0452,13.278,4.2,1.8
32.95,3,truck,5.379,-1.943,3.1707,9.988,9.0,2.5
32.95,4,cattle,145.087,-12.000,-1.6306,0.000,2.2,0.9
32.95,5,cattle,148.856,-11.961,-1.6198,0.765,2.2,0.9
32.95,6,cattle,150.800,-12.000,-1.6305,0.000,2.2,0.9
32.95,7,cattle,155.487,-1.151,-1.6507,0.768,2.2,0.9
32.95,8,cattle,155.983,-12.000,-1.6995,0.000,2.2,0.9
33.05,1,cattle,69.843,5.591,-2.7821,0.120,2.2,0.9
33.05,2,car,241.280,2.111,-0.0432,13.306,4.2,1.8
33.05,3,truck,4.380,-1.935,3.1116,9.989,9.0,2.5
33.05,4,cattle,145.087,-12.000,-1.6306,0.000,2.2,0.9
33.05,5,cattle,148.854,-12.000,-1.6198,0.000,2.2,0.9
33.05,6,cattle,150.800,-12.000,-1.6305,0.000,2.2,0.9
33.05,7,cattle,155.481,-1.228,-1.6507,0.768,2.2,0.9
33.05,8,cattle,155.983,-12.000,-1.6995,0.000,2.2,0.9
33.15,1,cattle,69.831,5.594,-3.3195,0.120,2.2,0.9
33.15,2,car,242.612,2.106,-0.0126,13.334,4.2,1.8
33.15,3,truck,3.382,-1.944,3.1551,9.989,9.0,2.5
33.15,4,cattle,145.087,-12.000,-1.6306,0.000,2.2,0.9
33.15,5,cattle,148.854,-12.000,-1.6198,0.000,2.2,0.9
33.15,6,cattle,150.800,-12.000,-1.6305,0.000,2.2,0.9
33.15,7,cattle,155.475,-1.304,-1.6507,0.768,2.2,0.9
33.15,8,cattle,155.983,-12.000,-1.6995,0.000,2.2,0.9
33.25,1,cattle,69.819,5.593,-2.9727,0.120,2.2,0.9
33.25,2,car,243.947,2.074,-0.0321,13.360,4.2,1.8
33.25,3,truck,2.383,-1.934,3.1116,9.989,9.0,2.5
33.25,4,cattle,145.087,-12.000,-1.6306,0.000,2.2,0.9
33.25,5,cattle,148.854,-12.000,-1.6198,0.000,2.2,0.9
33.25,6,cattle,150.800,-12.000,-1.6305,0.000,2.2,0.9
33.25,7,cattle,155.469,-1.381,-1.6507,0.768,2.2,0.9
33.25,8,cattle,155.983,-12.000,-1.6995,0.000,2.2,0.9
33.35,1,cattle,69.810,5.585,-2.4112,0.120,2.2,0.9
33.35,2,car,245.284,2.093,0.0169,13.385,4.2,1.8
33.35,3,truck,1.384,-1.903,3.1309,9.989,9.0,2.5
33.35,4,cattle,145.087,-12.000,-1.6306,0.000,2.2,0.9
33.35,5,cattle,148.854,-12.000,-1.6198,0.000,2.2,0.9
33.35,6,cattle,150.800,-12.000,-1.6305,0.000,2.2,0.9
33.35,7,cattle,155.463,-1.457,-1.6507,0.768,2.2,0.9
33.35,8,cattle,155.983,-12.000,-1.6995,0.000,2.2,0.9
33.45,1,cattle,69.805,5.575,-1.8479,0.120,2.2,0.9
33.45,2,car,246.624,2.063,-0.0215,13.410,4.2,1.8
33.45,3,truck,0.385,-1.931,3.1615,9.989,9.0,2.5
33.45,4,cattle,145.087,-12.000,-1.6306,0.000,2.2,0.9
33.45,5,cattle,148.854,-12.000,-1.6198,0.000,2.2,0.9
33.45,6,cattle,150.800,-12.000,-1.6305,0.000,2.2,0.9
33.45,7,cattle,155.457,-1.534,-1.6507,0.768,2.2,0.9
33.45,8,cattle,155.983,-12.000,-1.6995,0.000,2.2,0.9
33.55,1,cattle,69.798,5.565,-2.1675,0.120,2.2,0.9
33.55,2,car,247.966,2.073,0.0167,13.433,4.2,1.8
33.55,3,truck,-0.614,-1.950,3.1195,9.989,9.0,2.5
33.55,4,cattle,145.087,-12.000,-1.6306,0.000,2.2,0.9
33.55,5,cattle,148.854,-12.000,-1.6198,0.000,2.2,0.9
33.55,6,cattle,150.800,-12.000,-1.6305,0.000,2.2,0.9
33.55,7,cattle,155.451,-1.611,-1.6507,0.768,2.2,0.9
33.55,8,cattle,155.983,-12.000,-1.6995,0.000,2.2,0.9
33.65,1,cattle,69.790,5.556,-2.3341,0.120,2.2,0.9
33.65,2,car,249.311,2.045,0.0028,13.456,4.2,1.8
33.65,3,truck,-1.613,-1.925,3.1385,9.989,9.0,2.5
33.65,4,cattle,145.087,-12.000,-1.6306,0.000,2.2,0.9
33.65,5,cattle,148.854,-12.000,-1.6198,0.000,2.2,0.9
33.65,6,cattle,150.800,-12.000,-1.6305,0.000,2.2,0.9
33.65,7,cattle,155.444,-1.687,-1.6507,0.768,2.2,0.9
33.65,8,cattle,155.983,-12.000,-1.6995,0.000,2.2,0.9
33.75,1,cattle,69.781,5.547,-2.3168,0.120,2.2,0.9
33.75,2,car,250.658,2.056,0.0224,13.478,4.2,1.8
33.75,3,truck,-2.612,-1.919,3.1279,9.989,9.0,2.5
33.75,4,cattle,145.087,-12.000,-1.6306,0.000,2.2,0.9
33.75,5,cattle,148.854,-12.000,-1.6198,0.000,2.2,0.9
33.75,6,cattle,150.800,-12.000,-1.6305,0.000,2.2,0.9
33.75,7,cattle,155.438,-1.764,-1.6507,0.768,2.2,0.9
33.75,8,cattle,155.983,-12.000,-1.6995,0.000,2.2,0.9
33.85,1,cattle,69.775,5.537,-2.0044,0.120,2.2,0.9
33.85,2,car,252.006,2.038,-0.0273,13.499,4.2,1.8
33.85,3,truck,-3.611,-1.907,3.1346,9.989,9.0,2.5
33.85,4,cattle,145.087,-12.000,-1.6306,0.000,2.2,0.9
33.85,5,cattle,148.854,-12.000,-1.6198,0.000,2.2,0.9
33.85,6,cattle,150.800,-12.000,-1.6305,0.000,2.2,0.9
33.85,7,cattle,155.432,-1.840,-1.6507,0.768,2.2,0.9
33.85,8,cattle,155.983,-12.000,-1.6995,0.000,2.2,0.9
33.95,1,cattle,69.772,5.525,-1.8530,0.120,2.2,0.9
33.95,2,car,253.357,2.044,0.0444,13.519,4.2,1.8
33.95,3,truck,-4.610,-1.932,3.1313,9.989,9.0,2.5
33.95,4,cattle,145.087,-12.000,-1.6306,0.000,2.2,0.9
33.95,5,cattle,148.854,-12.000,-1.6198,0.000,2.2,0.9
33.95,6,cattle,150.800,-12.000,-1.6305,0.000,2.2,0.9
33.95,7,cattle,155.426,-1.917,-1.6507,0.768,2.2,0.9
33.95,8,cattle,155.983,-12.000,-1.6995,0.000,2.2,0.9
34.05,1,cattle,69.767,5.515,-2.0650,0.120,2.2,0.9
34.05,2,car,254.710,2.047,-0.0118,13.538,4.2,1.8
34.05,4,cattle,145.087,-12.000,-1.6306,0.000,2.2,0.9
34.05,5,cattle,148.854,-12.000,-1.6198,0.000,2.2,0.9
34.05,6,cattle,150.800,-12.000,-1.6305,0.000,2.2,0.9
34.05,7,cattle,155.420,-1.993,-1.6507,0.768,2.2,0.9
34.05,8,cattle,155.983,-12.000,-1.6995,0.000,2.2,0.9
