t,id,class,x,y,yaw,v,length,width
0.05,1,bicycle,52.485,8.681,-0.1440,4.110,1.8,0.6
0.05,2,pedestrian,96.713,7.715,0.0862,1.084,0.5,0.5
0.05,3,pedestrian,148.781,-3.063,2.7614,1.083,0.5,0.5
0.05,4,bullockcart,124.512,7.500,-0.1147,0.000,4.5,1.8
0.05,5,bus,236.352,-4.767,3.2708,8.070,11.0,2.6
0.05,6,twowheeler,1.182,-0.617,0.2499,13.290,2.0,0.8
0.05,7,cattle,182.804,-3.570,-2.8769,0.150,2.2,0.9
0.15,1,bicycle,52.897,8.674,-0.0847,4.110,1.8,0.6
0.15,2,pedestrian,96.822,7.694,0.0119,1.084,0.5,0.5
0.15,3,pedestrian,148.678,-3.030,2.8513,1.083,0.5,0.5
0.15,4,bullockcart,124.512,7.500,-0.1147,0.000,4.5,1.8
0.15,5,bus,235.558,-4.910,3.3253,8.070,11.0,2.6
0.15,6,twowheeler,2.471,-0.290,0.2604,13.290,2.0,0.8
0.15,7,cattle,182.789,-3.570,-3.2565,0.150,2.2,0.9
0.25,1,bicycle,53.303,8.599,-0.1346,4.110,1.8,0.6
0.25,2,pedestrian,96.931,7.708,0.1413,1.084,0.5,0.5
0.25,3,pedestrian,148.582,-2.974,2.7105,1.083,0.5,0.5
0.25,4,bullockcart,124.512,7.500,-0.1147,0.000,4.5,1.8
0.25,5,bus,234.765,-5.063,3.3144,8.070,11.0,2.6
0.25,6,twowheeler,3.759,0.038,0.2362,13.290,2.0,0.8
0.25,7,cattle,182.775,-3.569,-3.1045,0.150,2.2,0.9
0.35,1,bicycle,53.715,8.595,0.0506,4.110,1.8,0.6
0.35,2,pedestrian,97.039,7.704,0.0176,1.084,0.5,0.5
0.35,3,pedestrian,148.485,-2.920,2.7707,1.083,0.5,0.5
0.35,4,bullockcart,124.512,7.500,-0.1147,0.000,4.5,1.8
0.35,5,bus,233.970,-5.205,3.3196,8.070,11.0,2.6
0.35,6,twowheeler,5.053,0.350,0.2362,13.290,2.0,0.8
0.35,7,cattle,182.762,-3.576,-2.3470,0.150,2.2,0.9
0.45,1,bicycle,54.130,8.616,0.0506,4.110,1.8,0.6
0.45,2,pedestrian,97.148,7.702,-0.0848,1.084,0.5,0.5
0.45,3,pedestrian,148.378,-2.900,2.8060,1.083,0.5,0.5
0.45,4,bullockcart,124.512,7.500,-0.1147,0.000,4.5,1.8
0.45,5,bus,233.174,-5.338,3.3226,8.070,11.0,2.6
0.45,6,twowheeler,6.344,0.669,0.2495,13.290,2.0,0.8
0.45,7,cattle,182.750,-3.585,-2.4071,0.150,2.2,0.9
0.55,1,bicycle,54.539,8.577,0.0506,4.110,1.8,0.6
0.55,2,pedestrian,97.256,7.718,0.0173,1.084,0.5,0.5
0.55,3,pedestrian,148.268,-2.888,2.9242,1.083,0.5,0.5
0.55,4,bullockcart,124.512,7.500,-0.1147,0.000,4.5,1.8
0.55,5,bus,232.376,-5.455,3.2653,8.070,11.0,2.6
0.55,6,twowheeler,7.607,1.085,0.3126,13.290,2.0,0.8
0.55,7,cattle,182.750,-3.585,-2.4071,0.000,2.2,0.9
0.65,1,bicycle,54.949,8.546,-0.2034,4.110,1.8,0.6
0.65,2,pedestrian,97.364,7.729,0.0764,1.084,0.5,0.5
0.65,3,pedestrian,148.170,-2.840,2.7316,1.083,0.5,0.5
0.65,4,bullockcart,124.512,7.500,-0.1147,0.000,4.5,1.8
0.65,5,bus,231.580,-5.591,3.2653,8.070,11.0,2.6
0.65,6,twowheeler,8.881,1.463,0.3264,13.290,2.0,0.8
0.65,7,cattle,182.750,-3.585,-2.4071,0.000,2.2,0.9
0.75,1,bicycle,55.355,8.473,-0.1190,4.110,1.8,0.6
0.75,2,pedestrian,97.472,7.746,0.1773,1.084,0.5,0.5
0.75,3,pedestrian,148.075,-2.777,2.7105,1.083,0.5,0.5
0.75,4,bullockcart,124.512,7.500,-0.1147,0.000,4.5,1.8
0.75,5,bus,230.782,-5.707,3.2799,8.070,11.0,2.6
0.75,6,twowheeler,10.141,1.890,0.3264,13.290,2.0,0.8
0.75,7,cattle,182.750,-3.585,-2.4071,0.000,2.2,0.9
0.85,1,bicycle,55.765,8.443,0.0503,4.110,1.8,0.6
0.85,2,pedestrian,97.581,7.728,-0.0062,1.084,0.5,0.5
0.85,3,pedestrian,147.976,-2.731,2.8144,1.083,0.5,0.5
0.85,4,bullockcart,124.512,7.500,-0.1147,0.000,4.5,1.8
0.85,5,bus,229.988,-5.855,3.3052,8.070,11.0,2.6
0.85,6,twowheeler,11.422,2.245,0.2674,13.290,2.0,0.8
0.85,7,cattle,182.750,-3.585,-2.4071,0.000,2.2,0.9
0.95,1,bicycle,56.168,8.344,-0.2394,4.110,1.8,0.6
0.95,2,pedestrian,97.688,7.759,0.1773,1.084,0.5,0.5
0.95,3,pedestrian,147.865,-2.726,2.9603,1.083,0.5,0.5
0.95,4,bullockcart,124.512,7.500,-0.1147,0.000,4.5,1.8
0.95,5,bus,229.191,-5.979,3.3176,8.070,11.0,2.6
0.95,6,twowheeler,12.682,2.671,0.3264,13.290,2.0,0.8
0.95,7,cattle,182.750,-3.585,-2.4071,0.000,2.2,0.9
1.05,1,bicycle,56.572,8.246,-0.2394,4.110,1.8,0.6
1.05,2,pedestrian,97.796,7.777,0.0652,1.084,0.5,0.5
1.05,3,pedestrian,147.756,-2.710,2.9813,1.083,0.5,0.5
1.05,4,bullockcart,124.512,7.500,-0.1147,0.000,4.5,1.8
1.05,5,bus,228.393,-6.103,3.2861,8.070,11.0,2.6
1.05,6,twowheeler,13.957,3.046,0.3264,13.290,2.0,0.8
1.05,7,cattle,182.750,-3.585,-2.4071,0.000,2.2,0.9
1.15,1,bicycle,56.979,8.184,-0.2394,4.110,1.8,0.6
1.15,2,pedestrian,97.904,7.787,0.1217,1.084,0.5,0.5
1.15,3,pedestrian,147.643,-2.712,3.0038,1.083,0.5,0.5
1.15,4,bullockcart,124.512,7.500,-0.1147,0.000,4.5,1.8
1.15,5,bus,227.593,-6.207,3.2687,8.070,11.0,2.6
1.15,6,twowheeler,15.217,3.472,0.3264,13.290,2.0,0.8
1.15,7,cattle,182.750,-3.585,-2.4071,0.000,2.2,0.9
1.25,1,bicycle,57.391,8.179,0.0475,4.110,1.8,0.6
1.25,2,pedestrian,98.012,7.794,0.0545,1.084,0.5,0.5
1.25,3,pedestrian,147.538,-2.688,2.9568,1.083,0.5,0.5
1.25,4,bullockcart,124.512,7.500,-0.1147,0.000,4.5,1.8
1.25,5,bus,226.794,-6.323,3.2681,8.070,11.0,2.6
1.25,6,twowheeler,16.477,3.899,0.3264,13.290,2.0,0.8
1.25,7,cattle,182.750,-3.585,-2.4071,0.000,2.2,0.9
1.35,1,bicycle,57.806,8.200,0.0506,4.110,1.8,0.6
1.35,2,pedestrian,98.119,7.826,0.1572,1.084,0.5,0.5
1.35,3,pedestrian,147.430,-2.670,2.9229,1.083,0.5,0.5
1.35,4,bullockcart,124.512,7.500,-0.1147,0.000,4.5,1.8
1.35,5,bus,225.995,-6.437,3.3253,8.070,11.0,2.6
1.35,6,twowheeler,17.770,4.210,0.2362,13.290,2.0,0.8
1.35,7,cattle,182.750,-3.585,-2.4071,0.000,2.2,0.9
1.45,1,bicycle,58.221,8.221,0.0506,4.110,1.8,0.6
1.45,2,pedestrian,98.226,7.832,0.0535,1.084,0.5,0.5
1.45,3,pedestrian,147.324,-2.646,2.9374,1.083,0.5,0.5
1.45,4,bullockcart,124.512,7.500,-0.1147,0.000,4.5,1.8
1.45,5,bus,225.197,-6.555,3.2716,8.070,11.0,2.6
1.45,6,twowheeler,19.037,4.506,0.2046,13.290,2.0,0.8
1.45,7,cattle,182.750,-3.585,-2.4071,0.000,2.2,0.9
1.55,1,bicycle,58.635,8.242,0.0507,4.110,1.8,0.6
1.55,2,pedestrian,98.334,7.814,-0.0861,1.084,0.5,0.5
1.55,3,pedestrian,147.214,-2.638,3.0105,1.083,0.5,0.5
1.55,4,bullockcart,124.512,7.500,-0.1147,0.000,4.5,1.8
1.55,5,bus,224.400,-6.683,3.2985,8.070,11.0,2.6
1.55,6,twowheeler,20.249,4.785,0.2057,13.290,2.0,0.8
1.55,7,cattle,182.750,-3.585,-2.4071,0.000,2.2,0.9
1.65,1,bicycle,59.041,8.172,-0.1015,4.110,1.8,0.6
1.65,2,pedestrian,98.442,7.826,0.0830,1.084,0.5,0.5
1.65,3,pedestrian,147.109,-2.610,2.8101,1.083,0.5,0.5
1.65,4,bullockcart,124.512,7.500,-0.1147,0.000,4.5,1.8
1.65,5,bus,223.603,-6.808,3.3162,8.070,11.0,2.6
1.65,6,twowheeler,21.506,4.948,0.0510,13.290,2.0,0.8
1.65,7,cattle,182.750,-3.585,-2.4071,0.000,2.2,0.9
1.75,1,bicycle,59.450,8.155,0.0516,4.110,1.8,0.6
1.75,2,pedestrian,98.549,7.804,-0.1084,1.084,0.5,0.5
1.75,3,pedestrian,147.008,-2.571,3.0105,1.083,0.5,0.5
1.75,4,bullockcart,124.512,7.500,-0.1147,0.000,4.5,1.8
1.75,5,bus,222.808,-6.951,3.2855,8.070,11.0,2.6
1.75,6,twowheeler,22.828,5.010,0.0438,13.290,2.0,0.8
1.75,7,cattle,182.750,-3.585,-2.4071,0.000,2.2,0.9
1.85,1,bicycle,59.864,8.177,0.0523,4.110,1.8,0.6
1.85,2,pedestrian,98.655,7.805,0.1112,1.084,0.5,0.5
1.85,3,pedestrian,146.914,-2.506,2.7105,1.083,0.5,0.5
1.85,4,bullockcart,124.512,7.500,-0.1147,0.000,4.5,1.8
1.85,5,bus,222.009,-7.064,3.2901,8.070,11.0,2.6
1.85,6,twowheeler,24.157,5.068,0.0438,13.290,2.0,0.8
1.85,7,cattle,182.750,-3.585,-2.4071,0.000,2.2,0.9
1.95,1,bicycle,60.277,8.198,0.0529,4.110,1.8,0.6
1.95,2,pedestrian,98.761,7.820,0.1693,1.084,0.5,0.5
1.95,3,pedestrian,146.810,-2.476,2.7738,1.083,0.5,0.5
1.95,4,bullockcart,124.512,7.500,-0.1147,0.000,4.5,1.8
1.95,5,bus,221.210,-7.173,3.2655,8.070,11.0,2.6
1.95,6,twowheeler,25.475,5.246,0.1340,13.290,2.0,0.8
1.95,7,cattle,182.750,-3.585,-2.4071,0.000,2.2,0.9
2.05,1,bicycle,60.690,8.221,0.0535,4.110,1.8,0.6
2.05,2,pedestrian,98.867,7.832,-0.0197,1.084,0.5,0.5
2.05,3,pedestrian,146.702,-2.461,2.7677,1.083,0.5,0.5
2.05,4,bullockcart,124.512,7.500,-0.1147,0.000,4.5,1.8
2.05,5,bus,220.414,-7.303,3.2854,8.070,11.0,2.6
2.05,6,twowheeler,26.800,5.352,0.0438,13.290,2.0,0.8
2.05,7,cattle,182.750,-3.585,-2.4071,0.000,2.2,0.9
2.15,1,bicycle,61.103,8.243,0.0540,4.110,1.8,0.6
2.15,2,pedestrian,98.972,7.861,0.0258,1.084,0.5,0.5
2.15,3,pedestrian,146.605,-2.405,2.7500,1.083,0.5,0.5
2.15,4,bullockcart,124.512,7.500,-0.1147,0.000,4.5,1.8
2.15,5,bus,219.615,-7.419,3.3083,8.070,11.0,2.6
2.15,6,twowheeler,28.129,5.411,0.0438,13.290,2.0,0.8
2.15,7,cattle,182.750,-3.585,-2.4071,0.000,2.2,0.9
2.25,1,bicycle,61.515,8.247,-0.0361,4.110,1.8,0.6
2.25,2,pedestrian,99.078,7.863,-0.0744,1.084,0.5,0.5
2.25,3,pedestrian,146.504,-2.366,2.9391,1.083,0.5,0.5
2.25,4,bullockcart,124.512,7.500,-0.1147,0.000,4.5,1.8
2.25,5,bus,218.816,-7.528,3.2660,8.070,11.0,2.6
2.25,6,twowheeler,29.458,5.469,0.0438,13.290,2.0,0.8
2.25,7,cattle,182.750,-3.585,-2.4071,0.000,2.2,0.9
2.35,1,bicycle,61.922,8.182,-0.2356,4.110,1.8,0.6
2.35,2,pedestrian,99.183,7.863,-0.0358,1.084,0.5,0.5
2.35,3,pedestrian,146.392,-2.363,2.9743,1.083,0.5,0.5
2.35,4,bullockcart,124.512,7.500,-0.1147,0.000,4.5,1.8
2.35,5,bus,218.014,-7.622,3.2676,8.070,11.0,2.6
2.35,6,twowheeler,30.782,5.587,0.0438,13.290,2.0,0.8
2.35,7,cattle,182.750,-3.585,-2.4071,0.000,2.2,0.9
2.45,1,bicycle,62.330,8.130,-0.2356,4.110,1.8,0.6
2.45,2,pedestrian,99.289,7.855,0.0258,1.084,0.5,0.5
2.45,3,pedestrian,146.283,-2.350,2.8768,1.083,0.5,0.5
2.45,4,bullockcart,124.512,7.500,-0.1147,0.000,4.5,1.8
2.45,5,bus,217.216,-7.745,3.2743,8.070,11.0,2.6
2.45,6,twowheeler,32.106,5.703,0.1307,13.290,2.0,0.8
2.45,7,cattle,182.750,-3.585,-2.4071,0.000,2.2,0.9
2.55,1,bicycle,62.744,8.139,-0.0070,4.110,1.8,0.6
2.55,2,pedestrian,99.396,7.844,-0.0070,1.084,0.5,0.5
2.55,3,pedestrian,146.174,-2.336,2.9372,1.083,0.5,0.5
2.55,4,bullockcart,124.512,7.500,-0.1147,0.000,4.5,1.8
2.55,5,bus,216.421,-7.881,3.3260,8.070,11.0,2.6
2.55,6,twowheeler,33.435,5.761,0.0438,13.290,2.0,0.8
2.55,7,cattle,182.750,-3.585,-2.4071,0.000,2.2,0.9
2.65,1,bicycle,63.147,8.042,-0.2356,4.110,1.8,0.6
2.65,2,pedestrian,99.503,7.802,-0.1147,1.084,0.5,0.5
2.65,3,pedestrian,146.064,-2.329,2.9114,1.083,0.5,0.5
2.65,4,bullockcart,124.512,7.500,-0.1147,0.000,4.5,1.8
2.65,5,bus,215.627,-8.032,3.3125,8.070,11.0,2.6
2.65,6,twowheeler,34.761,5.854,0.0967,13.290,2.0,0.8
2.65,7,cattle,182.750,-3.585,-2.4071,0.000,2.2,0.9
2.75,1,bicycle,63.551,7.945,-0.2356,4.110,1.8,0.6
2.75,2,pedestrian,99.606,7.863,0.1861,1.084,0.5,0.5
2.75,3,pedestrian,145.962,-2.292,2.8602,1.083,0.5,0.5
2.75,4,bullockcart,124.512,7.500,-0.1147,0.000,4.5,1.8
2.75,5,bus,214.833,-8.172,3.3133,8.070,11.0,2.6
2.75,6,twowheeler,36.083,5.986,0.1340,13.290,2.0,0.8
2.75,7,cattle,182.750,-3.585,-2.4071,0.000,2.2,0.9
2.85,1,bicycle,63.955,7.848,-0.2356,4.110,1.8,0.6
2.85,2,pedestrian,99.711,7.896,0.1869,1.084,0.5,0.5
2.85,3,pedestrian,145.861,-2.250,2.7788,1.083,0.5,0.5
2.85,4,bullockcart,124.512,7.500,-0.1147,0.000,4.5,1.8
2.85,5,bus,214.036,-8.304,3.3049,8.070,11.0,2.6
2.85,6,twowheeler,37.411,6.057,0.0438,13.290,2.0,0.8
2.85,7,cattle,182.750,-3.585,-2.4071,0.000,2.2,0.9
2.95,1,bicycle,64.363,7.791,-0.0415,4.110,1.8,0.6
2.95,2,pedestrian,99.817,7.891,-0.0061,1.084,0.5,0.5
2.95,3,pedestrian,145.755,-2.228,3.0105,1.083,0.5,0.5
2.95,4,bullockcart,124.512,7.500,-0.1147,0.000,4.5,1.8
2.95,5,bus,213.238,-8.422,3.3073,8.070,11.0,2.6
2.95,6,twowheeler,38.710,6.108,0.0207,13.290,2.0,0.8
2.95,7,cattle,182.750,-3.585,-2.4071,0.000,2.2,0.9
3.05,1,bicycle,64.771,7.742,-0.2356,4.110,1.8,0.6
3.05,2,pedestrian,99.922,7.902,-0.0108,1.084,0.5,0.5
3.05,3,pedestrian,145.645,-2.218,2.8654,1.083,0.5,0.5
3.05,4,bullockcart,124.512,7.500,-0.1147,0.000,4.5,1.8
3.05,5,bus,212.439,-8.534,3.2985,8.070,11.0,2.6
3.05,6,twowheeler,39.928,6.223,0.0283,13.290,2.0,0.8
3.05,7,cattle,182.750,-3.585,-2.4071,0.000,2.2,0.9
3.15,1,bicycle,65.180,7.703,-0.2277,4.110,1.8,0.6
3.15,2,pedestrian,100.029,7.869,-0.0095,1.084,0.5,0.5
3.15,3,pedestrian,145.545,-2.175,2.7419,1.083,0.5,0.5
3.15,4,bullockcart,124.512,7.500,-0.1147,0.000,4.5,1.8
3.15,5,bus,211.641,-8.658,3.3028,8.070,11.0,2.6
3.15,6,twowheeler,41.174,6.230,-0.0400,13.290,2.0,0.8
3.15,7,cattle,182.750,-3.585,-2.4071,0.000,2.2,0.9
3.25,1,bicycle,65.586,7.629,-0.1222,4.110,1.8,0.6
3.25,2,pedestrian,100.135,7.882,0.1900,1.084,0.5,0.5
3.25,3,pedestrian,145.447,-2.124,2.8006,1.083,0.5,0.5
3.25,4,bullockcart,124.512,7.500,-0.1147,0.000,4.5,1.8
3.25,5,bus,210.842,-8.770,3.2732,8.070,11.0,2.6
3.25,6,twowheeler,42.486,6.112,-0.1395,13.290,2.0,0.8
3.25,7,cattle,182.750,-3.585,-2.4071,0.000,2.2,0.9
3.35,1,bicycle,65.997,7.616,-0.0023,4.110,1.8,0.6
3.35,2,pedestrian,100.240,7.887,0.0075,1.084,0.5,0.5
3.35,3,pedestrian,145.351,-2.065,2.7105,1.083,0.5,0.5
3.35,4,bullockcart,124.512,7.500,-0.1147,0.000,4.5,1.8
3.35,5,bus,210.044,-8.887,3.3174,8.070,11.0,2.6
3.35,6,twowheeler,43.804,5.927,-0.1395,13.290,2.0,0.8
3.35,7,cattle,182.750,-3.585,-2.4071,0.000,2.2,0.9
3.45,1,bicycle,66.409,7.610,0.0543,4.110,1.8,0.6
3.45,2,pedestrian,100.344,7.922,0.1516,1.084,0.5,0.5
3.45,3,pedestrian,145.239,-2.062,2.9167,1.083,0.5,0.5
3.45,4,bullockcart,124.512,7.500,-0.1147,0.000,4.5,1.8
3.45,5,bus,209.245,-9.005,3.3023,8.070,11.0,2.6
3.45,6,twowheeler,45.122,5.750,-0.1275,13.290,2.0,0.8
3.45,7,cattle,182.750,-3.585,-2.4071,0.000,2.2,0.9
3.55,1,bicycle,66.822,7.612,0.0543,4.110,1.8,0.6
3.55,2,pedestrian,100.450,7.933,0.0103,1.084,0.5,0.5
3.55,3,pedestrian,145.135,-2.035,2.8417,1.083,0.5,0.5
3.55,4,bullockcart,124.512,7.500,-0.1147,0.000,4.5,1.8
3.55,5,bus,208.447,-9.123,3.3046,8.070,11.0,2.6
3.55,6,twowheeler,46.451,5.684,-0.0493,13.290,2.0,0.8
3.55,7,cattle,182.750,-3.585,-2.4071,0.000,2.2,0.9
3.65,1,bicycle,67.236,7.626,0.0543,4.110,1.8,0.6
3.65,2,pedestrian,100.556,7.934,-0.0923,1.084,0.5,0.5
3.65,3,pedestrian,145.031,-2.002,2.8111,1.083,0.5,0.5
3.65,4,bullockcart,124.512,7.500,-0.1147,0.000,4.5,1.8
3.65,5,bus,207.647,-9.233,3.3260,8.070,11.0,2.6
3.65,6,twowheeler,47.770,5.515,-0.1395,13.290,2.0,0.8
3.65,7,cattle,182.750,-3.585,-2.4071,0.000,2.2,0.9
3.75,1,bicycle,67.650,7.640,0.0543,4.110,1.8,0.6
3.75,2,pedestrian,100.663,7.939,-0.0565,1.084,0.5,0.5
3.75,3,pedestrian,144.932,-1.957,2.7105,1.083,0.5,0.5
3.75,4,bullockcart,124.512,7.500,-0.1147,0.000,4.5,1.8
3.75,5,bus,206.848,-9.342,3.3179,8.070,11.0,2.6
3.75,6,twowheeler,49.088,5.339,-0.1272,13.290,2.0,0.8
3.75,7,cattle,182.750,-3.585,-2.4071,0.000,2.2,0.9
3.85,1,bicycle,68.055,7.555,-0.2356,4.110,1.8,0.6
3.85,2,pedestrian,100.769,7.955,0.0758,1.084,0.5,0.5
3.85,3,pedestrian,144.828,-1.927,2.8145,1.083,0.5,0.5
3.85,4,bullockcart,124.512,7.500,-0.1147,0.000,4.5,1.8
3.85,5,bus,206.051,-9.469,3.2888,8.070,11.0,2.6
3.85,6,twowheeler,50.416,5.273,-0.0493,13.290,2.0,0.8
3.85,7,cattle,182.750,-3.585,-2.4071,0.000,2.2,0.9
3.95,1,bicycle,68.469,7.572,0.0543,4.110,1.8,0.6
3.95,2,pedestrian,100.876,7.955,0.0878,1.084,0.5,0.5
3.95,3,pedestrian,144.729,-1.877,2.7558,1.083,0.5,0.5
3.95,4,bullockcart,124.512,7.500,-0.1147,0.000,4.5,1.8
3.95,5,bus,205.257,-9.616,3.3023,8.070,11.0,2.6
3.95,6,twowheeler,51.745,5.208,-0.0493,13.290,2.0,0.8
3.95,7,cattle,182.750,-3.585,-2.4071,0.000,2.2,0.9
4.05,1,bicycle,68.876,7.512,-0.2356,4.110,1.8,0.6
4.05,2,pedestrian,100.982,7.983,0.0029,1.084,0.5,0.5
4.05,3,pedestrian,144.627,-1.843,2.7854,1.083,0.5,0.5
4.05,4,bullockcart,124.512,7.500,-0.1147,0.000,4.5,1.8
4.05,5,bus,204.461,-9.752,3.3034,8.070,11.0,2.6
4.05,6,twowheeler,53.068,5.082,-0.1395,13.290,2.0,0.8
4.05,7,cattle,182.750,-3.585,-2.4071,0.000,2.2,0.9
4.15,1,bicycle,69.280,7.415,-0.2356,4.110,1.8,0.6
4.15,2,pedestrian,101.089,7.992,-0.0208,1.084,0.5,0.5
4.15,3,pedestrian,144.514,-1.842,2.8864,1.083,0.5,0.5
4.15,4,bullockcart,124.512,7.500,-0.1147,0.000,4.5,1.8
4.15,5,bus,203.663,-9.868,3.3034,8.070,11.0,2.6
4.15,6,twowheeler,54.399,5.037,-0.0343,13.290,2.0,0.8
4.15,7,cattle,182.750,-3.585,-2.4071,0.000,2.2,0.9
4.25,1,bicycle,69.684,7.318,-0.2356,4.110,1.8,0.6
4.25,2,pedestrian,101.198,7.971,0.0285,1.084,0.5,0.5
4.25,3,pedestrian,144.404,-1.833,2.9367,1.083,0.5,0.5
4.25,4,bullockcart,124.512,7.500,-0.1147,0.000,4.5,1.8
4.25,5,bus,202.866,-10.005,3.3141,8.070,11.0,2.6
4.25,6,twowheeler,55.729,4.991,-0.0343,13.290,2.0,0.8
4.25,7,cattle,182.750,-3.585,-2.4071,0.000,2.2,0.9
4.35,1,bicycle,70.088,7.221,-0.2356,4.110,1.8,0.6
4.35,2,pedestrian,101.305,8.007,0.1650,1.084,0.5,0.5
4.35,3,pedestrian,144.307,-1.779,2.8806,1.083,0.5,0.5
4.35,4,bullockcart,124.512,7.500,-0.1147,0.000,4.5,1.8
4.35,5,bus,202.053,-10.105,3.2756,8.070,11.0,2.6
4.35,6,twowheeler,57.060,4.945,-0.0343,13.290,2.0,0.8
4.35,7,cattle,182.750,-3.585,-2.4071,0.000,2.2,0.9
4.45,1,bicycle,70.492,7.124,-0.2356,4.110,1.8,0.6
4.45,2,pedestrian,101.413,8.001,-0.0330,1.084,0.5,0.5
4.45,3,pedestrian,144.200,-1.760,2.9877,1.083,0.5,0.5
4.45,4,bullockcart,124.512,7.500,-0.1147,0.000,4.5,1.8
4.45,5,bus,201.202,-10.228,3.2374,8.070,11.0,2.6
4.45,6,twowheeler,58.391,4.900,-0.0341,13.290,2.0,0.8
4.45,7,cattle,182.747,-3.592,-2.0264,0.150,2.2,0.9
4.55,1,bicycle,70.895,7.027,-0.2356,4.110,1.8,0.6
4.55,2,pedestrian,101.521,8.013,0.1062,1.084,0.5,0.5
4.55,3,pedestrian,144.095,-1.732,2.9039,1.083,0.5,0.5
4.55,4,bullockcart,124.512,7.500,-0.1147,0.000,4.5,1.8
4.55,5,bus,200.317,-10.334,3.2268,8.070,11.0,2.6
4.55,6,twowheeler,59.723,4.855,-0.0323,13.290,2.0,0.8
4.55,7,cattle,182.742,-3.606,-1.9278,0.150,2.2,0.9
4.65,1,bicycle,71.299,6.930,-0.2356,4.110,1.8,0.6
4.65,2,pedestrian,101.629,8.020,0.0954,1.084,0.5,0.5
4.65,3,pedestrian,143.994,-1.694,2.9043,1.083,0.5,0.5
4.65,4,bullockcart,124.512,7.500,-0.1147,0.000,4.5,1.8
4.65,5,bus,199.425,-10.338,3.1205,8.070,11.0,2.6
4.65,6,twowheeler,61.055,4.812,-0.0307,13.290,2.0,0.8
4.65,7,cattle,182.736,-3.620,-2.1372,0.150,2.2,0.9
4.75,1,bicycle,71.703,6.833,-0.2356,4.110,1.8,0.6
4.75,2,pedestrian,101.739,8.003,-0.1048,1.084,0.5,0.5
4.75,3,pedestrian,143.886,-1.676,2.8274,1.083,0.5,0.5
4.75,4,bullockcart,124.512,7.500,-0.1147,0.000,4.5,1.8
4.75,5,bus,198.571,-10.335,3.1383,8.070,11.0,2.6
4.75,6,twowheeler,62.386,4.772,-0.0305,13.290,2.0,0.8
4.75,7,cattle,182.733,-3.634,-1.5183,0.150,2.2,0.9
4.85,1,bicycle,72.114,6.818,0.0543,4.110,1.8,0.6
4.85,2,pedestrian,101.846,8.017,-0.0527,1.084,0.5,0.5
4.85,3,pedestrian,143.783,-1.644,2.7727,1.083,0.5,0.5
4.85,4,bullockcart,124.512,7.500,-0.1147,0.000,4.5,1.8
4.85,5,bus,197.751,-10.285,3.0826,8.070,11.0,2.6
4.85,6,twowheeler,63.716,4.731,-0.0305,13.290,2.0,0.8
4.85,7,cattle,182.735,-3.649,-1.3463,0.150,2.2,0.9
4.95,1,bicycle,72.524,6.781,-0.2356,4.110,1.8,0.6
4.95,2,pedestrian,101.954,8.032,0.0099,1.084,0.5,0.5
4.95,3,pedestrian,143.682,-1.602,2.7799,1.083,0.5,0.5
4.95,4,bullockcart,124.512,7.500,-0.1147,0.000,4.5,1.8
4.95,5,bus,196.945,-10.237,3.0689,8.070,11.0,2.6
4.95,6,twowheeler,65.047,4.690,-0.0305,13.290,2.0,0.8
4.95,7,cattle,182.746,-3.659,-0.7633,0.150,2.2,0.9
5.05,1,bicycle,72.936,6.777,0.0543,4.110,1.8,0.6
5.05,2,pedestrian,102.063,8.017,0.1002,1.084,0.5,0.5
5.05,3,pedestrian,143.577,-1.577,2.7843,1.083,0.5,0.5
5.05,4,bullockcart,124.512,7.500,-0.1147,0.000,4.5,1.8
5.05,5,bus,196.139,-10.193,3.0800,8.070,11.0,2.6
5.05,6,twowheeler,66.378,4.650,-0.0305,13.290,2.0,0.8
5.05,7,cattle,182.757,-3.670,-0.7540,0.150,2.2,0.9
5.15,1,bicycle,73.345,6.733,-0.2356,4.110,1.8,0.6
5.15,2,pedestrian,102.173,8.002,-0.0235,1.084,0.5,0.5
5.15,3,pedestrian,143.471,-1.553,2.7953,1.083,0.5,0.5
5.15,4,bullockcart,124.512,7.500,-0.1147,0.000,4.5,1.8
5.15,5,bus,195.334,-10.147,3.0972,8.070,11.0,2.6
5.15,6,twowheeler,67.709,4.609,-0.0305,13.290,2.0,0.8
5.15,7,cattle,182.766,-3.681,-0.8954,0.150,2.2,0.9
5.25,1,bicycle,73.753,6.689,-0.2356,4.110,1.8,0.6
5.25,2,pedestrian,102.282,7.980,-0.0617,1.084,0.5,0.5
5.25,3,pedestrian,143.367,-1.521,2.7635,1.083,0.5,0.5
5.25,4,bullockcart,124.512,7.500,-0.1147,0.000,4.5,1.8
5.25,5,bus,194.528,-10.108,3.1289,8.070,11.0,2.6
5.25,6,twowheeler,69.039,4.568,-0.0305,13.290,2.0,0.8
5.25,7,cattle,182.777,-3.692,-0.7932,0.150,2.2,0.9
5.35,1,bicycle,74.163,6.652,0.0543,4.110,1.8,0.6
5.35,2,pedestrian,102.392,7.951,-0.1048,1.084,0.5,0.5
5.35,3,pedestrian,143.258,-1.508,2.9456,1.083,0.5,0.5
5.35,4,bullockcart,124.512,7.500,-0.1147,0.000,4.5,1.8
5.35,5,bus,193.721,-10.081,3.1053,8.070,11.0,2.6
5.35,6,twowheeler,70.370,4.528,-0.0305,13.290,2.0,0.8
5.35,7,cattle,182.782,-3.705,-1.4226,0.150,2.2,0.9
5.45,1,bicycle,74.577,6.675,0.0543,4.110,1.8,0.6
5.45,2,pedestrian,102.499,7.984,0.0291,1.084,0.5,0.5
5.45,3,pedestrian,143.150,-1.493,3.0105,1.083,0.5,0.5
5.45,4,bullockcart,124.512,7.500,-0.1147,0.000,4.5,1.8
5.45,5,bus,192.915,-10.032,3.1140,8.070,11.0,2.6
5.45,6,twowheeler,71.701,4.487,-0.0305,13.290,2.0,0.8
5.45,7,cattle,182.783,-3.720,-1.5258,0.150,2.2,0.9
5.55,1,bicycle,74.992,6.697,0.0543,4.110,1.8,0.6
5.55,2,pedestrian,102.606,8.019,0.1469,1.084,0.5,0.5
5.55,3,pedestrian,143.053,-1.440,2.7589,1.083,0.5,0.5
5.55,4,bullockcart,124.512,7.500,-0.1147,0.000,4.5,1.8
5.55,5,bus,192.108,-10.020,3.1211,8.070,11.0,2.6
5.55,6,twowheeler,73.032,4.446,-0.0305,13.290,2.0,0.8
5.55,7,cattle,182.782,-3.735,-1.6786,0.150,2.2,0.9
5.65,1,bicycle,75.407,6.720,0.0543,4.110,1.8,0.6
5.65,2,pedestrian,102.714,8.033,0.1013,1.084,0.5,0.5
5.65,3,pedestrian,142.944,-1.426,3.0105,1.083,0.5,0.5
5.65,4,bullockcart,124.512,7.500,-0.1147,0.000,4.5,1.8
5.65,5,bus,191.302,-9.993,3.1289,8.070,11.0,2.6
5.65,6,twowheeler,74.362,4.406,-0.0305,13.290,2.0,0.8
5.65,7,cattle,182.782,-3.750,-1.5962,0.150,2.2,0.9
5.75,1,bicycle,75.821,6.742,0.0543,4.110,1.8,0.6
5.75,2,pedestrian,102.822,8.037,0.0424,1.084,0.5,0.5
5.75,3,pedestrian,142.843,-1.386,2.8395,1.083,0.5,0.5
5.75,4,bullockcart,124.512,7.500,-0.1147,0.000,4.5,1.8
5.75,5,bus,190.496,-9.936,3.0751,8.070,11.0,2.6
5.75,6,twowheeler,75.693,4.365,-0.0305,13.290,2.0,0.8
5.75,7,cattle,182.779,-3.765,-1.8241,0.150,2.2,0.9
5.85,1,bicycle,76.232,6.722,0.0543,4.110,1.8,0.6
5.85,2,pedestrian,102.930,8.043,0.0264,1.084,0.5,0.5
5.85,3,pedestrian,142.738,-1.359,2.8250,1.083,0.5,0.5
5.85,4,bullockcart,124.512,7.500,-0.1147,0.000,4.5,1.8
5.85,5,bus,189.690,-9.894,3.1021,8.070,11.0,2.6
5.85,6,twowheeler,77.024,4.324,-0.0305,13.290,2.0,0.8
5.85,7,cattle,182.784,-3.779,-1.2756,0.150,2.2,0.9
5.95,1,bicycle,76.636,6.625,-0.2356,4.110,1.8,0.6
5.95,2,pedestrian,103.038,8.053,0.1015,1.084,0.5,0.5
5.95,3,pedestrian,142.634,-1.329,2.8352,1.083,0.5,0.5
5.95,4,bullockcart,124.512,7.500,-0.1147,0.000,4.5,1.8
5.95,5,bus,188.883,-9.893,3.1289,8.070,11.0,2.6
5.95,6,twowheeler,78.353,4.284,-0.0248,13.290,2.0,0.8
5.95,7,cattle,182.793,-3.791,-0.8908,0.150,2.2,0.9
6.05,1,bicycle,77.046,6.597,-0.0554,4.110,1.8,0.6
6.05,2,pedestrian,103.146,8.075,0.1952,1.084,0.5,0.5
6.05,3,pedestrian,142.542,-1.258,2.7105,1.083,0.5,0.5
6.05,4,bullockcart,124.512,7.500,-0.1147,0.000,4.5,1.8
6.05,5,bus,188.076,-9.867,3.1289,8.070,11.0,2.6
6.05,6,twowheeler,79.668,4.268,0.0238,13.290,2.0,0.8
6.05,7,cattle,182.806,-3.799,-0.5137,0.150,2.2,0.9
6.15,1,bicycle,77.451,6.511,-0.1826,4.110,1.8,0.6
6.15,2,pedestrian,103.254,8.072,-0.0761,1.084,0.5,0.5
6.15,3,pedestrian,142.439,-1.225,2.7886,1.083,0.5,0.5
6.15,4,bullockcart,124.512,7.500,-0.1147,0.000,4.5,1.8
6.15,5,bus,187.270,-9.827,3.1116,8.070,11.0,2.6
6.15,6,twowheeler,80.977,4.228,0.0041,13.290,2.0,0.8
6.15,7,cattle,182.817,-3.808,-0.7269,0.150,2.2,0.9
6.25,1,bicycle,77.862,6.498,-0.1178,4.110,1.8,0.6
6.25,2,pedestrian,103.363,8.081,-0.0384,1.084,0.5,0.5
6.25,3,pedestrian,142.339,-1.180,2.7105,1.083,0.5,0.5
6.25,4,bullockcart,124.512,7.500,-0.1147,0.000,4.5,1.8
6.25,5,bus,186.465,-9.773,3.0689,8.070,11.0,2.6
6.25,6,twowheeler,82.300,4.338,0.0874,13.290,2.0,0.8
6.25,7,cattle,182.828,-3.819,-0.8901,0.150,2.2,0.9
6.35,1,bicycle,78.263,6.410,-0.2339,4.110,1.8,0.6
6.35,2,pedestrian,103.471,8.075,-0.0006,1.084,0.5,0.5
6.35,3,pedestrian,142.228,-1.175,3.0105,1.083,0.5,0.5
6.35,4,bullockcart,124.512,7.500,-0.1147,0.000,4.5,1.8
6.35,5,bus,185.659,-9.726,3.1199,8.070,11.0,2.6
6.35,6,twowheeler,83.626,4.454,0.0874,13.290,2.0,0.8
6.35,7,cattle,182.835,-3.832,-1.1151,0.150,2.2,0.9
6.45,1,bicycle,78.653,6.335,-0.2274,4.110,1.8,0.6
6.45,2,pedestrian,103.581,8.052,-0.1048,1.084,0.5,0.5
6.45,3,pedestrian,142.124,-1.143,2.8054,1.083,0.5,0.5
6.45,4,bullockcart,124.512,7.500,-0.1147,0.000,4.5,1.8
6.45,5,bus,184.853,-9.678,3.1120,8.070,11.0,2.6
6.45,6,twowheeler,84.957,4.416,-0.0329,13.290,2.0,0.8
6.45,7,cattle,182.835,-3.847,-1.5916,0.150,2.2,0.9
6.55,1,bicycle,79.030,6.245,-0.2106,4.110,1.8,0.6
6.55,2,pedestrian,103.689,8.068,0.1748,1.084,0.5,0.5
6.55,3,pedestrian,142.019,-1.118,2.9430,1.083,0.5,0.5
6.55,4,bullockcart,124.512,7.500,-0.1147,0.000,4.5,1.8
6.55,5,bus,184.048,-9.621,3.0689,8.070,11.0,2.6
6.55,6,twowheeler,86.286,4.423,-0.0329,13.290,2.0,0.8
6.55,7,cattle,182.831,-3.861,-2.0785,0.150,2.2,0.9
6.65,1,bicycle,79.402,6.216,-0.1986,4.110,1.8,0.6
6.65,2,pedestrian,103.797,8.080,0.0929,1.084,0.5,0.5
6.65,3,pedestrian,141.916,-1.086,2.8563,1.083,0.5,0.5
6.65,4,bullockcart,124.512,7.500,-0.1147,0.000,4.5,1.8
6.65,5,bus,183.242,-9.593,3.0762,8.070,11.0,2.6
6.65,6,twowheeler,87.615,4.459,0.0874,13.290,2.0,0.8
6.65,7,cattle,182.824,-3.874,-2.0810,0.150,2.2,0.9
6.75,1,bicycle,79.771,6.254,0.1103,4.110,1.8,0.6
6.75,2,pedestrian,103.906,8.072,0.0316,1.084,0.5,0.5
6.75,3,pedestrian,141.806,-1.076,2.9381,1.083,0.5,0.5
6.75,4,bullockcart,124.512,7.500,-0.1147,0.000,4.5,1.8
6.75,5,bus,182.433,-9.557,3.0841,8.070,11.0,2.6
6.75,6,twowheeler,88.941,4.575,0.0874,13.290,2.0,0.8
6.75,7,cattle,182.814,-3.885,-2.4703,0.150,2.2,0.9
6.85,1,bicycle,80.136,6.241,-0.0147,4.110,1.8,0.6
6.85,2,pedestrian,104.016,8.036,-0.0484,1.084,0.5,0.5
6.85,3,pedestrian,141.703,-1.043,2.9430,1.083,0.5,0.5
6.85,4,bullockcart,124.512,7.500,-0.1147,0.000,4.5,1.8
6.85,5,bus,181.606,-9.515,3.1027,8.070,11.0,2.6
6.85,6,twowheeler,90.268,4.657,0.0379,13.290,2.0,0.8
6.85,7,cattle,182.802,-3.893,-2.5554,0.150,2.2,0.9
6.95,1,bicycle,80.505,6.235,-0.1424,4.110,1.8,0.6
6.95,2,pedestrian,104.123,8.059,0.1412,1.084,0.5,0.5
6.95,3,pedestrian,141.593,-1.032,2.9519,1.083,0.5,0.5
6.95,4,bullockcart,124.512,7.500,-0.1147,0.000,4.5,1.8
6.95,5,bus,180.742,-9.456,3.0201,8.070,11.0,2.6
6.95,6,twowheeler,91.597,4.681,0.0688,13.290,2.0,0.8
6.95,7,cattle,182.788,-3.899,-2.9322,0.150,2.2,0.9
7.05,1,bicycle,80.885,6.198,-0.0173,4.110,1.8,0.6
7.05,2,pedestrian,104.232,8.053,0.0512,1.084,0.5,0.5
7.05,3,pedestrian,141.489,-1.005,2.8508,1.083,0.5,0.5
7.05,4,bullockcart,124.512,7.500,-0.1147,0.000,4.5,1.8
7.05,5,bus,179.853,-9.362,2.9818,8.070,11.0,2.6
7.05,6,twowheeler,92.923,4.797,0.0874,13.290,2.0,0.8
7.05,7,cattle,182.774,-3.894,-3.5024,0.150,2.2,0.9
7.15,1,bicycle,81.278,6.225,-0.0212,4.110,1.8,0.6
7.15,2,pedestrian,104.341,8.043,-0.0458,1.084,0.5,0.5
7.15,3,pedestrian,141.391,-0.955,2.7107,1.083,0.5,0.5
7.15,4,bullockcart,124.512,7.500,-0.1147,0.000,4.5,1.8
7.15,5,bus,178.981,-9.200,2.9174,8.070,11.0,2.6
7.15,6,twowheeler,94.217,4.899,0.0904,12.650,2.0,0.8
7.15,7,cattle,182.761,-3.886,-3.6548,0.150,2.2,0.9
7.25,1,bicycle,81.683,6.174,-0.1182,4.110,1.8,0.6
7.25,2,pedestrian,104.448,8.063,0.1952,1.084,0.5,0.5
7.25,3,pedestrian,141.285,-0.938,2.8432,1.083,0.5,0.5
7.25,4,bullockcart,124.512,7.500,-0.1147,0.000,4.5,1.8
7.25,5,bus,178.155,-9.010,2.8874,8.070,11.0,2.6
7.25,6,twowheeler,95.454,4.878,-0.0062,12.078,2.0,0.8
7.25,7,cattle,182.747,-3.880,-3.5727,0.150,2.2,0.9
7.35,1,bicycle,82.094,6.125,-0.1177,4.110,1.8,0.6
7.35,2,pedestrian,104.557,8.056,0.0830,1.084,0.5,0.5
7.35,3,pedestrian,141.178,-0.929,2.9067,1.083,0.5,0.5
7.35,4,bullockcart,124.512,7.500,-0.1147,0.000,4.5,1.8
7.35,5,bus,177.356,-8.834,2.9116,8.070,11.0,2.6
7.35,6,twowheeler,96.645,4.831,-0.0402,11.841,2.0,0.8
7.35,7,cattle,182.735,-3.870,-3.9231,0.150,2.2,0.9
7.45,1,bicycle,82.507,6.079,-0.1040,4.110,1.8,0.6
7.45,2,pedestrian,104.665,8.085,0.0822,1.084,0.5,0.5
7.45,3,pedestrian,141.076,-0.904,2.7553,1.083,0.5,0.5
7.45,4,bullockcart,124.512,7.500,-0.1147,0.000,4.5,1.8
7.45,5,bus,176.573,-8.638,2.8831,8.070,11.0,2.6
7.45,6,twowheeler,97.832,4.840,0.0020,11.896,2.0,0.8
7.45,7,cattle,182.726,-3.860,-4.2286,0.150,2.2,0.9
7.55,1,bicycle,82.919,6.046,-0.1177,4.110,1.8,0.6
7.55,2,pedestrian,104.773,8.086,0.0217,1.084,0.5,0.5
7.55,3,pedestrian,140.977,-0.870,2.9965,1.083,0.5,0.5
7.55,4,bullockcart,124.512,7.500,-0.1147,0.000,4.5,1.8
7.55,5,bus,175.789,-8.447,2.9137,8.070,11.0,2.6
7.55,6,twowheeler,99.020,4.934,0.0660,11.949,2.0,0.8
7.55,7,cattle,182.716,-3.848,-4.0339,0.150,2.2,0.9
7.65,1,bicycle,83.329,6.057,0.1722,4.110,1.8,0.6
7.65,2,pedestrian,104.882,8.066,-0.0823,1.084,0.5,0.5
7.65,3,pedestrian,140.880,-0.825,2.8449,1.083,0.5,0.5
7.65,4,bullockcart,124.512,7.500,-0.1147,0.000,4.5,1.8
7.65,5,bus,175.009,-8.238,2.8623,8.070,11.0,2.6
7.65,6,twowheeler,100.214,4.923,0.0086,12.001,2.0,0.8
7.65,7,cattle,182.708,-3.836,-4.1663,0.150,2.2,0.9
7.75,1,bicycle,83.741,6.022,-0.0553,4.110,1.8,0.6
7.75,2,pedestrian,104.991,8.063,-0.0087,1.084,0.5,0.5
7.75,3,pedestrian,140.786,-0.799,2.8953,1.083,0.5,0.5
7.75,4,bullockcart,124.512,7.500,-0.1147,0.000,4.5,1.8
7.75,5,bus,174.228,-8.037,2.8901,8.070,11.0,2.6
7.75,6,twowheeler,101.409,5.053,0.1114,12.051,2.0,0.8
7.75,7,cattle,182.695,-3.829,-3.3422,0.150,2.2,0.9
7.85,1,bicycle,84.153,6.016,0.0599,4.110,1.8,0.6
7.85,2,pedestrian,105.100,8.052,0.0489,1.084,0.5,0.5
7.85,3,pedestrian,140.699,-0.750,2.7213,1.083,0.5,0.5
7.85,4,bullockcart,124.512,7.500,-0.1147,0.000,4.5,1.8
7.85,5,bus,173.445,-7.841,2.9055,8.070,11.0,2.6
7.85,6,twowheeler,102.587,5.026,-0.0231,11.682,2.0,0.8
7.85,7,cattle,182.680,-3.833,-2.7715,0.150,2.2,0.9
7.95,1,bicycle,84.563,6.061,0.0482,4.110,1.8,0.6
7.95,2,pedestrian,105.208,8.059,0.1261,1.084,0.5,0.5
7.95,3,pedestrian,140.603,-0.730,2.9424,1.083,0.5,0.5
7.95,4,bullockcart,124.512,7.500,-0.1147,0.000,4.5,1.8
7.95,5,bus,172.659,-7.658,2.8952,8.070,11.0,2.6
7.95,6,twowheeler,103.754,5.159,0.1133,11.741,2.0,0.8
7.95,7,cattle,182.666,-3.834,-3.2266,0.150,2.2,0.9
8.05,1,bicycle,84.974,6.058,-0.1179,4.103,1.8,0.6
8.05,2,pedestrian,105.318,8.040,-0.0262,1.084,0.5,0.5
8.05,3,pedestrian,140.516,-0.676,2.8139,1.083,0.5,0.5
8.05,4,bullockcart,124.512,7.500,-0.1147,0.000,4.5,1.8
8.05,5,bus,171.874,-7.468,2.9031,8.070,11.0,2.6
8.05,6,twowheeler,104.883,5.291,0.1182,10.941,2.0,0.8
8.05,7,cattle,182.653,-3.842,-2.3993,0.150,2.2,0.9
8.15,1,bicycle,85.384,6.035,0.0064,4.091,1.8,0.6
8.15,2,pedestrian,105.425,8.060,0.0906,1.084,0.5,0.5
8.15,3,pedestrian,140.422,-0.660,3.0314,1.083,0.5,0.5
8.15,4,bullockcart,124.512,7.500,-0.1147,0.000,4.5,1.8
8.15,5,bus,171.094,-7.260,2.8985,8.070,11.0,2.6
8.15,6,twowheeler,105.937,5.313,-0.0335,10.141,2.0,0.8
8.15,7,cattle,182.640,-3.850,-2.5055,0.150,2.2,0.9
8.25,1,bicycle,85.791,6.107,0.1733,4.080,1.8,0.6
8.25,2,pedestrian,105.533,8.065,0.0698,1.084,0.5,0.5
8.25,3,pedestrian,140.330,-0.655,2.9146,1.083,0.5,0.5
8.25,4,bullockcart,124.512,7.500,-0.1147,0.000,4.5,1.8
8.25,5,bus,170.315,-7.048,2.8580,8.070,11.0,2.6
8.25,6,twowheeler,106.910,5.371,0.0285,9.356,2.0,0.8
8.25,7,cattle,182.631,-3.861,-2.1602,0.150,2.2,0.9
8.35,1,bicycle,86.197,6.178,0.1736,4.071,1.8,0.6
8.35,2,pedestrian,105.640,8.105,0.1319,1.084,0.5,0.5
8.35,3,pedestrian,140.241,-0.641,2.8972,1.083,0.5,0.5
8.35,4,bullockcart,124.512,7.500,-0.1147,0.000,4.5,1.8
8.35,5,bus,169.533,-6.853,2.8996,8.070,11.0,2.6
8.35,6,twowheeler,107.810,5.418,0.0658,8.668,2.0,0.8
8.35,7,cattle,182.623,-3.873,-2.4069,0.150,2.2,0.9
8.45,1,bicycle,86.603,6.198,0.0537,4.063,1.8,0.6
8.45,2,pedestrian,105.749,8.091,-0.0833,1.084,0.5,0.5
8.45,3,pedestrian,140.152,-0.622,2.9216,1.083,0.5,0.5
8.45,4,bullockcart,124.512,7.500,-0.1147,0.000,4.5,1.8
8.45,5,bus,168.755,-6.637,2.8816,8.070,11.0,2.6
8.45,7,cattle,182.611,-3.882,-2.4124,0.150,2.2,0.9
8.55,1,bicycle,87.009,6.205,-0.1196,4.055,1.8,0.6
8.55,2,pedestrian,105.860,8.049,-0.1048,1.084,0.5,0.5
8.55,3,pedestrian,140.072,-0.570,2.8289,1.083,0.5,0.5
8.55,4,bullockcart,124.512,7.500,-0.1147,0.000,4.5,1.8
8.55,5,bus,167.976,-6.424,2.8734,8.070,11.0,2.6
8.55,7,cattle,182.601,-3.893,-2.4470,0.150,2.2,0.9
8.65,1,bicycle,87.415,6.158,-0.1113,4.049,1.8,0.6
8.65,2,pedestrian,105.968,8.057,0.0105,1.084,0.5,0.5
8.65,3,pedestrian,139.987,-0.553,2.8438,1.083,0.5,0.5
8.65,4,bullockcart,124.512,7.500,-0.1147,0.000,4.5,1.8
8.65,5,bus,167.196,-6.218,2.8962,8.070,11.0,2.6
8.65,7,cattle,182.595,-3.898,0.6868,0.150,2.2,0.9
8.75,1,bicycle,87.819,6.208,0.1746,4.043,1.8,0.6
8.75,2,pedestrian,106.076,8.061,-0.0483,1.084,0.5,0.5
8.75,3,pedestrian,139.905,-0.528,2.8651,1.083,0.5,0.5
8.75,4,bullockcart,124.512,7.500,-0.1147,0.000,4.5,1.8
8.75,5,bus,166.416,-6.013,2.9044,8.070,11.0,2.6
8.75,7,cattle,182.605,-3.887,0.7997,0.150,2.2,0.9
8.85,1,bicycle,88.221,6.279,0.1748,4.037,1.8,0.6
8.85,2,pedestrian,106.183,8.103,0.1952,1.084,0.5,0.5
8.85,3,pedestrian,139.817,-0.527,2.9401,1.083,0.5,0.5
8.85,4,bullockcart,124.512,7.500,-0.1147,0.000,4.5,1.8
8.85,5,bus,165.639,-5.793,2.8689,8.070,11.0,2.6
8.85,7,cattle,182.617,-3.878,0.7225,0.150,2.2,0.9
8.95,1,bicycle,88.623,6.350,0.1750,4.032,1.8,0.6
8.95,2,pedestrian,106.292,8.092,0.0694,1.084,0.5,0.5
8.95,3,pedestrian,139.733,-0.512,3.0316,1.083,0.5,0.5
8.95,4,bullockcart,124.512,7.500,-0.1147,0.000,4.5,1.8
8.95,5,bus,164.860,-5.585,2.8586,8.070,11.0,2.6
8.95,7,cattle,182.629,-3.869,0.4039,0.150,2.2,0.9
9.05,1,bicycle,89.025,6.376,0.0153,4.027,1.8,0.6
9.05,2,pedestrian,106.398,8.134,0.1885,1.084,0.5,0.5
9.05,3,pedestrian,139.656,-0.466,2.8382,1.083,0.5,0.5
9.05,4,bullockcart,124.512,7.500,-0.1147,0.000,4.5,1.8
9.05,5,bus,164.085,-5.359,2.8537,8.070,11.0,2.6
9.05,7,cattle,182.640,-3.859,0.7739,0.150,2.2,0.9
9.15,1,bicycle,89.426,6.447,0.1753,4.023,1.8,0.6
9.15,2,pedestrian,106.508,8.112,-0.1048,1.084,0.5,0.5
9.15,3,pedestrian,139.585,-0.397,2.7927,1.083,0.5,0.5
9.15,4,bullockcart,124.512,7.500,-0.1147,0.000,4.5,1.8
9.15,5,bus,163.305,-5.149,2.8786,8.070,11.0,2.6
9.15,7,cattle,182.652,-3.851,0.6509,0.150,2.2,0.9
9.25,1,bicycle,89.828,6.458,0.1755,4.018,1.8,0.6
9.25,2,pedestrian,106.618,8.086,-0.0603,1.084,0.5,0.5
9.25,3,pedestrian,139.508,-0.350,2.8177,1.083,0.5,0.5
9.25,4,bullockcart,124.512,7.500,-0.1147,0.000,4.5,1.8
9.25,5,bus,162.517,-4.972,2.9137,8.070,11.0,2.6
9.25,7,cattle,182.663,-3.840,0.8290,0.150,2.2,0.9
9.35,1,bicycle,90.228,6.510,0.1658,4.014,1.8,0.6
9.35,2,pedestrian,106.727,8.071,0.0671,1.084,0.5,0.5
9.35,3,pedestrian,139.423,-0.343,2.9646,1.083,0.5,0.5
9.35,4,bullockcart,124.512,7.500,-0.1147,0.000,4.5,1.8
9.35,5,bus,161.735,-4.774,2.9137,8.070,11.0,2.6
9.35,7,cattle,182.673,-3.829,0.9006,0.150,2.2,0.9
9.45,1,bicycle,90.631,6.461,-0.1212,4.010,1.8,0.6
9.45,2,pedestrian,106.836,8.050,-0.0423,1.084,0.5,0.5
9.45,3,pedestrian,139.338,-0.341,2.9947,1.083,0.5,0.5
9.45,4,bullockcart,124.512,7.500,-0.1147,0.000,4.5,1.8
9.45,5,bus,160.956,-4.550,2.9063,8.070,11.0,2.6
9.45,7,cattle,182.683,-3.818,0.7100,0.150,2.2,0.9
9.55,1,bicycle,91.031,6.472,0.1759,4.007,1.8,0.6
9.55,2,pedestrian,106.944,8.057,0.1180,1.084,0.5,0.5
9.55,3,pedestrian,139.254,-0.322,2.9097,1.083,0.5,0.5
9.55,4,bullockcart,124.512,7.500,-0.1147,0.000,4.5,1.8
9.55,5,bus,160.173,-4.319,2.8451,8.070,11.0,2.6
9.55,7,cattle,182.693,-3.807,0.9362,0.150,2.2,0.9
9.65,1,bicycle,91.430,6.543,0.1760,4.003,1.8,0.6
9.65,2,pedestrian,107.052,8.068,0.0317,1.084,0.5,0.5
9.65,3,pedestrian,139.168,-0.308,3.0439,1.083,0.5,0.5
9.65,4,bullockcart,124.512,7.500,-0.1147,0.000,4.5,1.8
9.65,5,bus,159.385,-4.100,2.8549,8.070,11.0,2.6
9.65,7,cattle,182.707,-3.802,0.5078,0.150,2.2,0.9
9.75,1,bicycle,91.832,6.494,-0.1217,3.999,1.8,0.6
9.75,2,pedestrian,107.161,8.075,0.1111,1.084,0.5,0.5
9.75,3,pedestrian,139.082,-0.291,3.0967,1.083,0.5,0.5
9.75,4,bullockcart,124.512,7.500,-0.1147,0.000,4.5,1.8
9.75,5,bus,158.608,-3.853,2.8316,8.070,11.0,2.6
9.75,7,cattle,182.716,-3.790,1.0324,0.150,2.2,0.9
9.85,1,bicycle,92.231,6.505,0.1763,3.996,1.8,0.6
9.85,2,pedestrian,107.269,8.073,0.0605,1.084,0.5,0.5
9.85,3,pedestrian,138.990,-0.316,3.1398,1.083,0.5,0.5
9.85,4,bullockcart,124.512,7.500,-0.1147,0.000,4.5,1.8
9.85,5,bus,157.834,-3.618,2.8475,8.070,11.0,2.6
9.85,7,cattle,182.716,-3.790,1.0324,0.000,2.2,0.9
9.95,1,bicycle,92.631,6.487,0.0337,3.992,1.8,0.6
9.95,2,pedestrian,107.379,8.052,-0.0720,1.084,0.5,0.5
9.95,3,pedestrian,138.906,-0.287,2.9183,1.083,0.5,0.5
9.95,4,bullockcart,124.512,7.500,-0.1147,0.000,4.5,1.8
9.95,5,bus,157.061,-3.385,2.8426,8.070,11.0,2.6
9.95,7,cattle,182.716,-3.790,1.0324,0.000,2.2,0.9
10.05,1,bicycle,93.028,6.558,0.1766,3.988,1.8,0.6
10.05,2,pedestrian,107.486,8.078,0.1952,1.084,0.5,0.5
10.05,3,pedestrian,138.813,-0.274,3.0343,1.083,0.5,0.5
10.05,4,bullockcart,124.512,7.500,-0.1147,0.000,4.5,1.8
10.05,5,bus,156.289,-3.148,2.8653,8.070,11.0,2.6
10.05,7,cattle,182.716,-3.790,1.0324,0.000,2.2,0.9
10.15,1,bicycle,93.425,6.629,0.1767,3.984,1.8,0.6
10.15,2,pedestrian,107.594,8.099,0.1320,1.084,0.5,0.5
10.15,3,pedestrian,138.717,-0.280,3.1291,1.083,0.5,0.5
10.15,4,bullockcart,124.512,7.500,-0.1147,0.000,4.5,1.8
10.15,5,bus,155.508,-2.946,2.8905,8.070,11.0,2.6
10.15,7,cattle,182.716,-3.790,1.0324,0.000,2.2,0.9
10.25,1,bicycle,93.823,6.646,0.1769,3.981,1.8,0.6
10.25,2,pedestrian,107.700,8.141,0.1911,1.084,0.5,0.5
10.25,3,pedestrian,138.625,-0.259,2.9439,1.083,0.5,0.5
10.25,4,bullockcart,124.512,7.500,-0.1147,0.000,4.5,1.8
10.25,5,bus,154.738,-2.702,2.8419,8.070,11.0,2.6
10.25,7,cattle,182.716,-3.790,1.0324,0.000,2.2,0.9
10.35,1,bicycle,94.221,6.649,-0.1225,3.977,1.8,0.6
10.35,2,pedestrian,107.809,8.138,0.1905,1.084,0.5,0.5
10.35,3,pedestrian,138.526,-0.289,3.1626,1.083,0.5,0.5
10.35,4,bullockcart,124.512,7.500,-0.1147,0.000,4.5,1.8
10.35,5,bus,153.962,-2.483,2.8905,8.070,11.0,2.6
10.35,7,cattle,182.716,-3.790,1.0324,0.000,2.2,0.9
10.45,1,bicycle,94.620,6.612,-0.1226,3.973,1.8,0.6
10.45,2,pedestrian,107.919,8.111,0.0054,1.084,0.5,0.5
10.45,3,pedestrian,138.430,-0.273,2.9111,1.083,0.5,0.5
10.45,4,bullockcart,124.512,7.500,-0.1147,0.000,4.5,1.8
10.45,5,bus,153.188,-2.254,2.8697,8.070,11.0,2.6
10.45,7,cattle,182.716,-3.790,1.0324,0.000,2.2,0.9
10.55,1,bicycle,95.018,6.562,-0.1227,3.969,1.8,0.6
10.55,2,pedestrian,108.028,8.096,-0.0961,1.084,0.5,0.5
10.55,3,pedestrian,138.324,-0.304,3.1680,1.083,0.5,0.5
10.55,4,bullockcart,124.512,7.500,-0.1147,0.000,4.5,1.8
10.55,5,bus,152.413,-2.029,2.8768,8.070,11.0,2.6
10.55,7,cattle,182.716,-3.790,1.0324,0.000,2.2,0.9
10.65,1,bicycle,95.414,6.613,0.1534,3.965,1.8,0.6
10.65,2,pedestrian,108.137,8.079,-0.0945,1.084,0.5,0.5
10.65,3,pedestrian,138.220,-0.322,3.1260,1.083,0.5,0.5
10.65,4,bullockcart,124.512,7.500,-0.1147,0.000,4.5,1.8
10.65,5,bus,151.636,-1.810,2.8366,8.070,11.0,2.6
10.65,7,cattle,182.716,-3.790,1.0324,0.000,2.2,0.9
10.75,1,bicycle,95.809,6.654,0.1773,3.960,1.8,0.6
10.75,2,pedestrian,108.243,8.135,0.1952,1.084,0.5,0.5
10.75,3,pedestrian,138.121,-0.297,3.0207,1.083,0.5,0.5
10.75,4,bullockcart,124.512,7.500,-0.1147,0.000,4.5,1.8
10.75,5,bus,150.864,-1.576,2.8305,8.070,11.0,2.6
10.75,7,cattle,182.716,-3.790,1.0324,0.000,2.2,0.9
10.85,1,bicycle,96.203,6.724,0.1773,3.956,1.8,0.6
10.85,2,pedestrian,108.351,8.150,0.1042,1.084,0.5,0.5
10.85,3,pedestrian,138.021,-0.279,3.1172,1.083,0.5,0.5
10.85,4,bullockcart,124.512,7.500,-0.1147,0.000,4.5,1.8
10.85,5,bus,150.085,-1.364,2.8905,8.070,11.0,2.6
10.85,7,cattle,182.716,-3.790,1.0324,0.000,2.2,0.9
10.95,1,bicycle,96.597,6.795,0.1773,3.952,1.8,0.6
10.95,2,pedestrian,108.458,8.172,0.1850,1.084,0.5,0.5
10.95,3,pedestrian,137.917,-0.258,2.9679,1.083,0.5,0.5
10.95,4,bullockcart,124.512,7.500,-0.1147,0.000,4.5,1.8
10.95,5,bus,149.301,-1.171,2.8905,8.070,11.0,2.6
10.95,7,cattle,182.716,-3.790,1.0324,0.000,2.2,0.9
11.05,1,bicycle,96.993,6.746,-0.1227,3.947,1.8,0.6
11.05,2,pedestrian,108.566,8.183,-0.0126,1.084,0.5,0.5
11.05,3,pedestrian,137.811,-0.255,3.0357,1.083,0.5,0.5
11.05,4,bullockcart,124.512,7.500,-0.1147,0.000,4.5,1.8
11.05,5,bus,148.526,-0.945,2.8539,8.070,11.0,2.6
11.05,7,cattle,182.716,-3.790,1.0324,0.000,2.2,0.9
11.15,1,bicycle,97.389,6.697,-0.1227,3.942,1.8,0.6
11.15,2,pedestrian,108.675,8.179,0.0025,1.084,0.5,0.5
11.15,3,pedestrian,137.706,-0.231,3.0347,1.083,0.5,0.5
11.15,4,bullockcart,124.512,7.500,-0.1147,0.000,4.5,1.8
11.15,5,bus,147.747,-0.733,2.8887,8.070,11.0,2.6
11.15,7,cattle,182.716,-3.790,1.0324,0.000,2.2,0.9
11.25,1,bicycle,97.783,6.700,0.0404,3.937,1.8,0.6
11.25,2,pedestrian,108.783,8.183,-0.0586,1.084,0.5,0.5
11.25,3,pedestrian,137.599,-0.238,3.1764,1.083,0.5,0.5
11.25,4,bullockcart,124.512,7.500,-0.1147,0.000,4.5,1.8
11.25,5,bus,146.976,-0.497,2.8530,8.070,11.0,2.6
11.25,7,cattle,182.721,-3.784,0.8247,0.150,2.2,0.9
11.35,1,bicycle,98.177,6.651,-0.1224,3.931,1.8,0.6
11.35,2,pedestrian,108.892,8.179,0.0627,1.084,0.5,0.5
11.35,3,pedestrian,137.494,-0.211,2.9933,1.083,0.5,0.5
11.35,4,bullockcart,124.512,7.500,-0.1147,0.000,4.5,1.8
11.35,5,bus,146.197,-0.283,2.8905,8.070,11.0,2.6
11.35,7,cattle,182.735,-3.780,0.1885,0.150,2.2,0.9
11.45,1,bicycle,98.569,6.602,-0.1213,3.926,1.8,0.6
11.45,2,pedestrian,109.001,8.176,0.0797,1.084,0.5,0.5
11.45,3,pedestrian,137.386,-0.206,3.0817,1.083,0.5,0.5
11.45,4,bullockcart,124.512,7.500,-0.1147,0.000,4.5,1.8
11.45,5,bus,145.429,-0.036,2.8444,8.070,11.0,2.6
11.45,7,cattle,182.747,-3.771,0.5364,0.150,2.2,0.9
11.55,1,bicycle,98.955,6.640,0.0170,3.920,1.8,0.6
11.55,2,pedestrian,109.109,8.181,0.1952,1.084,0.5,0.5
11.55,3,pedestrian,137.283,-0.155,2.9176,1.083,0.5,0.5
11.55,4,bullockcart,124.512,7.500,-0.1147,0.000,4.5,1.8
11.55,5,bus,144.650,0.176,2.8905,8.070,11.0,2.6
11.55,7,cattle,182.761,-3.766,0.1240,0.150,2.2,0.9
11.65,1,bicycle,99.338,6.712,0.1839,3.914,1.8,0.6
11.65,2,pedestrian,109.219,8.153,-0.1048,1.084,0.5,0.5
11.65,3,pedestrian,137.175,-0.150,3.0633,1.083,0.5,0.5
11.65,4,bullockcart,124.512,7.500,-0.1147,0.000,4.5,1.8
11.65,5,bus,143.868,0.377,2.8905,8.070,11.0,2.6
11.65,7,cattle,182.774,-3.759,0.4833,0.150,2.2,0.9
11.75,1,bicycle,99.722,6.735,-0.0649,3.908,1.8,0.6
11.75,2,pedestrian,109.327,8.167,0.0340,1.084,0.5,0.5
11.75,3,pedestrian,137.067,-0.139,3.0068,1.083,0.5,0.5
11.75,4,bullockcart,124.512,7.500,-0.1147,0.000,4.5,1.8
11.75,5,bus,143.093,0.600,2.8305,8.070,11.0,2.6
11.75,7,cattle,182.787,-3.751,0.6056,0.150,2.2,0.9
11.85,1,bicycle,100.106,6.758,-0.0648,3.901,1.8,0.6
11.85,2,pedestrian,109.435,8.163,0.1015,1.084,0.5,0.5
11.85,3,pedestrian,136.960,-0.124,2.9535,1.083,0.5,0.5
11.85,4,bullockcart,124.512,7.500,-0.1147,0.000,4.5,1.8
11.85,5,bus,142.319,0.830,2.8558,8.070,11.0,2.6
11.85,7,cattle,182.801,-3.747,0.0842,0.150,2.2,0.9
11.95,1,bicycle,100.486,6.833,0.1923,3.895,1.8,0.6
11.95,2,pedestrian,109.544,8.163,0.0354,1.084,0.5,0.5
11.95,3,pedestrian,136.849,-0.142,3.1315,1.083,0.5,0.5
11.95,4,bullockcart,124.512,7.500,-0.1147,0.000,4.5,1.8
11.95,5,bus,141.552,1.066,2.8406,8.070,11.0,2.6
11.95,7,cattle,182.816,-3.749,-0.2711,0.150,2.2,0.9
12.05,1,bicycle,100.868,6.909,0.1941,3.887,1.8,0.6
12.05,2,pedestrian,109.652,8.168,-0.0667,1.084,0.5,0.5
12.05,3,pedestrian,136.740,-0.141,3.1054,1.083,0.5,0.5
12.05,4,bullockcart,124.512,7.500,-0.1147,0.000,4.5,1.8
12.05,5,bus,140.807,1.270,2.9041,8.070,11.0,2.6
12.05,7,cattle,182.830,-3.754,-0.3009,0.150,2.2,0.9
12.15,1,bicycle,101.251,6.986,0.1950,3.880,1.8,0.6
12.15,2,pedestrian,109.759,8.199,0.0090,1.084,0.5,0.5
12.15,3,pedestrian,136.634,-0.111,2.8769,1.083,0.5,0.5
12.15,4,bullockcart,124.512,7.500,-0.1147,0.000,4.5,1.8
12.15,5,bus,140.082,1.426,2.9634,8.070,11.0,2.6
12.15,7,cattle,182.845,-3.756,-0.2228,0.150,2.2,0.9
12.25,1,bicycle,101.637,7.004,-0.1048,3.872,1.8,0.6
12.25,2,pedestrian,109.867,8.204,0.0678,1.084,0.5,0.5
12.25,3,pedestrian,136.529,-0.075,3.0369,1.083,0.5,0.5
12.25,4,bullockcart,124.512,7.500,-0.1147,0.000,4.5,1.8
12.25,5,bus,139.364,1.566,3.0110,8.070,11.0,2.6
12.25,7,cattle,182.860,-3.756,-0.1464,0.150,2.2,0.9
12.35,1,bicycle,102.023,7.031,0.1952,3.864,1.8,0.6
12.35,2,pedestrian,109.974,8.244,0.1893,1.084,0.5,0.5
12.35,3,pedestrian,136.423,-0.055,3.0848,1.083,0.5,0.5
12.35,4,bullockcart,124.512,7.500,-0.1147,0.000,4.5,1.8
12.35,5,bus,138.609,1.644,3.0472,8.070,11.0,2.6
12.35,7,cattle,182.874,-3.753,0.2426,0.150,2.2,0.9
12.45,1,bicycle,102.410,7.032,-0.1048,3.855,1.8,0.6
12.45,2,pedestrian,110.082,8.250,0.1144,1.084,0.5,0.5
12.45,3,pedestrian,136.314,-0.056,3.1049,1.083,0.5,0.5
12.45,4,bullockcart,124.512,7.500,-0.1147,0.000,4.5,1.8
12.45,5,bus,137.820,1.729,3.0394,8.070,11.0,2.6
12.45,7,cattle,182.886,-3.744,0.5711,0.150,2.2,0.9
12.55,1,bicycle,102.797,6.989,-0.1048,3.846,1.8,0.6
12.55,2,pedestrian,110.191,8.250,0.0287,1.084,0.5,0.5
12.55,3,pedestrian,136.208,-0.030,3.0240,1.083,0.5,0.5
12.55,4,bullockcart,124.512,7.500,-0.1147,0.000,4.5,1.8
12.55,5,bus,137.018,1.815,3.0311,8.070,11.0,2.6
12.55,7,cattle,182.901,-3.741,0.1068,0.150,2.2,0.9
12.65,1,bicycle,103.183,6.947,-0.1048,3.836,1.8,0.6
12.65,2,pedestrian,110.300,8.245,0.0583,1.084,0.5,0.5
12.65,3,pedestrian,136.100,-0.016,3.0244,1.083,0.5,0.5
12.65,4,bullockcart,124.512,7.500,-0.1147,0.000,4.5,1.8
12.65,5,bus,136.218,1.919,2.9969,8.070,11.0,2.6
12.65,7,cattle,182.916,-3.740,-0.0582,0.150,2.2,0.9
12.75,1,bicycle,103.568,6.913,-0.0651,3.826,1.8,0.6
12.75,2,pedestrian,110.407,8.271,0.1952,1.084,0.5,0.5
12.75,3,pedestrian,135.992,-0.008,3.1301,1.083,0.5,0.5
12.75,4,bullockcart,124.512,7.500,-0.1147,0.000,4.5,1.8
12.75,5,bus,135.415,1.996,3.0446,8.070,11.0,2.6
12.75,7,cattle,182.930,-3.737,0.2568,0.150,2.2,0.9
12.85,1,bicycle,103.953,6.871,-0.1048,3.816,1.8,0.6
12.85,2,pedestrian,110.514,8.301,0.1446,1.084,0.5,0.5
12.85,3,pedestrian,135.886,0.017,2.9472,1.083,0.5,0.5
12.85,4,bullockcart,124.512,7.500,-0.1147,0.000,4.5,1.8
12.85,5,bus,134.611,2.069,3.0569,8.070,11.0,2.6
12.85,7,cattle,182.945,-3.735,0.0781,0.150,2.2,0.9
12.95,1,bicycle,104.334,6.870,0.0056,3.804,1.8,0.6
12.95,2,pedestrian,110.623,8.300,0.1340,1.084,0.5,0.5
12.95,3,pedestrian,135.778,0.027,3.1565,1.083,0.5,0.5
12.95,4,bullockcart,124.512,7.500,-0.1147,0.000,4.5,1.8
12.95,5,bus,133.808,2.155,3.0192,8.070,11.0,2.6
12.95,7,cattle,182.960,-3.731,0.2501,0.150,2.2,0.9
13.05,1,bicycle,104.716,6.827,-0.1048,3.793,1.8,0.6
13.05,2,pedestrian,110.731,8.299,0.1096,1.084,0.5,0.5
13.05,3,pedestrian,135.672,0.052,3.0428,1.083,0.5,0.5
13.05,4,bullockcart,124.512,7.500,-0.1147,0.000,4.5,1.8
13.05,5,bus,133.008,2.262,3.0327,8.070,11.0,2.6
13.05,7,cattle,182.974,-3.727,0.4411,0.150,2.2,0.9
13.15,1,bicycle,105.095,6.845,0.1271,3.780,1.8,0.6
13.15,2,pedestrian,110.841,8.279,0.0623,1.084,0.5,0.5
13.15,3,pedestrian,135.566,0.074,2.8928,1.083,0.5,0.5
13.15,4,bullockcart,124.512,7.500,-0.1147,0.000,4.5,1.8
13.15,5,bus,132.207,2.359,2.9969,8.070,11.0,2.6
13.15,7,cattle,182.986,-3.717,0.6819,0.150,2.2,0.9
13.25,1,bicycle,105.470,6.901,0.0905,3.767,1.8,0.6
13.25,2,pedestrian,110.948,8.299,-0.0433,1.084,0.5,0.5
13.25,3,pedestrian,135.459,0.092,3.0318,1.083,0.5,0.5
13.25,4,bullockcart,124.512,7.500,-0.1147,0.000,4.5,1.8
13.25,5,bus,131.403,2.427,3.0569,8.070,11.0,2.6
13.25,7,cattle,182.999,-3.713,-0.0813,0.150,2.2,0.9
13.35,1,bicycle,105.847,6.877,-0.0116,3.753,1.8,0.6
13.35,2,pedestrian,111.056,8.316,0.0400,1.084,0.5,0.5
13.35,3,pedestrian,135.350,0.092,3.1021,1.083,0.5,0.5
13.35,4,bullockcart,124.512,7.500,-0.1147,0.000,4.5,1.8
13.35,5,bus,130.604,2.543,2.9969,8.070,11.0,2.6
13.35,7,cattle,183.014,-3.711,0.1171,0.150,2.2,0.9
13.45,1,bicycle,106.222,6.888,-0.1048,3.739,1.8,0.6
13.45,2,pedestrian,111.165,8.310,-0.0053,1.084,0.5,0.5
13.45,3,pedestrian,135.244,0.116,2.9555,1.083,0.5,0.5
13.45,4,bullockcart,124.512,7.500,-0.1147,0.000,4.5,1.8
13.45,5,bus,129.804,2.656,3.0267,8.070,11.0,2.6
13.45,7,cattle,183.028,-3.706,0.5853,0.150,2.2,0.9
13.55,1,bicycle,106.592,6.964,0.1952,3.723,1.8,0.6
13.55,2,pedestrian,111.272,8.330,0.1630,1.084,0.5,0.5
13.55,3,pedestrian,135.132,0.091,3.1483,1.083,0.5,0.5
13.55,4,bullockcart,124.512,7.500,-0.1147,0.000,4.5,1.8
13.55,5,bus,129.005,2.763,3.0178,8.070,11.0,2.6
13.55,7,cattle,183.041,-3.699,0.6094,0.150,2.2,0.9
13.65,1,bicycle,106.960,7.040,0.1952,3.707,1.8,0.6
13.65,2,pedestrian,111.382,8.316,-0.0616,1.084,0.5,0.5
13.65,3,pedestrian,135.022,0.084,3.0547,1.083,0.5,0.5
13.65,4,bullockcart,124.512,7.500,-0.1147,0.000,4.5,1.8
13.65,5,bus,128.203,2.855,3.0553,8.070,11.0,2.6
13.65,7,cattle,183.052,-3.689,0.8880,0.150,2.2,0.9
13.75,1,bicycle,107.332,7.005,-0.1048,3.689,1.8,0.6
13.75,2,pedestrian,111.491,8.301,-0.0328,1.084,0.5,0.5
13.75,3,pedestrian,134.918,0.126,2.8769,1.083,0.5,0.5
13.75,4,bullockcart,124.512,7.500,-0.1147,0.000,4.5,1.8
13.75,5,bus,127.401,2.949,3.0098,8.070,11.0,2.6
13.75,7,cattle,183.066,-3.685,0.1938,0.150,2.2,0.9
13.85,1,bicycle,107.700,7.021,0.1952,3.671,1.8,0.6
13.85,2,pedestrian,111.599,8.306,0.0510,1.084,0.5,0.5
13.85,3,pedestrian,134.810,0.135,2.9867,1.083,0.5,0.5
13.85,4,bullockcart,124.512,7.500,-0.1147,0.000,4.5,1.8
13.85,5,bus,126.601,3.055,3.0113,8.070,11.0,2.6
13.85,7,cattle,183.080,-3.689,-0.1297,0.150,2.2,0.9
13.95,1,bicycle,108.066,7.038,-0.1048,3.651,1.8,0.6
13.95,2,pedestrian,111.707,8.310,0.0208,1.084,0.5,0.5
13.95,3,pedestrian,134.701,0.137,3.0652,1.083,0.5,0.5
13.95,4,bullockcart,124.512,7.500,-0.1147,0.000,4.5,1.8
13.95,5,bus,125.797,3.125,3.0166,8.070,11.0,2.6
13.95,7,cattle,183.095,-3.685,0.4407,0.150,2.2,0.9
14.05,1,bicycle,108.432,6.994,-0.1048,3.631,1.8,0.6
14.05,2,pedestrian,111.816,8.312,0.0877,1.084,0.5,0.5
14.05,3,pedestrian,134.596,0.165,2.9311,1.083,0.5,0.5
14.05,4,bullockcart,124.512,7.500,-0.1147,0.000,4.5,1.8
14.05,5,bus,124.998,3.237,3.0134,8.070,11.0,2.6
14.05,7,cattle,183.108,-3.680,0.5304,0.150,2.2,0.9
14.15,1,bicycle,108.794,7.011,-0.1048,3.609,1.8,0.6
14.15,2,pedestrian,111.925,8.305,-0.0355,1.084,0.5,0.5
14.15,3,pedestrian,134.489,0.184,3.0560,1.083,0.5,0.5
14.15,4,bullockcart,124.512,7.500,-0.1147,0.000,4.5,1.8
14.15,5,bus,124.198,3.344,3.0178,8.070,11.0,2.6
14.15,7,cattle,183.123,-3.676,0.1485,0.150,2.2,0.9
14.25,1,bicycle,109.153,7.034,0.0467,3.585,1.8,0.6
14.25,2,pedestrian,112.034,8.284,-0.0144,1.084,0.5,0.5
14.25,3,pedestrian,134.384,0.221,2.9310,1.083,0.5,0.5
14.25,4,bullockcart,124.512,7.500,-0.1147,0.000,4.5,1.8
14.25,5,bus,123.396,3.436,2.9969,8.070,11.0,2.6
14.25,7,cattle,183.136,-3.682,-0.4376,0.150,2.2,0.9
14.35,1,bicycle,109.512,6.990,-0.1048,3.561,1.8,0.6
14.35,2,pedestrian,112.143,8.282,0.0440,1.084,0.5,0.5
14.35,3,pedestrian,134.279,0.254,2.8769,1.083,0.5,0.5
14.35,4,bullockcart,124.512,7.500,-0.1147,0.000,4.5,1.8
14.35,5,bus,122.593,3.521,3.0260,8.070,11.0,2.6
14.35,7,cattle,183.146,-3.693,-1.1173,0.150,2.2,0.9
14.45,1,bicycle,109.869,6.946,-0.1048,3.534,1.8,0.6
14.45,2,pedestrian,112.253,8.241,-0.0971,1.084,0.5,0.5
14.45,3,pedestrian,134.174,0.288,2.8769,1.083,0.5,0.5
14.45,4,bullockcart,124.512,7.500,-0.1147,0.000,4.5,1.8
14.45,5,bus,121.798,3.611,3.0495,8.070,11.0,2.6
14.45,7,cattle,183.150,-3.707,-1.2869,0.150,2.2,0.9
14.55,1,bicycle,110.224,6.902,-0.1048,3.506,1.8,0.6
14.55,2,pedestrian,112.361,8.241,-0.0464,1.084,0.5,0.5
14.55,3,pedestrian,134.067,0.304,3.0780,1.083,0.5,0.5
14.55,4,bullockcart,124.512,7.500,-0.1147,0.000,4.5,1.8
14.55,5,bus,121.030,3.695,3.0624,8.070,11.0,2.6
14.55,7,cattle,183.155,-3.721,-1.0978,0.150,2.2,0.9
14.65,1,bicycle,110.575,6.858,-0.1048,3.476,1.8,0.6
14.65,2,pedestrian,112.470,8.240,-0.1004,1.084,0.5,0.5
14.65,3,pedestrian,133.958,0.310,2.9372,1.083,0.5,0.5
14.65,4,bullockcart,124.512,7.500,-0.1147,0.000,4.5,1.8
14.65,5,bus,120.293,3.762,3.0818,8.070,11.0,2.6
14.65,7,cattle,183.161,-3.734,-0.8918,0.150,2.2,0.9
14.75,1,bicycle,110.920,6.904,0.1952,3.444,1.8,0.6
14.75,2,pedestrian,112.579,8.227,0.0254,1.084,0.5,0.5
14.75,3,pedestrian,133.850,0.311,3.1769,1.083,0.5,0.5
14.75,4,bullockcart,124.512,7.500,-0.1147,0.000,4.5,1.8
14.75,5,bus,119.558,3.809,3.1484,8.070,11.0,2.6
14.75,7,cattle,183.168,-3.737,2.7968,0.150,2.2,0.9
14.85,1,bicycle,111.259,6.979,0.1952,3.410,1.8,0.6
14.85,2,pedestrian,112.688,8.210,0.1111,1.084,0.5,0.5
14.85,3,pedestrian,133.744,0.337,2.9088,1.083,0.5,0.5
14.85,4,bullockcart,124.512,7.500,-0.1147,0.000,4.5,1.8
14.85,5,bus,118.794,3.781,3.1853,8.070,11.0,2.6
14.85,7,cattle,183.154,-3.737,3.4183,0.150,2.2,0.9
14.95,1,bicycle,111.598,6.998,0.1952,3.374,1.8,0.6
14.95,2,pedestrian,112.797,8.216,0.0677,1.084,0.5,0.5
14.95,3,pedestrian,133.634,0.334,2.9785,1.083,0.5,0.5
14.95,4,bullockcart,124.512,7.500,-0.1147,0.000,4.5,1.8
14.95,5,bus,118.001,3.725,3.2168,8.070,11.0,2.6
14.95,7,cattle,183.141,-3.745,3.5839,0.150,2.2,0.9
15.05,1,bicycle,111.932,7.040,0.0241,3.336,1.8,0.6
15.05,2,pedestrian,112.905,8.224,0.0557,1.084,0.5,0.5
15.05,3,pedestrian,133.527,0.348,2.9568,1.083,0.5,0.5
15.05,4,bullockcart,124.512,7.500,-0.1147,0.000,4.5,1.8
15.05,5,bus,117.194,3.704,3.2036,8.070,11.0,2.6
15.05,7,cattle,183.127,-3.747,3.1484,0.150,2.2,0.9
15.15,1,bicycle,112.263,7.055,0.1952,3.295,1.8,0.6
15.15,2,pedestrian,113.012,8.249,-0.0311,1.084,0.5,0.5
15.15,3,pedestrian,133.418,0.352,3.0855,1.083,0.5,0.5
15.15,4,bullockcart,124.512,7.500,-0.1147,0.000,4.5,1.8
15.15,5,bus,116.388,3.666,3.1936,8.070,11.0,2.6
15.15,7,cattle,183.127,-3.747,3.1484,0.000,2.2,0.9
15.25,1,bicycle,112.587,7.129,0.1952,3.251,1.8,0.6
15.25,2,pedestrian,113.119,8.290,0.1952,1.084,0.5,0.5
15.25,3,pedestrian,133.308,0.344,3.1555,1.083,0.5,0.5
15.25,4,bullockcart,124.512,7.500,-0.1147,0.000,4.5,1.8
15.25,5,bus,115.583,3.601,3.2168,8.070,11.0,2.6
15.25,7,cattle,183.127,-3.747,3.1484,0.000,2.2,0.9
15.35,1,bicycle,112.907,7.204,0.1952,3.204,1.8,0.6
15.35,2,pedestrian,113.227,8.308,0.0734,1.084,0.5,0.5
15.35,3,pedestrian,133.201,0.360,3.1352,1.083,0.5,0.5
15.35,4,bullockcart,124.512,7.500,-0.1147,0.000,4.5,1.8
15.35,5,bus,114.777,3.569,3.1659,8.070,11.0,2.6
15.35,7,cattle,183.127,-3.747,3.1484,0.000,2.2,0.9
15.45,1,bicycle,113.222,7.278,0.1952,3.155,1.8,0.6
15.45,2,pedestrian,113.334,8.320,0.1353,1.084,0.5,0.5
15.45,3,pedestrian,133.096,0.388,2.9957,1.083,0.5,0.5
15.45,4,bullockcart,124.512,7.500,-0.1147,0.000,4.5,1.8
15.45,5,bus,113.971,3.516,3.2168,8.070,11.0,2.6
15.45,7,cattle,183.127,-3.747,3.1484,0.000,2.2,0.9
15.55,1,bicycle,113.534,7.314,-0.0098,3.102,1.8,0.6
15.55,2,pedestrian,113.444,8.289,-0.1048,1.084,0.5,0.5
15.55,3,pedestrian,132.989,0.405,2.8769,1.083,0.5,0.5
15.55,4,bullockcart,124.512,7.500,-0.1147,0.000,4.5,1.8
15.55,5,bus,113.165,3.471,3.1977,8.070,11.0,2.6
15.55,7,cattle,183.127,-3.747,3.1484,0.000,2.2,0.9
15.65,1,bicycle,113.843,7.268,-0.1048,3.046,1.8,0.6
15.65,2,pedestrian,113.554,8.261,-0.1048,1.084,0.5,0.5
15.65,3,pedestrian,132.880,0.411,3.1281,1.083,0.5,0.5
15.65,4,bullockcart,124.512,7.500,-0.1147,0.000,4.5,1.8
15.65,5,bus,112.358,3.457,3.2044,8.070,11.0,2.6
15.65,7,cattle,183.127,-3.747,3.1484,0.000,2.2,0.9
15.75,1,bicycle,114.145,7.281,0.1952,2.987,1.8,0.6
15.75,2,pedestrian,113.661,8.293,0.1952,1.084,0.5,0.5
15.75,3,pedestrian,132.768,0.385,3.1425,1.083,0.5,0.5
15.75,4,bullockcart,124.512,7.500,-0.1147,0.000,4.5,1.8
15.75,5,bus,111.552,3.420,3.2121,8.070,11.0,2.6
15.75,7,cattle,183.127,-3.747,3.1484,0.000,2.2,0.9
15.85,1,bicycle,114.437,7.355,0.1952,2.924,1.8,0.6
15.85,2,pedestrian,113.770,8.287,-0.0156,1.084,0.5,0.5
15.85,3,pedestrian,132.663,0.413,3.0030,1.083,0.5,0.5
15.85,4,bullockcart,124.512,7.500,-0.1147,0.000,4.5,1.8
15.85,5,bus,110.747,3.369,3.2098,8.070,11.0,2.6
15.85,7,cattle,183.127,-3.747,3.1484,0.000,2.2,0.9
15.95,1,bicycle,114.723,7.428,0.1952,2.857,1.8,0.6
15.95,2,pedestrian,113.878,8.290,0.0946,1.084,0.5,0.5
15.95,3,pedestrian,132.558,0.448,2.8769,1.083,0.5,0.5
15.95,4,bullockcart,124.512,7.500,-0.1147,0.000,4.5,1.8
15.95,5,bus,109.940,3.347,3.1668,8.070,11.0,2.6
15.95,7,cattle,183.127,-3.747,3.1484,0.000,2.2,0.9
16.05,1,bicycle,115.003,7.489,0.1952,2.787,1.8,0.6
16.05,2,pedestrian,113.987,8.287,0.1740,1.084,0.5,0.5
16.05,3,pedestrian,132.448,0.443,3.0379,1.083,0.5,0.5
16.05,4,bullockcart,124.512,7.500,-0.1147,0.000,4.5,1.8
16.05,5,bus,109.134,3.296,3.1742,8.070,11.0,2.6
16.05,7,cattle,183.127,-3.747,3.1484,0.000,2.2,0.9
16.15,1,bicycle,115.281,7.441,-0.1048,2.713,1.8,0.6
16.15,2,pedestrian,114.096,8.281,-0.0611,1.084,0.5,0.5
16.15,3,pedestrian,132.337,0.420,3.1429,1.083,0.5,0.5
16.15,4,bullockcart,124.512,7.500,-0.1147,0.000,4.5,1.8
16.15,5,bus,108.327,3.279,3.1839,8.070,11.0,2.6
16.15,7,cattle,183.127,-3.747,3.1484,0.000,2.2,0.9
16.25,2,pedestrian,114.204,8.292,0.1346,1.084,0.5,0.5
16.25,3,pedestrian,132.228,0.427,2.9693,1.083,0.5,0.5
16.25,4,bullockcart,124.512,7.500,-0.1147,0.000,4.5,1.8
16.25,5,bus,107.521,3.246,3.1645,8.070,11.0,2.6
16.25,7,cattle,183.127,-3.747,3.1484,0.000,2.2,0.9
16.35,2,pedestrian,114.313,8.267,-0.1048,1.084,0.5,0.5
16.35,3,pedestrian,132.124,0.471,2.9990,1.083,0.5,0.5
16.35,4,bullockcart,124.512,7.500,-0.1147,0.000,4.5,1.8
16.35,5,bus,106.714,3.221,3.1794,8.070,11.0,2.6
16.35,7,cattle,183.127,-3.747,3.1484,0.000,2.2,0.9
16.45,2,pedestrian,114.421,8.282,0.0314,1.084,0.5,0.5
16.45,3,pedestrian,132.017,0.481,2.9544,1.083,0.5,0.5
16.45,4,bullockcart,124.512,7.500,-0.1147,0.000,4.5,1.8
16.45,5,bus,105.910,3.151,3.2168,8.070,11.0,2.6
16.45,7,cattle,183.127,-3.747,3.1484,0.000,2.2,0.9
16.55,2,pedestrian,114.529,8.307,0.1261,1.084,0.5,0.5
16.55,3,pedestrian,131.907,0.471,3.0579,1.083,0.5,0.5
16.55,4,bullockcart,124.512,7.500,-0.1147,0.000,4.5,1.8
16.55,5,bus,105.103,3.117,3.1821,8.070,11.0,2.6
16.55,7,cattle,183.127,-3.747,3.1484,0.000,2.2,0.9
16.65,2,pedestrian,114.637,8.314,0.0901,1.084,0.5,0.5
16.65,3,pedestrian,131.800,0.488,3.0259,1.083,0.5,0.5
16.65,4,bullockcart,124.512,7.500,-0.1147,0.000,4.5,1.8
16.65,5,bus,104.297,3.081,3.1700,8.070,11.0,2.6
16.65,7,cattle,183.127,-3.747,3.1484,0.000,2.2,0.9
16.75,2,pedestrian,114.747,8.287,-0.0750,1.084,0.5,0.5
16.75,3,pedestrian,131.692,0.502,2.9826,1.083,0.5,0.5
16.75,4,bullockcart,124.512,7.500,-0.1147,0.000,4.5,1.8
16.75,5,bus,103.490,3.062,3.1577,8.070,11.0,2.6
16.75,7,cattle,183.127,-3.747,3.1484,0.000,2.2,0.9
16.85,2,pedestrian,114.854,8.318,0.0346,1.084,0.5,0.5
16.85,3,pedestrian,131.585,0.516,3.0186,1.083,0.5,0.5
16.85,4,bullockcart,124.512,7.500,-0.1147,0.000,4.5,1.8
16.85,5,bus,102.685,3.014,3.2168,8.070,11.0,2.6
16.85,7,cattle,183.127,-3.747,3.1484,0.000,2.2,0.9
16.95,2,pedestrian,114.960,8.372,0.1952,1.084,0.5,0.5
16.95,3,pedestrian,131.475,0.507,3.1769,1.083,0.5,0.5
16.95,4,bullockcart,124.512,7.500,-0.1147,0.000,4.5,1.8
16.95,5,bus,101.877,2.990,3.1781,8.070,11.0,2.6
16.95,7,cattle,183.127,-3.747,3.1484,0.000,2.2,0.9
17.05,2,pedestrian,115.067,8.395,0.1952,1.084,0.5,0.5
17.05,3,pedestrian,131.369,0.530,2.9840,1.083,0.5,0.5
17.05,4,bullockcart,124.512,7.500,-0.1147,0.000,4.5,1.8
17.05,5,bus,101.068,2.922,3.2133,8.070,11.0,2.6
17.05,7,cattle,183.127,-3.747,3.1484,0.000,2.2,0.9
17.15,2,pedestrian,115.175,8.409,-0.0796,1.084,0.5,0.5
17.15,3,pedestrian,131.265,0.582,2.9494,1.083,0.5,0.5
17.15,4,bullockcart,124.512,7.500,-0.1147,0.000,4.5,1.8
17.15,5,bus,100.254,2.861,3.1835,8.070,11.0,2.6
17.15,7,cattle,183.127,-3.747,3.1484,0.000,2.2,0.9
17.25,2,pedestrian,115.284,8.409,0.0051,1.084,0.5,0.5
17.25,3,pedestrian,131.160,0.609,2.9650,1.083,0.5,0.5
17.25,4,bullockcart,124.512,7.500,-0.1147,0.000,4.5,1.8
17.25,5,bus,99.438,2.835,3.1680,8.070,11.0,2.6
17.25,7,cattle,183.127,-3.747,3.1484,0.000,2.2,0.9
17.35,2,pedestrian,115.391,8.422,0.0183,1.084,0.5,0.5
17.35,3,pedestrian,131.051,0.614,3.0218,1.083,0.5,0.5
17.35,4,bullockcart,124.512,7.500,-0.1147,0.000,4.5,1.8
17.35,5,bus,98.627,2.802,3.1983,8.070,11.0,2.6
17.35,7,cattle,183.127,-3.747,3.1484,0.000,2.2,0.9
17.45,2,pedestrian,115.499,8.444,0.1062,1.084,0.5,0.5
17.45,3,pedestrian,130.944,0.626,2.9755,1.083,0.5,0.5
17.45,4,bullockcart,124.512,7.500,-0.1147,0.000,4.5,1.8
17.45,5,bus,97.820,2.789,3.1435,8.070,11.0,2.6
17.45,7,cattle,183.127,-3.747,3.1484,0.000,2.2,0.9
17.55,2,pedestrian,115.607,8.465,0.1468,1.084,0.5,0.5
17.55,3,pedestrian,130.836,0.638,2.9892,1.083,0.5,0.5
17.55,4,bullockcart,124.512,7.500,-0.1147,0.000,4.5,1.8
17.55,5,bus,97.014,2.774,3.1684,8.070,11.0,2.6
17.55,7,cattle,183.127,-3.747,3.1484,0.000,2.2,0.9
17.65,2,pedestrian,115.714,8.484,-0.0475,1.084,0.5,0.5
17.65,3,pedestrian,130.729,0.653,3.1104,1.083,0.5,0.5
17.65,4,bullockcart,124.512,7.500,-0.1147,0.000,4.5,1.8
17.65,5,bus,96.206,2.793,3.1389,8.070,11.0,2.6
17.65,7,cattle,183.127,-3.747,3.1484,0.000,2.2,0.9
17.75,2,pedestrian,115.822,8.495,0.0419,1.084,0.5,0.5
17.75,3,pedestrian,130.621,0.661,2.9614,1.083,0.5,0.5
17.75,4,bullockcart,124.512,7.500,-0.1147,0.000,4.5,1.8
17.75,5,bus,95.398,2.805,3.1593,8.070,11.0,2.6
17.75,7,cattle,183.127,-3.747,3.1484,0.000,2.2,0.9
17.85,2,pedestrian,115.931,8.489,-0.0098,1.084,0.5,0.5
17.85,3,pedestrian,130.512,0.661,3.0475,1.083,0.5,0.5
17.85,4,bullockcart,124.512,7.500,-0.1147,0.000,4.5,1.8
17.85,5,bus,94.592,2.760,3.1989,8.070,11.0,2.6
17.85,7,cattle,183.127,-3.747,3.1484,0.000,2.2,0.9
17.95,2,pedestrian,116.040,8.485,-0.1048,1.084,0.5,0.5
17.95,3,pedestrian,130.401,0.648,3.0879,1.083,0.5,0.5
17.95,4,bullockcart,124.512,7.500,-0.1147,0.000,4.5,1.8
17.95,5,bus,93.786,2.733,3.1632,8.070,11.0,2.6
17.95,7,cattle,183.127,-3.747,3.1484,0.000,2.2,0.9
18.05,2,pedestrian,116.147,8.514,0.0810,1.084,0.5,0.5
18.05,3,pedestrian,130.292,0.641,3.1769,1.083,0.5,0.5
18.05,4,bullockcart,124.512,7.500,-0.1147,0.000,4.5,1.8
18.05,5,bus,92.979,2.714,3.1578,8.070,11.0,2.6
18.05,7,cattle,183.127,-3.747,3.1484,0.000,2.2,0.9
18.15,2,pedestrian,116.255,8.513,0.0896,1.084,0.5,0.5
18.15,3,pedestrian,130.182,0.632,3.1769,1.083,0.5,0.5
18.15,4,bullockcart,124.512,7.500,-0.1147,0.000,4.5,1.8
18.15,5,bus,92.172,2.686,3.1433,8.070,11.0,2.6
18.15,7,cattle,183.127,-3.747,3.1484,0.000,2.2,0.9
18.25,2,pedestrian,116.363,8.532,0.1952,1.084,0.5,0.5
18.25,3,pedestrian,130.077,0.668,2.9377,1.083,0.5,0.5
18.25,4,bullockcart,124.512,7.500,-0.1147,0.000,4.5,1.8
18.25,5,bus,91.366,2.669,3.1709,8.070,11.0,2.6
18.25,7,cattle,183.127,-3.747,3.1484,0.000,2.2,0.9
18.35,2,pedestrian,116.472,8.513,-0.1048,1.084,0.5,0.5
18.35,3,pedestrian,129.969,0.682,2.9308,1.083,0.5,0.5
18.35,4,bullockcart,124.512,7.500,-0.1147,0.000,4.5,1.8
18.35,5,bus,90.559,2.636,3.1989,8.070,11.0,2.6
18.35,7,cattle,183.127,-3.747,3.1484,0.000,2.2,0.9
18.45,2,pedestrian,116.581,8.522,0.0947,1.084,0.5,0.5
18.45,3,pedestrian,129.864,0.713,2.9171,1.083,0.5,0.5
18.45,4,bullockcart,124.512,7.500,-0.1147,0.000,4.5,1.8
18.45,5,bus,89.753,2.604,3.1911,8.070,11.0,2.6
18.45,7,cattle,183.112,-3.748,3.3893,0.150,2.2,0.9
18.55,2,pedestrian,116.689,8.517,-0.0674,1.084,0.5,0.5
18.55,3,pedestrian,129.757,0.726,3.0489,1.083,0.5,0.5
18.55,4,bullockcart,124.512,7.500,-0.1147,0.000,4.5,1.8
18.55,5,bus,88.947,2.564,3.1989,8.070,11.0,2.6
18.55,7,cattle,183.097,-3.750,3.1189,0.150,2.2,0.9
18.65,2,pedestrian,116.798,8.517,-0.0609,1.084,0.5,0.5
18.65,3,pedestrian,129.651,0.755,3.0358,1.083,0.5,0.5
18.65,4,bullockcart,124.512,7.500,-0.1147,0.000,4.5,1.8
18.65,5,bus,88.140,2.550,3.1498,8.070,11.0,2.6
18.65,7,cattle,183.083,-3.755,3.5097,0.150,2.2,0.9
18.75,2,pedestrian,116.906,8.523,0.0397,1.084,0.5,0.5
18.75,3,pedestrian,129.542,0.754,3.0298,1.083,0.5,0.5
18.75,4,bullockcart,124.512,7.500,-0.1147,0.000,4.5,1.8
18.75,5,bus,87.333,2.532,3.1689,8.070,11.0,2.6
18.75,7,cattle,183.074,-3.766,4.1502,0.150,2.2,0.9
18.85,2,pedestrian,117.015,8.511,-0.1048,1.084,0.5,0.5
18.85,3,pedestrian,129.437,0.792,2.8893,1.083,0.5,0.5
18.85,4,bullockcart,124.512,7.500,-0.1147,0.000,4.5,1.8
18.85,5,bus,86.527,2.472,3.1965,8.070,11.0,2.6
18.85,7,cattle,183.069,-3.780,4.5360,0.150,2.2,0.9
18.95,2,pedestrian,117.122,8.547,0.0988,1.084,0.5,0.5
18.95,3,pedestrian,129.329,0.797,2.9971,1.083,0.5,0.5
18.95,4,bullockcart,124.512,7.500,-0.1147,0.000,4.5,1.8
18.95,5,bus,85.721,2.447,3.1951,8.070,11.0,2.6
18.95,7,cattle,183.065,-3.795,4.3325,0.150,2.2,0.9
19.05,2,pedestrian,117.231,8.538,-0.0154,1.084,0.5,0.5
19.05,3,pedestrian,129.220,0.795,3.1768,1.083,0.5,0.5
19.05,4,bullockcart,124.512,7.500,-0.1147,0.000,4.5,1.8
19.05,5,bus,84.914,2.427,3.1744,8.070,11.0,2.6
19.05,7,cattle,183.064,-3.810,4.8292,0.150,2.2,0.9
19.15,2,pedestrian,117.337,8.582,0.1798,1.084,0.5,0.5
19.15,3,pedestrian,129.112,0.804,2.8963,1.083,0.5,0.5
19.15,4,bullockcart,124.512,7.500,-0.1147,0.000,4.5,1.8
19.15,5,bus,84.107,2.405,3.1395,8.070,11.0,2.6
19.15,7,cattle,183.060,-3.824,4.3173,0.150,2.2,0.9
19.25,2,pedestrian,117.446,8.602,0.1755,1.084,0.5,0.5
19.25,3,pedestrian,129.004,0.819,3.0780,1.083,0.5,0.5
19.25,4,bullockcart,124.512,7.500,-0.1147,0.000,4.5,1.8
19.25,5,bus,83.300,2.397,3.1426,8.070,11.0,2.6
19.25,7,cattle,183.056,-3.838,4.4944,0.150,2.2,0.9
19.35,2,pedestrian,117.559,8.573,-0.1059,1.084,0.5,0.5
19.35,3,pedestrian,128.900,0.859,2.8769,1.083,0.5,0.5
19.35,4,bullockcart,124.512,7.500,-0.1147,0.000,4.5,1.8
19.35,5,bus,82.493,2.382,3.1587,8.070,11.0,2.6
19.35,7,cattle,183.051,-3.852,4.2814,0.150,2.2,0.9
19.45,2,pedestrian,117.670,8.563,-0.0260,1.084,0.5,0.5
19.45,3,pedestrian,128.793,0.874,3.1719,1.083,0.5,0.5
19.45,4,bullockcart,124.512,7.500,-0.1147,0.000,4.5,1.8
19.45,5,bus,81.679,2.337,3.1710,8.070,11.0,2.6
19.45,7,cattle,183.052,-3.867,4.7529,0.150,2.2,0.9
19.55,2,pedestrian,117.781,8.575,-0.0694,1.084,0.5,0.5
19.55,3,pedestrian,128.687,0.901,2.9052,1.083,0.5,0.5
19.55,4,bullockcart,124.512,7.500,-0.1147,0.000,4.5,1.8
19.55,5,bus,80.830,2.321,3.1355,8.070,11.0,2.6
19.55,7,cattle,183.050,-3.882,4.7187,0.150,2.2,0.9
19.65,2,pedestrian,117.891,8.585,0.0414,1.084,0.5,0.5
19.65,3,pedestrian,128.582,0.932,2.9408,1.083,0.5,0.5
19.65,4,bullockcart,124.512,7.500,-0.1147,0.000,4.5,1.8
19.65,5,bus,79.965,2.319,3.0723,8.070,11.0,2.6
19.65,7,cattle,183.049,-3.890,3.3829,0.150,2.2,0.9
19.75,2,pedestrian,118.007,8.601,0.1895,1.084,0.5,0.5
19.75,3,pedestrian,128.476,0.960,3.0303,1.083,0.5,0.5
19.75,4,bullockcart,124.512,7.500,-0.1147,0.000,4.5,1.8
19.75,5,bus,79.106,2.365,3.0787,8.070,11.0,2.6
19.75,7,cattle,183.043,-3.893,2.4559,0.150,2.2,0.9
19.85,2,pedestrian,118.126,8.570,-0.0717,1.084,0.5,0.5
19.85,3,pedestrian,128.365,0.943,3.1769,1.083,0.5,0.5
19.85,4,bullockcart,124.512,7.500,-0.1147,0.000,4.5,1.8
19.85,5,bus,78.280,2.429,3.0737,8.070,11.0,2.6
19.85,7,cattle,183.032,-3.882,2.3524,0.150,2.2,0.9
19.95,2,pedestrian,118.243,8.569,0.0502,1.084,0.5,0.5
19.95,3,pedestrian,128.258,0.962,3.0704,1.083,0.5,0.5
19.95,4,bullockcart,124.512,7.500,-0.1147,0.000,4.5,1.8
19.95,5,bus,77.474,2.498,3.0670,8.070,11.0,2.6
19.95,7,cattle,183.028,-3.868,1.8186,0.150,2.2,0.9
20.05,2,pedestrian,118.361,8.559,0.0653,1.084,0.5,0.5
20.05,3,pedestrian,128.151,0.975,2.9620,1.083,0.5,0.5
20.05,4,bullockcart,124.512,7.500,-0.1147,0.000,4.5,1.8
20.05,5,bus,76.668,2.548,3.0707,8.070,11.0,2.6
20.05,7,cattle,183.032,-3.854,1.3830,0.150,2.2,0.9
20.15,2,pedestrian,118.480,8.552,0.0169,1.084,0.5,0.5
20.15,3,pedestrian,128.042,0.978,2.9734,1.083,0.5,0.5
20.15,4,bullockcart,124.512,7.500,-0.1147,0.000,4.5,1.8
20.15,5,bus,75.866,2.638,3.0360,8.070,11.0,2.6
20.15,7,cattle,183.035,-3.839,1.2821,0.150,2.2,0.9
20.25,2,pedestrian,118.605,8.519,-0.0879,1.084,0.5,0.5
20.25,3,pedestrian,127.934,0.985,3.1195,1.083,0.5,0.5
20.25,4,bullockcart,124.512,7.500,-0.1147,0.000,4.5,1.8
20.25,5,bus,75.063,2.714,3.0396,8.070,11.0,2.6
20.25,7,cattle,183.038,-3.825,1.5289,0.150,2.2,0.9
20.35,2,pedestrian,118.729,8.533,-0.0158,1.084,0.5,0.5
20.35,3,pedestrian,127.828,1.016,3.1190,1.083,0.5,0.5
20.35,4,bullockcart,124.512,7.500,-0.1147,0.000,4.5,1.8
20.35,5,bus,74.261,2.809,3.0274,8.070,11.0,2.6
20.35,7,cattle,183.044,-3.811,1.0164,0.150,2.2,0.9
20.45,2,pedestrian,118.853,8.528,-0.0448,1.084,0.5,0.5
20.45,3,pedestrian,127.721,1.033,2.9230,1.083,0.5,0.5
20.45,4,bullockcart,124.512,7.500,-0.1147,0.000,4.5,1.8
20.45,5,bus,73.456,2.866,3.0584,8.070,11.0,2.6
20.45,7,cattle,183.050,-3.797,1.1734,0.150,2.2,0.9
20.55,2,pedestrian,118.977,8.529,-0.1407,1.084,0.5,0.5
20.55,3,pedestrian,127.616,1.061,2.9540,1.083,0.5,0.5
20.55,4,bullockcart,124.512,7.500,-0.1147,0.000,4.5,1.8
20.55,5,bus,72.652,2.938,3.0678,8.070,11.0,2.6
20.55,7,cattle,183.056,-3.784,0.8880,0.150,2.2,0.9
20.65,2,pedestrian,119.104,8.527,-0.0730,1.084,0.5,0.5
20.65,3,pedestrian,127.510,1.090,2.8769,1.083,0.5,0.5
20.65,4,bullockcart,124.512,7.500,-0.1147,0.000,4.5,1.8
20.65,5,bus,71.852,3.043,3.0209,8.070,11.0,2.6
20.65,7,cattle,183.070,-3.778,0.3570,0.150,2.2,0.9
20.75,2,pedestrian,119.234,8.541,0.1254,1.084,0.5,0.5
20.75,3,pedestrian,127.403,1.107,3.0103,1.083,0.5,0.5
20.75,4,bullockcart,124.512,7.500,-0.1147,0.000,4.5,1.8
20.75,5,bus,71.046,3.099,3.0799,8.070,11.0,2.6
20.75,7,cattle,183.083,-3.772,0.6615,0.150,2.2,0.9
20.85,2,pedestrian,119.363,8.549,0.0423,1.084,0.5,0.5
20.85,3,pedestrian,127.294,1.107,3.0143,1.083,0.5,0.5
20.85,4,bullockcart,124.512,7.500,-0.1147,0.000,4.5,1.8
20.85,5,bus,70.243,3.176,3.0474,8.070,11.0,2.6
20.85,7,cattle,183.095,-3.762,0.6031,0.150,2.2,0.9
20.95,2,pedestrian,119.493,8.582,0.0222,1.084,0.5,0.5
20.95,3,pedestrian,127.184,1.098,3.1769,1.083,0.5,0.5
20.95,4,bullockcart,124.512,7.500,-0.1147,0.000,4.5,1.8
20.95,5,bus,69.439,3.246,3.0657,8.070,11.0,2.6
20.95,7,cattle,183.107,-3.754,0.4988,0.150,2.2,0.9
21.05,2,pedestrian,119.623,8.605,0.1240,1.084,0.5,0.5
21.05,3,pedestrian,127.075,1.098,3.0835,1.083,0.5,0.5
21.05,4,bullockcart,124.512,7.500,-0.1147,0.000,4.5,1.8
21.05,5,bus,68.637,3.336,3.0404,8.070,11.0,2.6
21.05,7,cattle,183.120,-3.747,0.5705,0.150,2.2,0.9
21.15,2,pedestrian,119.755,8.631,0.0973,1.084,0.5,0.5
21.15,3,pedestrian,126.966,1.094,3.0741,1.083,0.5,0.5
21.15,4,bullockcart,124.512,7.500,-0.1147,0.000,4.5,1.8
21.15,5,bus,67.832,3.395,3.0601,8.070,11.0,2.6
21.15,7,cattle,183.134,-3.741,0.1973,0.150,2.2,0.9
21.25,2,pedestrian,119.887,8.632,0.0063,1.084,0.5,0.5
21.25,3,pedestrian,126.861,1.129,2.9026,1.083,0.5,0.5
21.25,4,bullockcart,124.512,7.500,-0.1147,0.000,4.5,1.8
21.25,5,bus,67.027,3.451,3.0594,8.070,11.0,2.6
21.25,7,cattle,183.149,-3.740,-0.0794,0.150,2.2,0.9
21.35,2,pedestrian,120.021,8.657,0.1072,1.084,0.5,0.5
21.35,3,pedestrian,126.750,1.110,3.1769,1.083,0.5,0.5
21.35,4,bullockcart,124.512,7.500,-0.1147,0.000,4.5,1.8
21.35,5,bus,66.222,3.512,3.0567,8.070,11.0,2.6
21.35,7,cattle,183.163,-3.741,-0.0757,0.150,2.2,0.9
21.45,2,pedestrian,120.153,8.661,-0.1429,1.084,0.5,0.5
21.45,3,pedestrian,126.641,1.111,3.0563,1.083,0.5,0.5
21.45,4,bullockcart,124.512,7.500,-0.1147,0.000,4.5,1.8
21.45,5,bus,65.419,3.595,3.0395,8.070,11.0,2.6
21.45,7,cattle,183.170,-3.744,2.2214,0.150,2.2,0.9
21.55,2,pedestrian,120.284,8.648,-0.1246,1.084,0.5,0.5
21.55,3,pedestrian,126.533,1.120,3.0735,1.083,0.5,0.5
21.55,4,bullockcart,124.512,7.500,-0.1147,0.000,4.5,1.8
21.55,5,bus,64.616,3.672,3.0630,8.070,11.0,2.6
21.55,7,cattle,183.161,-3.733,2.5738,0.150,2.2,0.9
21.65,2,pedestrian,120.413,8.644,-0.0814,1.084,0.5,0.5
21.65,3,pedestrian,126.426,1.136,2.9402,1.083,0.5,0.5
21.65,4,bullockcart,124.512,7.500,-0.1147,0.000,4.5,1.8
21.65,5,bus,63.813,3.752,3.0809,8.070,11.0,2.6
21.65,7,cattle,183.149,-3.724,2.4317,0.150,2.2,0.9
21.75,2,pedestrian,120.541,8.615,-0.1096,1.084,0.5,0.5
21.75,3,pedestrian,126.318,1.149,2.8769,1.083,0.5,0.5
21.75,4,bullockcart,124.512,7.500,-0.1147,0.000,4.5,1.8
21.75,5,bus,63.010,3.827,3.0209,8.070,11.0,2.6
21.75,7,cattle,183.136,-3.718,3.0490,0.150,2.2,0.9
21.85,2,pedestrian,120.672,8.633,0.0751,1.084,0.5,0.5
21.85,3,pedestrian,126.211,1.167,2.9724,1.083,0.5,0.5
21.85,4,bullockcart,124.512,7.500,-0.1147,0.000,4.5,1.8
21.85,5,bus,62.206,3.904,3.0443,8.070,11.0,2.6
21.85,7,cattle,183.122,-3.714,2.6385,0.150,2.2,0.9
21.95,2,pedestrian,120.802,8.634,-0.2311,1.084,0.5,0.5
21.95,3,pedestrian,126.100,1.143,3.1769,1.083,0.5,0.5
21.95,4,bullockcart,124.512,7.500,-0.1147,0.000,4.5,1.8
21.95,5,bus,61.403,3.988,3.0300,8.070,11.0,2.6
21.95,7,cattle,183.108,-3.708,2.6404,0.150,2.2,0.9
22.05,2,pedestrian,120.924,8.598,-0.2293,1.084,0.5,0.5
22.05,3,pedestrian,125.992,1.158,2.9967,1.083,0.5,0.5
22.05,4,bullockcart,124.512,7.500,-0.1147,0.000,4.5,1.8
22.05,5,bus,60.600,4.083,3.0198,8.070,11.0,2.6
22.05,7,cattle,183.097,-3.699,2.3060,0.150,2.2,0.9
22.15,2,pedestrian,121.046,8.591,-0.1654,1.084,0.5,0.5
22.15,3,pedestrian,125.884,1.164,3.0336,1.083,0.5,0.5
22.15,4,bullockcart,124.512,7.500,-0.1147,0.000,4.5,1.8
22.15,5,bus,59.794,4.148,3.0549,8.070,11.0,2.6
22.15,7,cattle,183.088,-3.686,2.1502,0.150,2.2,0.9
22.25,2,pedestrian,121.167,8.565,-0.1031,1.084,0.5,0.5
22.25,3,pedestrian,125.773,1.146,3.1458,1.083,0.5,0.5
22.25,4,bullockcart,124.512,7.500,-0.1147,0.000,4.5,1.8
22.25,5,bus,58.990,4.237,3.0572,8.070,11.0,2.6
22.25,7,cattle,183.083,-3.673,1.7532,0.150,2.2,0.9
22.35,2,pedestrian,121.291,8.566,-0.1331,1.084,0.5,0.5
22.35,3,pedestrian,125.668,1.177,3.1134,1.083,0.5,0.5
22.35,4,bullockcart,124.512,7.500,-0.1147,0.000,4.5,1.8
22.35,5,bus,58.186,4.307,3.0627,8.070,11.0,2.6
22.35,7,cattle,183.077,-3.659,2.0648,0.150,2.2,0.9
22.45,2,pedestrian,121.414,8.572,-0.0249,1.084,0.5,0.5
22.45,3,pedestrian,125.559,1.179,3.0754,1.083,0.5,0.5
22.45,4,bullockcart,124.512,7.500,-0.1147,0.000,4.5,1.8
22.45,5,bus,57.381,4.365,3.0701,8.070,11.0,2.6
22.45,7,cattle,183.077,-3.644,1.4844,0.150,2.2,0.9
22.55,2,pedestrian,121.533,8.595,0.0454,1.084,0.5,0.5
22.55,3,pedestrian,125.450,1.180,3.1200,1.083,0.5,0.5
22.55,4,bullockcart,124.512,7.500,-0.1147,0.000,4.5,1.8
22.55,5,bus,56.579,4.463,3.0201,8.070,11.0,2.6
22.55,7,cattle,183.077,-3.629,1.5767,0.150,2.2,0.9
22.65,2,pedestrian,121.651,8.609,0.0432,1.084,0.5,0.5
22.65,3,pedestrian,125.344,1.203,3.0639,1.083,0.5,0.5
22.65,4,bullockcart,124.512,7.500,-0.1147,0.000,4.5,1.8
22.65,5,bus,55.775,4.532,3.0585,8.070,11.0,2.6
22.65,7,cattle,183.085,-3.617,0.9464,0.150,2.2,0.9
22.75,2,pedestrian,121.762,8.555,-0.2589,1.084,0.5,0.5
22.75,3,pedestrian,125.234,1.198,3.0902,1.083,0.5,0.5
22.75,4,bullockcart,124.512,7.500,-0.1147,0.000,4.5,1.8
22.75,5,bus,54.972,4.609,3.0477,8.070,11.0,2.6
22.75,7,cattle,183.094,-3.605,1.1329,0.150,2.2,0.9
22.85,2,pedestrian,121.875,8.523,-0.2269,1.084,0.5,0.5
22.85,3,pedestrian,125.127,1.218,2.9924,1.083,0.5,0.5
22.85,4,bullockcart,124.512,7.500,-0.1147,0.000,4.5,1.8
22.85,5,bus,54.170,4.705,3.0172,8.070,11.0,2.6
22.85,7,cattle,183.092,-3.590,1.9294,0.150,2.2,0.9
22.95,2,pedestrian,121.983,8.484,-0.2623,1.084,0.5,0.5
22.95,3,pedestrian,125.019,1.221,3.0915,1.083,0.5,0.5
22.95,4,bullockcart,124.512,7.500,-0.1147,0.000,4.5,1.8
22.95,5,bus,53.369,4.802,3.0350,8.070,11.0,2.6
22.95,7,cattle,183.090,-3.575,1.6791,0.150,2.2,0.9
23.05,2,pedestrian,122.090,8.443,-0.1198,1.084,0.5,0.5
23.05,3,pedestrian,124.912,1.240,3.0346,1.083,0.5,0.5
23.05,4,bullockcart,124.512,7.500,-0.1147,0.000,4.5,1.8
23.05,5,bus,52.567,4.896,3.0624,8.070,11.0,2.6
23.05,7,cattle,183.090,-3.560,1.4934,0.150,2.2,0.9
23.15,2,pedestrian,122.199,8.429,-0.1885,1.084,0.5,0.5
23.15,3,pedestrian,124.806,1.264,2.8769,1.083,0.5,0.5
23.15,4,bullockcart,124.512,7.500,-0.1147,0.000,4.5,1.8
23.15,5,bus,51.767,5.005,3.0296,8.070,11.0,2.6
23.15,7,cattle,183.093,-3.546,1.3580,0.150,2.2,0.9
23.25,2,pedestrian,122.305,8.379,-0.1728,1.084,0.5,0.5
23.25,3,pedestrian,124.699,1.286,3.0083,1.083,0.5,0.5
23.25,4,bullockcart,124.512,7.500,-0.1147,0.000,4.5,1.8
23.25,5,bus,50.961,5.058,3.0772,8.070,11.0,2.6
23.25,7,cattle,183.101,-3.533,0.9790,0.150,2.2,0.9
23.35,2,pedestrian,122.410,8.331,-0.2004,1.084,0.5,0.5
23.35,3,pedestrian,124.594,1.320,2.9985,1.083,0.5,0.5
23.35,4,bullockcart,124.512,7.500,-0.1147,0.000,4.5,1.8
23.35,5,bus,50.159,5.148,3.0661,8.070,11.0,2.6
23.35,7,cattle,183.107,-3.519,1.1891,0.150,2.2,0.9
23.45,2,pedestrian,122.516,8.303,-0.0816,1.084,0.5,0.5
23.45,3,pedestrian,124.490,1.358,2.9721,1.083,0.5,0.5
23.45,4,bullockcart,124.512,7.500,-0.1147,0.000,4.5,1.8
23.45,5,bus,49.356,5.224,3.0418,8.070,11.0,2.6
23.45,7,cattle,183.109,-3.504,1.5675,0.150,2.2,0.9
23.55,2,pedestrian,122.623,8.286,-0.2647,1.084,0.5,0.5
23.55,3,pedestrian,124.380,1.350,3.1769,1.083,0.5,0.5
23.55,4,bullockcart,124.512,7.500,-0.1147,0.000,4.5,1.8
23.55,5,bus,48.553,5.308,3.0354,8.070,11.0,2.6
23.55,7,cattle,183.104,-3.490,2.0327,0.150,2.2,0.9
23.65,2,pedestrian,122.731,8.275,-0.0753,1.084,0.5,0.5
23.65,3,pedestrian,124.270,1.343,3.0899,1.083,0.5,0.5
23.65,4,bullockcart,124.512,7.500,-0.1147,0.000,4.5,1.8
23.65,5,bus,47.750,5.384,3.0406,8.070,11.0,2.6
23.65,7,cattle,183.093,-3.480,2.5496,0.150,2.2,0.9
23.75,2,pedestrian,122.837,8.244,-0.2647,1.084,0.5,0.5
23.75,3,pedestrian,124.163,1.359,3.0406,1.083,0.5,0.5
23.75,4,bullockcart,124.512,7.500,-0.1147,0.000,4.5,1.8
23.75,5,bus,46.946,5.460,3.0307,8.070,11.0,2.6
23.75,7,cattle,183.079,-3.478,3.1693,0.150,2.2,0.9
23.85,2,pedestrian,122.944,8.229,-0.1616,1.084,0.5,0.5
23.85,3,pedestrian,124.056,1.374,2.8822,1.083,0.5,0.5
23.85,4,bullockcart,124.512,7.500,-0.1147,0.000,4.5,1.8
23.85,5,bus,46.143,5.540,3.0473,8.070,11.0,2.6
23.85,7,cattle,183.065,-3.473,2.6561,0.150,2.2,0.9
23.95,2,pedestrian,123.056,8.254,-0.0142,1.084,0.5,0.5
23.95,3,pedestrian,123.947,1.376,2.9415,1.083,0.5,0.5
23.95,4,bullockcart,124.512,7.500,-0.1147,0.000,4.5,1.8
23.95,5,bus,45.341,5.623,3.0415,8.070,11.0,2.6
23.95,7,cattle,183.053,-3.464,2.5812,0.150,2.2,0.9
24.05,2,pedestrian,123.164,8.245,0.0030,1.084,0.5,0.5
24.05,3,pedestrian,123.841,1.404,2.9690,1.083,0.5,0.5
24.05,4,bullockcart,124.512,7.500,-0.1147,0.000,4.5,1.8
24.05,5,bus,44.537,5.692,3.0172,8.070,11.0,2.6
24.05,7,cattle,183.040,-3.457,2.6395,0.150,2.2,0.9
24.15,2,pedestrian,123.270,8.219,-0.2030,1.084,0.5,0.5
24.15,3,pedestrian,123.735,1.431,2.9474,1.083,0.5,0.5
24.15,4,bullockcart,124.512,7.500,-0.1147,0.000,4.5,1.8
24.15,5,bus,43.732,5.759,3.0681,8.070,11.0,2.6
24.15,7,cattle,183.027,-3.449,2.5167,0.150,2.2,0.9
24.25,2,pedestrian,123.378,8.209,-0.0141,1.084,0.5,0.5
24.25,3,pedestrian,123.625,1.415,3.1334,1.083,0.5,0.5
24.25,4,bullockcart,124.512,7.500,-0.1147,0.000,4.5,1.8
24.25,5,bus,42.931,5.854,3.0258,8.070,11.0,2.6
24.25,7,cattle,183.013,-3.444,2.8118,0.150,2.2,0.9
24.35,2,pedestrian,123.486,8.201,-0.2647,1.084,0.5,0.5
24.35,3,pedestrian,123.518,1.433,2.9514,1.083,0.5,0.5
24.35,4,bullockcart,124.512,7.500,-0.1147,0.000,4.5,1.8
24.35,5,bus,42.131,5.932,3.0287,8.070,11.0,2.6
24.35,7,cattle,182.999,-3.439,2.6911,0.150,2.2,0.9
24.45,2,pedestrian,123.595,8.194,-0.1013,1.084,0.5,0.5
24.45,3,pedestrian,123.411,1.452,3.1640,1.083,0.5,0.5
24.45,4,bullockcart,124.512,7.500,-0.1147,0.000,4.5,1.8
24.45,5,bus,41.352,6.015,3.0966,8.070,11.0,2.6
24.45,7,cattle,182.984,-3.436,3.0724,0.150,2.2,0.9
24.55,2,pedestrian,123.706,8.211,0.0353,1.084,0.5,0.5
24.55,3,pedestrian,123.307,1.497,2.9760,1.083,0.5,0.5
24.55,4,bullockcart,124.512,7.500,-0.1147,0.000,4.5,1.8
24.55,5,bus,40.611,6.107,3.0834,8.070,11.0,2.6
24.55,7,cattle,182.969,-3.433,2.8514,0.150,2.2,0.9
24.65,2,pedestrian,123.814,8.200,-0.1910,1.084,0.5,0.5
24.65,3,pedestrian,123.201,1.526,2.8863,1.083,0.5,0.5
24.65,4,bullockcart,124.512,7.500,-0.1147,0.000,4.5,1.8
24.65,5,bus,39.881,6.139,3.1670,8.070,11.0,2.6
24.65,7,cattle,182.954,-3.433,3.2895,0.150,2.2,0.9
24.75,2,pedestrian,123.923,8.206,-0.0288,1.084,0.5,0.5
24.75,3,pedestrian,123.095,1.547,3.0196,1.083,0.5,0.5
24.75,4,bullockcart,124.512,7.500,-0.1147,0.000,4.5,1.8
24.75,5,bus,39.134,6.111,3.1818,8.070,11.0,2.6
24.75,7,cattle,182.941,-3.439,3.5004,0.150,2.2,0.9
24.85,2,pedestrian,124.031,8.194,-0.2379,1.084,0.5,0.5
24.85,3,pedestrian,122.985,1.543,3.1769,1.083,0.5,0.5
24.85,4,bullockcart,124.512,7.500,-0.1147,0.000,4.5,1.8
24.85,5,bus,38.354,6.038,3.2565,8.070,11.0,2.6
24.85,7,cattle,182.931,-3.450,3.7297,0.150,2.2,0.9
24.95,2,pedestrian,124.137,8.168,-0.1802,1.084,0.5,0.5
24.95,3,pedestrian,122.879,1.568,2.9654,1.083,0.5,0.5
24.95,4,bullockcart,124.512,7.500,-0.1147,0.000,4.5,1.8
24.95,5,bus,37.554,5.964,3.2175,8.070,11.0,2.6
24.95,7,cattle,182.918,-3.458,3.5809,0.150,2.2,0.9
25.05,2,pedestrian,124.246,8.168,-0.0961,1.084,0.5,0.5
25.05,3,pedestrian,122.771,1.575,3.0500,1.083,0.5,0.5
25.05,4,bullockcart,124.512,7.500,-0.1147,0.000,4.5,1.8
25.05,5,bus,36.752,5.870,3.2605,8.070,11.0,2.6
25.05,7,cattle,182.904,-3.462,3.4342,0.150,2.2,0.9
25.15,2,pedestrian,124.356,8.172,-0.1994,1.084,0.5,0.5
25.15,3,pedestrian,122.663,1.586,3.0415,1.083,0.5,0.5
25.15,4,bullockcart,124.512,7.500,-0.1147,0.000,4.5,1.8
25.15,5,bus,35.946,5.817,3.2260,8.070,11.0,2.6
25.15,7,cattle,182.890,-3.468,3.7401,0.150,2.2,0.9
25.25,2,pedestrian,124.463,8.153,-0.0578,1.084,0.5,0.5
25.25,3,pedestrian,122.556,1.601,2.9439,1.083,0.5,0.5
25.25,4,bullockcart,124.512,7.500,-0.1147,0.000,4.5,1.8
25.25,5,bus,35.144,5.731,3.2605,8.070,11.0,2.6
25.25,7,cattle,182.876,-3.471,3.1706,0.150,2.2,0.9
25.35,2,pedestrian,124.569,8.127,-0.1480,1.084,0.5,0.5
25.35,3,pedestrian,122.448,1.608,3.1769,1.083,0.5,0.5
25.35,4,bullockcart,124.512,7.500,-0.1147,0.000,4.5,1.8
25.35,5,bus,34.339,5.670,3.2054,8.070,11.0,2.6
25.35,7,cattle,182.862,-3.466,2.7017,0.150,2.2,0.9
25.45,2,pedestrian,124.677,8.118,-0.0585,1.084,0.5,0.5
25.45,3,pedestrian,122.340,1.616,3.0044,1.083,0.5,0.5
25.45,4,bullockcart,124.512,7.500,-0.1147,0.000,4.5,1.8
25.45,5,bus,33.533,5.620,3.2005,8.070,11.0,2.6
25.45,7,cattle,182.850,-3.458,2.8771,0.150,2.2,0.9
25.55,2,pedestrian,124.782,8.079,-0.2647,1.084,0.5,0.5
25.55,3,pedestrian,122.232,1.621,3.0017,1.083,0.5,0.5
25.55,4,bullockcart,124.512,7.500,-0.1147,0.000,4.5,1.8
25.55,5,bus,32.732,5.518,3.2605,8.070,11.0,2.6
25.55,7,cattle,182.835,-3.456,3.0427,0.150,2.2,0.9
25.65,2,pedestrian,124.893,8.098,0.0018,1.084,0.5,0.5
25.65,3,pedestrian,122.129,1.670,2.9711,1.083,0.5,0.5
25.65,4,bullockcart,124.512,7.500,-0.1147,0.000,4.5,1.8
25.65,5,bus,31.929,5.437,3.2254,8.070,11.0,2.6
25.65,7,cattle,182.821,-3.449,2.7248,0.150,2.2,0.9
25.75,2,pedestrian,125.001,8.089,-0.1915,1.084,0.5,0.5
25.75,3,pedestrian,122.027,1.720,2.9653,1.083,0.5,0.5
25.75,4,bullockcart,124.512,7.500,-0.1147,0.000,4.5,1.8
25.75,5,bus,31.125,5.369,3.2142,8.070,11.0,2.6
25.75,7,cattle,182.818,-3.435,1.6105,0.150,2.2,0.9
25.85,2,pedestrian,125.107,8.059,-0.1089,1.084,0.5,0.5
25.85,3,pedestrian,121.917,1.686,3.1782,1.083,0.5,0.5
25.85,4,bullockcart,124.512,7.500,-0.1147,0.000,4.5,1.8
25.85,5,bus,30.320,5.316,3.2303,8.070,11.0,2.6
25.85,7,cattle,182.819,-3.420,1.4334,0.150,2.2,0.9
25.95,2,pedestrian,125.216,8.059,-0.1271,1.084,0.5,0.5
25.95,3,pedestrian,121.810,1.694,3.0330,1.083,0.5,0.5
25.95,4,bullockcart,124.512,7.500,-0.1147,0.000,4.5,1.8
25.95,5,bus,29.517,5.230,3.2180,8.070,11.0,2.6
25.95,7,cattle,182.824,-3.406,1.1219,0.150,2.2,0.9
26.05,2,pedestrian,125.326,8.068,-0.1298,1.084,0.5,0.5
26.05,3,pedestrian,121.706,1.720,2.9084,1.083,0.5,0.5
26.05,4,bullockcart,124.512,7.500,-0.1147,0.000,4.5,1.8
26.05,5,bus,28.714,5.154,3.2446,8.070,11.0,2.6
26.05,7,cattle,182.829,-3.392,1.3075,0.150,2.2,0.9
26.15,2,pedestrian,125.432,8.044,-0.0878,1.084,0.5,0.5
26.15,3,pedestrian,121.601,1.706,3.0044,1.083,0.5,0.5
26.15,4,bullockcart,124.512,7.500,-0.1147,0.000,4.5,1.8
26.15,5,bus,27.908,5.100,3.2005,8.070,11.0,2.6
26.15,7,cattle,182.832,-3.377,1.4008,0.150,2.2,0.9
26.25,2,pedestrian,125.539,8.026,-0.2647,1.084,0.5,0.5
26.25,3,pedestrian,121.503,1.740,2.9706,1.083,0.5,0.5
26.25,4,bullockcart,124.512,7.500,-0.1147,0.000,4.5,1.8
26.25,5,bus,27.104,5.033,3.2173,8.070,11.0,2.6
26.25,7,cattle,182.835,-3.362,1.2557,0.150,2.2,0.9
26.35,2,pedestrian,125.650,8.036,-0.0813,1.084,0.5,0.5
26.35,3,pedestrian,121.404,1.759,2.9140,1.083,0.5,0.5
26.35,4,bullockcart,124.512,7.500,-0.1147,0.000,4.5,1.8
26.35,5,bus,26.302,4.944,3.2401,8.070,11.0,2.6
26.35,7,cattle,182.844,-3.351,0.5962,0.150,2.2,0.9
26.45,2,pedestrian,125.759,8.037,-0.1672,1.084,0.5,0.5
26.45,3,pedestrian,121.303,1.767,3.1198,1.083,0.5,0.5
26.45,4,bullockcart,124.512,7.500,-0.1147,0.000,4.5,1.8
26.45,5,bus,25.495,4.902,3.2005,8.070,11.0,2.6
26.45,7,cattle,182.859,-3.348,0.1182,0.150,2.2,0.9
26.55,2,pedestrian,125.866,8.019,-0.0860,1.084,0.5,0.5
26.55,3,pedestrian,121.203,1.781,3.0571,1.083,0.5,0.5
26.55,4,bullockcart,124.512,7.500,-0.1147,0.000,4.5,1.8
26.55,5,bus,24.692,4.826,3.2376,8.070,11.0,2.6
26.55,7,cattle,182.872,-3.342,0.5963,0.150,2.2,0.9
26.65,2,pedestrian,125.973,8.001,-0.0768,1.084,0.5,0.5
26.65,3,pedestrian,121.107,1.771,3.0980,1.083,0.5,0.5
26.65,4,bullockcart,124.512,7.500,-0.1147,0.000,4.5,1.8
26.65,5,bus,23.890,4.740,3.2245,8.070,11.0,2.6
26.65,7,cattle,182.884,-3.333,0.6802,0.150,2.2,0.9
26.75,2,pedestrian,126.081,7.991,-0.2039,1.084,0.5,0.5
26.75,3,pedestrian,121.012,1.759,3.1648,1.083,0.5,0.5
26.75,4,bullockcart,124.512,7.500,-0.1147,0.000,4.5,1.8
26.75,5,bus,23.086,4.668,3.2568,8.070,11.0,2.6
26.75,7,cattle,182.899,-3.329,0.2428,0.150,2.2,0.9
26.85,2,pedestrian,126.187,7.961,-0.2563,1.084,0.5,0.5
26.85,3,pedestrian,120.916,1.741,3.2022,1.083,0.5,0.5
26.85,4,bullockcart,124.512,7.500,-0.1147,0.000,4.5,1.8
26.85,5,bus,22.287,4.604,3.2044,8.070,11.0,2.6
26.85,7,cattle,182.913,-3.325,0.2783,0.150,2.2,0.9
26.95,2,pedestrian,126.296,7.966,-0.0213,1.084,0.5,0.5
26.95,3,pedestrian,120.825,1.779,2.9065,1.083,0.5,0.5
26.95,4,bullockcart,124.512,7.500,-0.1147,0.000,4.5,1.8
26.95,5,bus,21.514,4.523,3.2655,8.070,11.0,2.6
26.95,7,cattle,182.927,-3.330,-0.2607,0.150,2.2,0.9
27.05,2,pedestrian,126.405,7.965,-0.0461,1.084,0.5,0.5
27.05,3,pedestrian,120.735,1.799,3.0324,1.083,0.5,0.5
27.05,4,bullockcart,124.512,7.500,-0.1147,0.000,4.5,1.8
27.05,5,bus,20.782,4.417,3.3345,8.070,11.0,2.6
27.05,7,cattle,182.941,-3.336,-0.5734,0.150,2.2,0.9
27.15,2,pedestrian,126.515,7.970,-0.0505,1.084,0.5,0.5
27.15,3,pedestrian,120.645,1.766,3.2175,1.083,0.5,0.5
27.15,4,bullockcart,124.512,7.500,-0.1147,0.000,4.5,1.8
27.15,5,bus,20.069,4.286,3.3597,8.070,11.0,2.6
27.15,7,cattle,182.955,-3.340,-0.1431,0.150,2.2,0.9
27.25,2,pedestrian,126.622,7.955,-0.0836,1.084,0.5,0.5
27.25,3,pedestrian,120.558,1.770,3.0779,1.083,0.5,0.5
27.25,4,bullockcart,124.512,7.500,-0.1147,0.000,4.5,1.8
27.25,5,bus,19.337,4.134,3.4092,8.070,11.0,2.6
27.25,7,cattle,182.969,-3.346,-0.4527,0.150,2.2,0.9
27.35,2,pedestrian,126.732,7.960,-0.0653,1.084,0.5,0.5
27.35,3,pedestrian,120.471,1.771,3.1632,1.083,0.5,0.5
27.35,4,bullockcart,124.512,7.500,-0.1147,0.000,4.5,1.8
27.35,5,bus,18.583,3.912,3.4513,8.070,11.0,2.6
27.35,7,cattle,182.983,-3.351,-0.1787,0.150,2.2,0.9
27.45,2,pedestrian,126.837,7.925,-0.1301,1.084,0.5,0.5
27.45,3,pedestrian,120.384,1.781,3.0729,1.083,0.5,0.5
27.45,4,bullockcart,124.512,7.500,-0.1147,0.000,4.5,1.8
27.45,5,bus,17.805,3.708,3.3929,8.070,11.0,2.6
27.45,7,cattle,182.994,-3.361,-0.7661,0.150,2.2,0.9
27.55,2,pedestrian,126.943,7.897,-0.2572,1.084,0.5,0.5
27.55,3,pedestrian,120.300,1.806,2.9428,1.083,0.5,0.5
27.55,4,bullockcart,124.512,7.500,-0.1147,0.000,4.5,1.8
27.55,5,bus,17.028,3.490,3.3929,8.070,11.0,2.6
27.55,7,cattle,183.002,-3.373,-1.0440,0.150,2.2,0.9
27.65,2,pedestrian,127.049,7.873,-0.1214,1.084,0.5,0.5
27.65,3,pedestrian,120.215,1.789,3.2065,1.083,0.5,0.5
27.65,4,bullockcart,124.512,7.500,-0.1147,0.000,4.5,1.8
27.65,5,bus,16.251,3.270,3.4176,8.070,11.0,2.6
27.65,7,cattle,183.010,-3.386,-1.0781,0.150,2.2,0.9
27.75,2,pedestrian,127.156,7.852,-0.0678,1.084,0.5,0.5
27.75,3,pedestrian,120.130,1.761,3.1894,1.083,0.5,0.5
27.75,4,bullockcart,124.512,7.500,-0.1147,0.000,4.5,1.8
27.75,5,bus,15.478,3.038,3.4116,8.070,11.0,2.6
27.75,7,cattle,183.018,-3.399,-0.8366,0.150,2.2,0.9
27.85,2,pedestrian,127.267,7.867,0.0316,1.084,0.5,0.5
27.85,3,pedestrian,120.045,1.747,3.0278,1.083,0.5,0.5
27.85,4,bullockcart,124.512,7.500,-0.1147,0.000,4.5,1.8
27.85,5,bus,14.699,2.827,3.4195,8.070,11.0,2.6
27.85,7,cattle,183.025,-3.411,-1.2679,0.150,2.2,0.9
27.95,2,pedestrian,127.373,7.840,-0.1976,1.084,0.5,0.5
27.95,3,pedestrian,119.961,1.771,3.0281,1.083,0.5,0.5
27.95,4,bullockcart,124.512,7.500,-0.1147,0.000,4.5,1.8
27.95,5,bus,13.927,2.594,3.4141,8.070,11.0,2.6
27.95,7,cattle,183.035,-3.422,-0.7538,0.150,2.2,0.9
28.05,2,pedestrian,127.484,7.855,-0.0559,1.084,0.5,0.5
28.05,3,pedestrian,119.875,1.788,2.9845,1.083,0.5,0.5
28.05,4,bullockcart,124.512,7.500,-0.1147,0.000,4.5,1.8
28.05,5,bus,13.160,2.341,3.4529,8.070,11.0,2.6
28.05,7,cattle,183.044,-3.434,-0.9141,0.150,2.2,0.9
28.15,2,pedestrian,127.590,7.832,-0.1440,1.084,0.5,0.5
28.15,3,pedestrian,119.789,1.762,3.2605,1.083,0.5,0.5
28.15,4,bullockcart,124.512,7.500,-0.1147,0.000,4.5,1.8
28.15,5,bus,12.385,2.114,3.4192,8.070,11.0,2.6
28.15,7,cattle,183.057,-3.442,-0.6364,0.150,2.2,0.9
28.25,2,pedestrian,127.699,7.829,-0.0102,1.084,0.5,0.5
28.25,3,pedestrian,119.703,1.791,2.9895,1.083,0.5,0.5
28.25,4,bullockcart,124.512,7.500,-0.1147,0.000,4.5,1.8
28.25,5,bus,11.619,1.859,3.4529,8.070,11.0,2.6
28.25,7,cattle,183.070,-3.449,-0.7911,0.150,2.2,0.9
28.35,2,pedestrian,127.804,7.793,-0.2206,1.084,0.5,0.5
28.35,3,pedestrian,119.617,1.799,3.1241,1.083,0.5,0.5
28.35,4,bullockcart,124.512,7.500,-0.1147,0.000,4.5,1.8
28.35,5,bus,10.850,1.613,3.4422,8.070,11.0,2.6
28.35,7,cattle,183.070,-3.449,-0.7911,0.000,2.2,0.9
28.45,2,pedestrian,127.915,7.808,-0.0083,1.084,0.5,0.5
28.45,3,pedestrian,119.528,1.757,3.3015,1.083,0.5,0.5
28.45,4,bullockcart,124.512,7.500,-0.1147,0.000,4.5,1.8
28.45,5,bus,10.076,1.385,3.4529,8.070,11.0,2.6
28.45,7,cattle,183.070,-3.449,-0.7911,0.000,2.2,0.9
28.55,2,pedestrian,128.022,7.789,-0.0065,1.084,0.5,0.5
28.55,3,pedestrian,119.436,1.758,3.1391,1.083,0.5,0.5
28.55,4,bullockcart,124.512,7.500,-0.1147,0.000,4.5,1.8
28.55,5,bus,9.305,1.146,3.4393,8.070,11.0,2.6
28.55,7,cattle,183.070,-3.449,-0.7911,0.000,2.2,0.9
28.65,2,pedestrian,128.130,7.781,0.0250,1.084,0.5,0.5
28.65,3,pedestrian,119.345,1.765,3.1749,1.083,0.5,0.5
28.65,4,bullockcart,124.512,7.500,-0.1147,0.000,4.5,1.8
28.65,5,bus,8.522,0.951,3.3929,8.070,11.0,2.6
28.65,7,cattle,183.070,-3.449,-0.7911,0.000,2.2,0.9
28.75,2,pedestrian,128.236,7.752,-0.1251,1.084,0.5,0.5
28.75,3,pedestrian,119.253,1.778,3.0875,1.083,0.5,0.5
28.75,4,bullockcart,124.512,7.500,-0.1147,0.000,4.5,1.8
28.75,5,bus,7.750,0.716,3.4529,8.070,11.0,2.6
28.75,7,cattle,183.070,-3.449,-0.7911,0.000,2.2,0.9
28.85,2,pedestrian,128.340,7.715,-0.2647,1.084,0.5,0.5
28.85,3,pedestrian,119.161,1.775,3.1546,1.083,0.5,0.5
28.85,4,bullockcart,124.512,7.500,-0.1147,0.000,4.5,1.8
28.85,5,bus,6.977,0.483,3.4529,8.070,11.0,2.6
28.85,7,cattle,183.070,-3.449,-0.7911,0.000,2.2,0.9
28.95,2,pedestrian,128.446,7.688,-0.1661,1.084,0.5,0.5
28.95,3,pedestrian,119.063,1.758,3.0681,1.083,0.5,0.5
28.95,4,bullockcart,124.512,7.500,-0.1147,0.000,4.5,1.8
28.95,5,bus,6.201,0.261,3.3969,8.070,11.0,2.6
28.95,7,cattle,183.070,-3.449,-0.7911,0.000,2.2,0.9
29.05,2,pedestrian,128.559,7.718,0.0353,1.084,0.5,0.5
29.05,3,pedestrian,118.965,1.746,3.0913,1.083,0.5,0.5
29.05,4,bullockcart,124.512,7.500,-0.1147,0.000,4.5,1.8
29.05,5,bus,5.419,0.061,3.3929,8.070,11.0,2.6
29.05,7,cattle,183.070,-3.449,-0.7911,0.000,2.2,0.9
29.15,2,pedestrian,128.666,7.703,-0.1282,1.084,0.5,0.5
29.15,3,pedestrian,118.866,1.739,3.2668,1.083,0.5,0.5
29.15,4,bullockcart,124.512,7.500,-0.1147,0.000,4.5,1.8
29.15,5,bus,4.641,-0.154,3.4158,8.070,11.0,2.6
29.15,7,cattle,183.070,-3.449,-0.7911,0.000,2.2,0.9
29.25,2,pedestrian,128.773,7.678,-0.2333,1.084,0.5,0.5
29.25,3,pedestrian,118.766,1.767,3.0388,1.083,0.5,0.5
29.25,4,bullockcart,124.512,7.500,-0.1147,0.000,4.5,1.8
29.25,5,bus,3.858,-0.352,3.3929,8.070,11.0,2.6
29.25,7,cattle,183.070,-3.449,-0.7911,0.000,2.2,0.9
29.35,2,pedestrian,128.878,7.646,-0.0695,1.084,0.5,0.5
29.35,3,pedestrian,118.665,1.754,3.2957,1.083,0.5,0.5
29.35,4,bullockcart,124.512,7.500,-0.1147,0.000,4.5,1.8
29.35,5,bus,3.084,-0.578,3.3929,8.070,11.0,2.6
29.35,7,cattle,183.070,-3.449,-0.7911,0.000,2.2,0.9
29.45,2,pedestrian,128.984,7.619,-0.2249,1.084,0.5,0.5
29.45,3,pedestrian,118.559,1.761,3.2050,1.083,0.5,0.5
29.45,4,bullockcart,124.512,7.500,-0.1147,0.000,4.5,1.8
29.45,5,bus,2.310,-0.808,3.4529,8.070,11.0,2.6
29.45,7,cattle,183.070,-3.449,-0.7911,0.000,2.2,0.9
29.55,2,pedestrian,129.090,7.594,-0.2647,1.084,0.5,0.5
29.55,3,pedestrian,118.452,1.791,3.1525,1.083,0.5,0.5
29.55,4,bullockcart,124.512,7.500,-0.1147,0.000,4.5,1.8
29.55,5,bus,1.537,-1.041,3.4493,8.070,11.0,2.6
29.55,7,cattle,183.070,-3.449,-0.7911,0.000,2.2,0.9
29.65,2,pedestrian,129.197,7.574,-0.2562,1.084,0.5,0.5
29.65,3,pedestrian,118.345,1.818,3.0908,1.083,0.5,0.5
29.65,4,bullockcart,124.512,7.500,-0.1147,0.000,4.5,1.8
29.65,5,bus,0.758,-1.252,3.4066,8.070,11.0,2.6
29.65,7,cattle,183.070,-3.449,-0.7911,0.000,2.2,0.9
29.75,2,pedestrian,129.304,7.555,-0.1879,1.084,0.5,0.5
29.75,3,pedestrian,118.240,1.817,3.1015,1.083,0.5,0.5
29.75,4,bullockcart,124.512,7.500,-0.1147,0.000,4.5,1.8
29.75,5,bus,-0.009,-1.504,3.4529,8.070,11.0,2.6
29.75,7,cattle,183.070,-3.449,-0.7911,0.000,2.2,0.9
29.85,2,pedestrian,129.408,7.514,-0.2118,1.084,0.5,0.5
29.85,3,pedestrian,118.132,1.830,3.1602,1.083,0.5,0.5
29.85,4,bullockcart,124.512,7.500,-0.1147,0.000,4.5,1.8
29.85,5,bus,-0.779,-1.746,3.4529,8.070,11.0,2.6
29.85,7,cattle,183.070,-3.449,-0.7911,0.000,2.2,0.9
29.95,2,pedestrian,129.517,7.507,-0.0987,1.084,0.5,0.5
29.95,3,pedestrian,118.025,1.802,3.3368,1.083,0.5,0.5
29.95,4,bullockcart,124.512,7.500,-0.1147,0.000,4.5,1.8
29.95,5,bus,-1.553,-1.976,3.4177,8.070,11.0,2.6
29.95,7,cattle,183.070,-3.449,-0.7911,0.000,2.2,0.9
30.05,2,pedestrian,129.621,7.468,-0.1630,1.084,0.5,0.5
30.05,3,pedestrian,117.917,1.790,3.1605,1.083,0.5,0.5
30.05,4,bullockcart,124.512,7.500,-0.1147,0.000,4.5,1.8
30.05,5,bus,-2.326,-2.207,3.4036,8.070,11.0,2.6
30.05,7,cattle,183.070,-3.449,-0.7911,0.000,2.2,0.9
30.15,2,pedestrian,129.731,7.470,-0.0319,1.084,0.5,0.5
30.15,3,pedestrian,117.810,1.760,3.3023,1.083,0.5,0.5
30.15,4,bullockcart,124.512,7.500,-0.1147,0.000,4.5,1.8
30.15,5,bus,-3.094,-2.457,3.4284,8.070,11.0,2.6
30.15,7,cattle,183.070,-3.449,-0.7911,0.000,2.2,0.9
30.25,2,pedestrian,129.837,7.442,-0.2389,1.084,0.5,0.5
30.25,3,pedestrian,117.701,1.768,3.1654,1.083,0.5,0.5
30.25,4,bullockcart,124.512,7.500,-0.1147,0.000,4.5,1.8
30.25,5,bus,-3.867,-2.687,3.4400,8.070,11.0,2.6
30.25,7,cattle,183.070,-3.449,-0.7911,0.000,2.2,0.9
30.35,2,pedestrian,129.946,7.447,0.0096,1.084,0.5,0.5
30.35,3,pedestrian,117.593,1.757,3.2642,1.083,0.5,0.5
30.35,4,bullockcart,124.512,7.500,-0.1147,0.000,4.5,1.8
30.35,7,cattle,183.070,-3.449,-0.7911,0.000,2.2,0.9
30.45,2,pedestrian,130.056,7.451,0.0353,1.084,0.5,0.5
30.45,3,pedestrian,117.485,1.744,3.3132,1.083,0.5,0.5
30.45,4,bullockcart,124.512,7.500,-0.1147,0.000,4.5,1.8
30.45,7,cattle,183.070,-3.449,-0.7911,0.000,2.2,0.9
30.55,2,pedestrian,130.161,7.417,-0.1752,1.084,0.5,0.5
30.55,3,pedestrian,117.378,1.724,3.1210,1.083,0.5,0.5
30.55,4,bullockcart,124.512,7.500,-0.1147,0.000,4.5,1.8
30.55,7,cattle,183.070,-3.449,-0.7911,0.000,2.2,0.9
30.65,2,pedestrian,130.268,7.399,-0.1100,1.084,0.5,0.5
30.65,3,pedestrian,117.271,1.699,3.3368,1.083,0.5,0.5
30.65,4,bullockcart,124.512,7.500,-0.1147,0.000,4.5,1.8
30.65,7,cattle,183.070,-3.449,-0.7911,0.000,2.2,0.9
30.75,2,pedestrian,130.380,7.419,-0.0142,1.084,0.5,0.5
30.75,3,pedestrian,117.163,1.678,3.2144,1.083,0.5,0.5
30.75,4,bullockcart,124.512,7.500,-0.1147,0.000,4.5,1.8
30.75,7,cattle,183.070,-3.449,-0.7911,0.000,2.2,0.9
30.85,2,pedestrian,130.486,7.398,-0.1115,1.084,0.5,0.5
30.85,3,pedestrian,117.054,1.703,3.0368,1.083,0.5,0.5
30.85,4,bullockcart,124.512,7.500,-0.1147,0.000,4.5,1.8
30.85,7,cattle,183.070,-3.449,-0.7911,0.000,2.2,0.9
30.95,2,pedestrian,130.597,7.416,0.0353,1.084,0.5,0.5
30.95,3,pedestrian,116.945,1.717,3.1105,1.083,0.5,0.5
30.95,4,bullockcart,124.512,7.500,-0.1147,0.000,4.5,1.8
30.95,7,cattle,183.070,-3.449,-0.7911,0.000,2.2,0.9
31.05,2,pedestrian,130.704,7.393,-0.1129,1.084,0.5,0.5
31.05,3,pedestrian,116.835,1.745,3.1198,1.083,0.5,0.5
31.05,4,bullockcart,124.512,7.500,-0.1147,0.000,4.5,1.8
31.05,7,cattle,183.070,-3.449,-0.7911,0.000,2.2,0.9
31.15,2,pedestrian,130.809,7.361,-0.1229,1.084,0.5,0.5
31.15,3,pedestrian,116.729,1.701,3.3368,1.083,0.5,0.5
31.15,4,bullockcart,124.512,7.500,-0.1147,0.000,4.5,1.8
31.15,7,cattle,183.075,-3.454,-0.8460,0.150,2.2,0.9
31.25,2,pedestrian,130.916,7.338,-0.2165,1.084,0.5,0.5
31.25,3,pedestrian,116.618,1.745,3.0368,1.083,0.5,0.5
31.25,4,bullockcart,124.512,7.500,-0.1147,0.000,4.5,1.8
31.25,7,cattle,183.075,-3.454,-0.8460,0.000,2.2,0.9
31.35,2,pedestrian,131.026,7.351,-0.1458,1.084,0.5,0.5
31.35,3,pedestrian,116.510,1.748,3.0716,1.083,0.5,0.5
31.35,4,bullockcart,124.512,7.500,-0.1147,0.000,4.5,1.8
31.35,7,cattle,183.075,-3.454,-0.8460,0.000,2.2,0.9
31.45,2,pedestrian,131.135,7.348,-0.1277,1.084,0.5,0.5
31.45,3,pedestrian,116.402,1.743,3.2134,1.083,0.5,0.5
31.45,4,bullockcart,124.512,7.500,-0.1147,0.000,4.5,1.8
31.45,7,cattle,183.075,-3.454,-0.8460,0.000,2.2,0.9
31.55,2,pedestrian,131.243,7.341,0.0353,1.084,0.5,0.5
31.55,3,pedestrian,116.294,1.723,3.3038,1.083,0.5,0.5
31.55,4,bullockcart,124.512,7.500,-0.1147,0.000,4.5,1.8
31.55,7,cattle,183.075,-3.454,-0.8460,0.000,2.2,0.9
31.65,2,pedestrian,131.352,7.340,-0.0612,1.084,0.5,0.5
31.65,3,pedestrian,116.187,1.706,3.2871,1.083,0.5,0.5
31.65,4,bullockcart,124.512,7.500,-0.1147,0.000,4.5,1.8
31.65,7,cattle,183.075,-3.454,-0.8460,0.000,2.2,0.9
31.75,2,pedestrian,131.461,7.333,-0.0860,1.084,0.5,0.5
31.75,3,pedestrian,116.079,1.696,3.2241,1.083,0.5,0.5
31.75,4,bullockcart,124.512,7.500,-0.1147,0.000,4.5,1.8
31.75,7,cattle,183.075,-3.454,-0.8460,0.000,2.2,0.9
31.85,2,pedestrian,131.568,7.313,-0.1337,1.084,0.5,0.5
31.85,3,pedestrian,115.971,1.692,3.2612,1.083,0.5,0.5
31.85,4,bullockcart,124.512,7.500,-0.1147,0.000,4.5,1.8
31.85,7,cattle,183.075,-3.454,-0.8460,0.000,2.2,0.9
31.95,2,pedestrian,131.674,7.288,-0.1650,1.084,0.5,0.5
31.95,3,pedestrian,115.861,1.720,3.0734,1.083,0.5,0.5
31.95,4,bullockcart,124.512,7.500,-0.1147,0.000,4.5,1.8
31.95,7,cattle,183.075,-3.454,-0.8460,0.000,2.2,0.9
32.05,2,pedestrian,131.780,7.262,-0.0979,1.084,0.5,0.5
32.05,3,pedestrian,115.752,1.738,3.1659,1.083,0.5,0.5
32.05,4,bullockcart,124.512,7.500,-0.1147,0.000,4.5,1.8
32.05,7,cattle,183.075,-3.454,-0.8460,0.000,2.2,0.9
32.15,2,pedestrian,131.887,7.243,-0.1429,1.084,0.5,0.5
32.15,3,pedestrian,115.643,1.748,3.2212,1.083,0.5,0.5
32.15,4,bullockcart,124.512,7.500,-0.1147,0.000,4.5,1.8
32.15,7,cattle,183.075,-3.454,-0.8460,0.000,2.2,0.9
32.25,2,pedestrian,131.992,7.210,-0.2647,1.084,0.5,0.5
32.25,3,pedestrian,115.535,1.735,3.1990,1.083,0.5,0.5
32.25,4,bullockcart,124.512,7.500,-0.1147,0.000,4.5,1.8
32.25,7,cattle,183.075,-3.454,-0.8460,0.000,2.2,0.9
32.35,2,pedestrian,132.097,7.174,-0.0666,1.084,0.5,0.5
32.35,3,pedestrian,115.427,1.721,3.1178,1.083,0.5,0.5
32.35,4,bullockcart,124.512,7.500,-0.1147,0.000,4.5,1.8
32.35,7,cattle,183.075,-3.454,-0.8460,0.000,2.2,0.9
32.45,2,pedestrian,132.203,7.149,-0.1696,1.084,0.5,0.5
32.45,3,pedestrian,115.318,1.735,3.1617,1.083,0.5,0.5
32.45,4,bullockcart,124.512,7.500,-0.1147,0.000,4.5,1.8
32.45,7,cattle,183.075,-3.454,-0.8460,0.000,2.2,0.9
32.55,2,pedestrian,132.311,7.139,-0.1017,1.084,0.5,0.5
32.55,3,pedestrian,115.212,1.698,3.3368,1.083,0.5,0.5
32.55,4,bullockcart,124.512,7.500,-0.1147,0.000,4.5,1.8
32.55,7,cattle,183.075,-3.454,-0.8460,0.000,2.2,0.9
32.65,2,pedestrian,132.423,7.165,-0.0448,1.084,0.5,0.5
32.65,3,pedestrian,115.105,1.671,3.3093,1.083,0.5,0.5
32.65,4,bullockcart,124.512,7.500,-0.1147,0.000,4.5,1.8
32.65,7,cattle,183.075,-3.454,-0.8460,0.000,2.2,0.9
32.75,2,pedestrian,132.534,7.175,-0.0248,1.084,0.5,0.5
32.75,3,pedestrian,114.996,1.673,3.1324,1.083,0.5,0.5
32.75,4,bullockcart,124.512,7.500,-0.1147,0.000,4.5,1.8
32.75,7,cattle,183.075,-3.454,-0.8460,0.000,2.2,0.9
32.85,2,pedestrian,132.643,7.180,-0.0524,1.084,0.5,0.5
32.85,3,pedestrian,114.888,1.671,3.2251,1.083,0.5,0.5
32.85,4,bullockcart,124.512,7.500,-0.1147,0.000,4.5,1.8
32.85,7,cattle,183.075,-3.454,-0.8460,0.000,2.2,0.9
32.95,2,pedestrian,132.750,7.155,-0.0873,1.084,0.5,0.5
32.95,3,pedestrian,114.781,1.638,3.1753,1.083,0.5,0.5
32.95,4,bullockcart,124.512,7.500,-0.1147,0.000,4.5,1.8
32.95,7,cattle,183.075,-3.454,-0.8460,0.000,2.2,0.9
33.05,2,pedestrian,132.860,7.168,-0.1471,1.084,0.5,0.5
33.05,3,pedestrian,114.674,1.605,3.3164,1.083,0.5,0.5
33.05,4,bullockcart,124.512,7.500,-0.1147,0.000,4.5,1.8
33.05,7,cattle,183.075,-3.454,-0.8460,0.000,2.2,0.9
33.15,2,pedestrian,132.970,7.173,0.0353,1.084,0.5,0.5
33.15,3,pedestrian,114.566,1.596,3.3299,1.083,0.5,0.5
33.15,4,bullockcart,124.512,7.500,-0.1147,0.000,4.5,1.8
33.15,7,cattle,183.075,-3.454,-0.8460,0.000,2.2,0.9
33.25,2,pedestrian,133.078,7.166,-0.2647,1.084,0.5,0.5
33.25,3,pedestrian,114.458,1.587,3.0951,1.083,0.5,0.5
33.25,4,bullockcart,124.512,7.500,-0.1147,0.000,4.5,1.8
33.25,7,cattle,183.075,-3.454,-0.8460,0.000,2.2,0.9
33.35,2,pedestrian,133.189,7.181,0.0205,1.084,0.5,0.5
33.35,3,pedestrian,114.350,1.592,3.1716,1.083,0.5,0.5
33.35,4,bullockcart,124.512,7.500,-0.1147,0.000,4.5,1.8
33.35,7,cattle,183.075,-3.454,-0.8460,0.000,2.2,0.9
33.45,2,pedestrian,133.298,7.184,-0.0078,1.084,0.5,0.5
33.45,3,pedestrian,114.241,1.590,3.3285,1.083,0.5,0.5
33.45,4,bullockcart,124.512,7.500,-0.1147,0.000,4.5,1.8
33.45,7,cattle,183.075,-3.454,-0.8460,0.000,2.2,0.9
33.55,2,pedestrian,133.407,7.177,-0.1377,1.084,0.5,0.5
33.55,3,pedestrian,114.134,1.572,3.2333,1.083,0.5,0.5
33.55,4,bullockcart,124.512,7.500,-0.1147,0.000,4.5,1.8
33.55,7,cattle,183.075,-3.454,-0.8460,0.000,2.2,0.9
33.65,2,pedestrian,133.512,7.146,-0.2266,1.084,0.5,0.5
33.65,3,pedestrian,114.025,1.576,3.1767,1.083,0.5,0.5
33.65,4,bullockcart,124.512,7.500,-0.1147,0.000,4.5,1.8
33.65,7,cattle,183.075,-3.454,-0.8460,0.000,2.2,0.9
33.75,2,pedestrian,133.618,7.116,-0.1339,1.084,0.5,0.5
33.75,3,pedestrian,113.918,1.558,3.2220,1.083,0.5,0.5
33.75,4,bullockcart,124.512,7.500,-0.1147,0.000,4.5,1.8
33.75,7,cattle,183.075,-3.454,-0.8460,0.000,2.2,0.9
33.85,2,pedestrian,133.725,7.101,-0.2394,1.084,0.5,0.5
33.85,3,pedestrian,113.810,1.551,3.0639,1.083,0.5,0.5
33.85,4,bullockcart,124.512,7.500,-0.1147,0.000,4.5,1.8
33.85,7,cattle,183.075,-3.454,-0.8460,0.000,2.2,0.9
33.95,2,pedestrian,133.832,7.076,-0.0838,1.084,0.5,0.5
33.95,3,pedestrian,113.700,1.579,3.0705,1.083,0.5,0.5
33.95,4,bullockcart,124.512,7.500,-0.1147,0.000,4.5,1.8
33.95,7,cattle,183.075,-3.454,-0.8460,0.000,2.2,0.9
34.05,2,pedestrian,133.937,7.045,-0.0508,1.084,0.5,0.5
34.05,3,pedestrian,113.591,1.598,3.0392,1.083,0.5,0.5
34.05,4,bullockcart,124.512,7.500,-0.1147,0.000,4.5,1.8
34.05,7,cattle,183.075,-3.454,-0.8460,0.000,2.2,0.9
34.15,2,pedestrian,134.049,7.070,0.0283,1.084,0.5,0.5
34.15,3,pedestrian,113.483,1.588,3.3028,1.083,0.5,0.5
34.15,4,bullockcart,124.512,7.500,-0.1147,0.000,4.5,1.8
34.15,7,cattle,183.075,-3.454,-0.8460,0.000,2.2,0.9
34.25,2,pedestrian,134.156,7.052,-0.1326,1.084,0.5,0.5
34.25,3,pedestrian,113.376,1.545,3.2481,1.083,0.5,0.5
34.25,4,bullockcart,124.512,7.500,-0.1147,0.000,4.5,1.8
34.25,7,cattle,183.075,-3.454,-0.8460,0.000,2.2,0.9
34.35,2,pedestrian,134.263,7.028,-0.1208,1.084,0.5,0.5
34.35,3,pedestrian,113.268,1.543,3.0368,1.083,0.5,0.5
34.35,4,bullockcart,124.512,7.500,-0.1147,0.000,4.5,1.8
34.35,7,cattle,183.075,-3.454,-0.8460,0.000,2.2,0.9
34.45,2,pedestrian,134.372,7.029,-0.0243,1.084,0.5,0.5
34.45,3,pedestrian,113.159,1.551,3.1532,1.083,0.5,0.5
34.45,4,bullockcart,124.512,7.500,-0.1147,0.000,4.5,1.8
34.45,7,cattle,183.075,-3.454,-0.8460,0.000,2.2,0.9
34.55,2,pedestrian,134.480,7.018,-0.0848,1.084,0.5,0.5
34.55,3,pedestrian,113.051,1.550,3.1672,1.083,0.5,0.5
34.55,4,bullockcart,124.512,7.500,-0.1147,0.000,4.5,1.8
34.55,7,cattle,183.075,-3.454,-0.8460,0.000,2.2,0.9
34.65,2,pedestrian,134.591,7.042,0.0353,1.084,0.5,0.5
34.65,3,pedestrian,112.942,1.566,3.2340,1.083,0.5,0.5
34.65,4,bullockcart,124.512,7.500,-0.1147,0.000,4.5,1.8
34.65,7,cattle,183.075,-3.454,-0.8460,0.000,2.2,0.9
34.75,2,pedestrian,134.699,7.029,-0.2102,1.084,0.5,0.5
34.75,3,pedestrian,112.834,1.569,3.2521,1.083,0.5,0.5
34.75,4,bullockcart,124.512,7.500,-0.1147,0.000,4.5,1.8
34.75,7,cattle,183.075,-3.454,-0.8460,0.000,2.2,0.9
34.85,2,pedestrian,134.804,6.989,-0.2538,1.084,0.5,0.5
34.85,3,pedestrian,112.726,1.555,3.2482,1.083,0.5,0.5
34.85,4,bullockcart,124.512,7.500,-0.1147,0.000,4.5,1.8
34.85,7,cattle,183.077,-3.462,-1.2632,0.150,2.2,0.9
34.95,2,pedestrian,134.910,6.970,-0.1591,1.084,0.5,0.5
34.95,3,pedestrian,112.617,1.563,3.1397,1.083,0.5,0.5
34.95,4,bullockcart,124.512,7.500,-0.1147,0.000,4.5,1.8
34.95,7,cattle,183.080,-3.476,-1.4232,0.150,2.2,0.9
35.05,2,pedestrian,135.017,6.947,-0.2129,1.084,0.5,0.5
35.05,3,pedestrian,112.508,1.585,3.0654,1.083,0.5,0.5
35.05,4,bullockcart,124.512,7.500,-0.1147,0.000,4.5,1.8
35.05,7,cattle,183.078,-3.491,-1.8186,0.150,2.2,0.9
35.15,2,pedestrian,135.123,6.922,-0.2347,1.084,0.5,0.5
35.15,3,pedestrian,112.398,1.605,3.1163,1.083,0.5,0.5
35.15,4,bullockcart,124.512,7.500,-0.1147,0.000,4.5,1.8
35.15,7,cattle,183.073,-3.505,-1.7947,0.150,2.2,0.9
35.25,2,pedestrian,135.237,6.961,0.0353,1.084,0.5,0.5
35.25,3,pedestrian,112.291,1.593,3.2185,1.083,0.5,0.5
35.25,4,bullockcart,124.512,7.500,-0.1147,0.000,4.5,1.8
35.25,7,cattle,183.063,-3.516,-2.4077,0.150,2.2,0.9
35.35,2,pedestrian,135.345,6.956,-0.1571,1.084,0.5,0.5
35.35,3,pedestrian,112.184,1.564,3.2812,1.083,0.5,0.5
35.35,4,bullockcart,124.512,7.500,-0.1147,0.000,4.5,1.8
35.35,7,cattle,183.058,-3.530,-1.8645,0.150,2.2,0.9
35.45,2,pedestrian,135.455,6.960,-0.2291,1.084,0.5,0.5
35.45,3,pedestrian,112.074,1.587,3.0368,1.083,0.5,0.5
35.45,4,bullockcart,124.512,7.500,-0.1147,0.000,4.5,1.8
35.45,7,cattle,183.051,-3.543,-1.9375,0.150,2.2,0.9
35.55,2,pedestrian,135.563,6.948,-0.0846,1.084,0.5,0.5
35.55,3,pedestrian,111.966,1.574,3.2541,1.083,0.5,0.5
35.55,4,bullockcart,124.512,7.500,-0.1147,0.000,4.5,1.8
35.55,7,cattle,183.052,-3.558,-1.4187,0.150,2.2,0.9
35.65,2,pedestrian,135.671,6.938,-0.0657,1.084,0.5,0.5
35.65,3,pedestrian,111.858,1.579,3.0985,1.083,0.5,0.5
35.65,4,bullockcart,124.512,7.500,-0.1147,0.000,4.5,1.8
35.65,7,cattle,183.050,-3.573,-1.8386,0.150,2.2,0.9
35.75,2,pedestrian,135.779,6.928,-0.1943,1.084,0.5,0.5
35.75,3,pedestrian,111.748,1.602,3.0368,1.083,0.5,0.5
35.75,4,bullockcart,124.512,7.500,-0.1147,0.000,4.5,1.8
35.75,7,cattle,183.039,-3.583,-2.5932,0.150,2.2,0.9
35.85,2,pedestrian,135.885,6.908,-0.0888,1.084,0.5,0.5
35.85,3,pedestrian,111.638,1.641,3.0368,1.083,0.5,0.5
35.85,4,bullockcart,124.512,7.500,-0.1147,0.000,4.5,1.8
35.85,7,cattle,183.028,-3.593,-2.4530,0.150,2.2,0.9
35.95,2,pedestrian,135.993,6.898,-0.1858,1.084,0.5,0.5
35.95,3,pedestrian,111.529,1.657,3.0989,1.083,0.5,0.5
35.95,4,bullockcart,124.512,7.500,-0.1147,0.000,4.5,1.8
35.95,7,cattle,183.019,-3.605,-2.2963,0.150,2.2,0.9
36.05,2,pedestrian,136.102,6.897,-0.2567,1.084,0.5,0.5
36.05,3,pedestrian,111.421,1.658,3.2296,1.083,0.5,0.5
36.05,4,bullockcart,124.512,7.500,-0.1147,0.000,4.5,1.8
36.05,7,cattle,183.010,-3.617,-2.2610,0.150,2.2,0.9
36.15,2,pedestrian,136.210,6.885,-0.0161,1.084,0.5,0.5
36.15,3,pedestrian,111.313,1.646,3.1430,1.083,0.5,0.5
36.15,4,bullockcart,124.512,7.500,-0.1147,0.000,4.5,1.8
36.15,7,cattle,182.999,-3.627,-2.4620,0.150,2.2,0.9
36.25,2,pedestrian,136.317,6.862,-0.1817,1.084,0.5,0.5
36.25,3,pedestrian,111.205,1.628,3.2418,1.083,0.5,0.5
36.25,4,bullockcart,124.512,7.500,-0.1147,0.000,4.5,1.8
36.25,7,cattle,182.987,-3.636,-2.4333,0.150,2.2,0.9
36.35,2,pedestrian,136.423,6.839,-0.1368,1.084,0.5,0.5
36.35,3,pedestrian,111.099,1.583,3.3345,1.083,0.5,0.5
36.35,4,bullockcart,124.512,7.500,-0.1147,0.000,4.5,1.8
36.35,7,cattle,182.975,-3.646,-2.5378,0.150,2.2,0.9
36.45,2,pedestrian,136.529,6.813,-0.1524,1.084,0.5,0.5
36.45,3,pedestrian,110.991,1.568,3.2948,1.083,0.5,0.5
36.45,4,bullockcart,124.512,7.500,-0.1147,0.000,4.5,1.8
36.45,7,cattle,182.966,-3.657,-2.2562,0.150,2.2,0.9
36.55,2,pedestrian,136.635,6.784,-0.2081,1.084,0.5,0.5
36.55,3,pedestrian,110.883,1.569,3.3240,1.083,0.5,0.5
36.55,4,bullockcart,124.512,7.500,-0.1147,0.000,4.5,1.8
36.55,7,cattle,182.958,-3.670,-2.2293,0.150,2.2,0.9
36.65,2,pedestrian,136.739,6.740,-0.2375,1.084,0.5,0.5
36.65,3,pedestrian,110.775,1.567,3.2511,1.083,0.5,0.5
36.65,4,bullockcart,124.512,7.500,-0.1147,0.000,4.5,1.8
36.65,7,cattle,182.947,-3.679,-2.3911,0.150,2.2,0.9
36.75,2,pedestrian,136.849,6.749,0.0193,1.084,0.5,0.5
36.75,3,pedestrian,110.667,1.550,3.1985,1.083,0.5,0.5
36.75,4,bullockcart,124.512,7.500,-0.1147,0.000,4.5,1.8
36.75,7,cattle,182.934,-3.687,-2.8515,0.150,2.2,0.9
36.85,2,pedestrian,136.958,6.745,-0.0943,1.084,0.5,0.5
36.85,3,pedestrian,110.559,1.536,3.2041,1.083,0.5,0.5
36.85,4,bullockcart,124.512,7.500,-0.1147,0.000,4.5,1.8
36.85,7,cattle,182.919,-3.689,-3.0526,0.150,2.2,0.9
36.95,2,pedestrian,137.065,6.732,-0.1360,1.084,0.5,0.5
36.95,3,pedestrian,110.452,1.522,3.2046,1.083,0.5,0.5
36.95,4,bullockcart,124.512,7.500,-0.1147,0.000,4.5,1.8
36.95,7,cattle,182.904,-3.687,-3.2694,0.150,2.2,0.9
37.05,2,pedestrian,137.173,6.717,-0.0815,1.084,0.5,0.5
37.05,3,pedestrian,110.343,1.518,3.1412,1.083,0.5,0.5
37.05,4,bullockcart,124.512,7.500,-0.1147,0.000,4.5,1.8
37.05,7,cattle,182.890,-3.690,-2.8329,0.150,2.2,0.9
37.15,2,pedestrian,137.284,6.732,-0.0359,1.084,0.5,0.5
37.15,3,pedestrian,110.236,1.505,3.2439,1.083,0.5,0.5
37.15,4,bullockcart,124.512,7.500,-0.1147,0.000,4.5,1.8
37.15,7,cattle,182.875,-3.692,-2.8105,0.150,2.2,0.9
37.25,2,pedestrian,137.389,6.702,-0.2647,1.084,0.5,0.5
37.25,3,pedestrian,110.128,1.488,3.2213,1.083,0.5,0.5
37.25,4,bullockcart,124.512,7.500,-0.1147,0.000,4.5,1.8
37.25,7,cattle,182.864,-3.701,-2.5529,0.150,2.2,0.9
37.35,2,pedestrian,137.500,6.716,0.0299,1.084,0.5,0.5
37.35,3,pedestrian,110.020,1.487,3.1676,1.083,0.5,0.5
37.35,4,bullockcart,124.512,7.500,-0.1147,0.000,4.5,1.8
37.35,7,cattle,182.850,-3.708,-2.6345,0.150,2.2,0.9
37.45,2,pedestrian,137.609,6.716,-0.0982,1.084,0.5,0.5
37.45,3,pedestrian,109.911,1.500,3.1100,1.083,0.5,0.5
37.45,4,bullockcart,124.512,7.500,-0.1147,0.000,4.5,1.8
37.45,7,cattle,182.839,-3.717,-2.3792,0.150,2.2,0.9
37.55,2,pedestrian,137.718,6.711,0.0216,1.084,0.5,0.5
37.55,3,pedestrian,109.802,1.514,3.2758,1.083,0.5,0.5
37.55,4,bullockcart,124.512,7.500,-0.1147,0.000,4.5,1.8
37.55,7,cattle,182.835,-3.731,-1.5783,0.150,2.2,0.9
37.65,2,pedestrian,137.824,6.680,-0.0224,1.084,0.5,0.5
37.65,3,pedestrian,109.694,1.492,3.2624,1.083,0.5,0.5
37.65,4,bullockcart,124.512,7.500,-0.1147,0.000,4.5,1.8
37.65,7,cattle,182.830,-3.745,-2.0667,0.150,2.2,0.9
37.75,2,pedestrian,137.930,6.640,-0.1933,1.084,0.5,0.5
37.75,3,pedestrian,109.585,1.512,3.1285,1.083,0.5,0.5
37.75,4,bullockcart,124.512,7.500,-0.1147,0.000,4.5,1.8
37.75,7,cattle,182.830,-3.745,-2.0667,0.000,2.2,0.9
37.85,2,pedestrian,138.041,6.639,-0.0250,1.084,0.5,0.5
37.85,3,pedestrian,109.476,1.524,3.1920,1.083,0.5,0.5
37.85,4,bullockcart,124.512,7.500,-0.1147,0.000,4.5,1.8
37.85,7,cattle,182.830,-3.745,-2.0667,0.000,2.2,0.9
37.95,2,pedestrian,138.154,6.657,0.0335,1.084,0.5,0.5
37.95,3,pedestrian,109.368,1.522,3.1328,1.083,0.5,0.5
37.95,4,bullockcart,124.512,7.500,-0.1147,0.000,4.5,1.8
37.95,7,cattle,182.830,-3.745,-2.0667,0.000,2.2,0.9
38.05,2,pedestrian,138.259,6.608,-0.2670,1.084,0.5,0.5
38.05,3,pedestrian,109.260,1.519,3.0368,1.083,0.5,0.5
38.05,4,bullockcart,124.512,7.500,-0.1147,0.000,4.5,1.8
38.05,7,cattle,182.830,-3.745,-2.0667,0.000,2.2,0.9
38.15,2,pedestrian,138.372,6.594,-0.1948,1.084,0.5,0.5
38.15,3,pedestrian,109.152,1.514,3.2537,1.083,0.5,0.5
38.15,4,bullockcart,124.512,7.500,-0.1147,0.000,4.5,1.8
38.15,7,cattle,182.830,-3.745,-2.0667,0.000,2.2,0.9
38.25,2,pedestrian,138.487,6.589,0.0228,1.084,0.5,0.5
38.25,3,pedestrian,109.044,1.492,3.0913,1.083,0.5,0.5
38.25,4,bullockcart,124.512,7.500,-0.1147,0.000,4.5,1.8
38.25,7,cattle,182.830,-3.745,-2.0667,0.000,2.2,0.9
38.35,2,pedestrian,138.598,6.551,-0.1224,1.084,0.5,0.5
38.35,3,pedestrian,108.936,1.498,3.2131,1.083,0.5,0.5
38.35,4,bullockcart,124.512,7.500,-0.1147,0.000,4.5,1.8
38.35,7,cattle,182.830,-3.745,-2.0667,0.000,2.2,0.9
38.45,2,pedestrian,138.710,6.520,-0.2743,1.084,0.5,0.5
38.45,3,pedestrian,108.827,1.496,3.0777,1.083,0.5,0.5
38.45,4,bullockcart,124.512,7.500,-0.1147,0.000,4.5,1.8
38.45,7,cattle,182.830,-3.745,-2.0667,0.000,2.2,0.9
38.55,2,pedestrian,138.823,6.497,-0.1003,1.084,0.5,0.5
38.55,3,pedestrian,108.719,1.500,3.1539,1.083,0.5,0.5
38.55,4,bullockcart,124.512,7.500,-0.1147,0.000,4.5,1.8
38.55,7,cattle,182.830,-3.745,-2.0667,0.000,2.2,0.9
38.65,2,pedestrian,138.941,6.454,-0.2418,1.084,0.5,0.5
38.65,3,pedestrian,108.610,1.511,3.1243,1.083,0.5,0.5
38.65,4,bullockcart,124.512,7.500,-0.1147,0.000,4.5,1.8
38.65,7,cattle,182.830,-3.745,-2.0667,0.000,2.2,0.9
38.75,2,pedestrian,139.062,6.441,-0.1038,1.084,0.5,0.5
38.75,3,pedestrian,108.501,1.519,3.1167,1.083,0.5,0.5
38.75,4,bullockcart,124.512,7.500,-0.1147,0.000,4.5,1.8
38.75,7,cattle,182.830,-3.745,-2.0667,0.000,2.2,0.9
38.85,2,pedestrian,139.181,6.412,-0.0958,1.084,0.5,0.5
38.85,3,pedestrian,108.395,1.467,3.3368,1.083,0.5,0.5
38.85,4,bullockcart,124.512,7.500,-0.1147,0.000,4.5,1.8
38.85,7,cattle,182.830,-3.745,-2.0667,0.000,2.2,0.9
38.95,2,pedestrian,139.298,6.367,-0.2274,1.084,0.5,0.5
38.95,3,pedestrian,108.288,1.443,3.1469,1.083,0.5,0.5
38.95,4,bullockcart,124.512,7.500,-0.1147,0.000,4.5,1.8
38.95,7,cattle,182.830,-3.745,-2.0667,0.000,2.2,0.9
39.05,2,pedestrian,139.422,6.350,-0.0415,1.084,0.5,0.5
39.05,3,pedestrian,108.181,1.401,3.3368,1.083,0.5,0.5
39.05,4,bullockcart,124.512,7.500,-0.1147,0.000,4.5,1.8
39.05,7,cattle,182.830,-3.745,-2.0667,0.000,2.2,0.9
39.15,2,pedestrian,139.556,6.372,-0.0128,1.084,0.5,0.5
39.15,3,pedestrian,108.074,1.381,3.2764,1.083,0.5,0.5
39.15,4,bullockcart,124.512,7.500,-0.1147,0.000,4.5,1.8
39.15,7,cattle,182.830,-3.745,-2.0667,0.000,2.2,0.9
39.25,2,pedestrian,139.678,6.320,-0.3104,1.084,0.5,0.5
39.25,3,pedestrian,107.965,1.386,3.2755,1.083,0.5,0.5
39.25,4,bullockcart,124.512,7.500,-0.1147,0.000,4.5,1.8
39.25,7,cattle,182.830,-3.745,-2.0667,0.000,2.2,0.9
39.35,2,pedestrian,139.804,6.290,-0.2968,1.084,0.5,0.5
39.35,3,pedestrian,107.858,1.368,3.2986,1.083,0.5,0.5
39.35,4,bullockcart,124.512,7.500,-0.1147,0.000,4.5,1.8
39.35,7,cattle,182.830,-3.745,-2.0667,0.000,2.2,0.9
39.45,2,pedestrian,139.932,6.273,-0.1829,1.084,0.5,0.5
39.45,3,pedestrian,107.749,1.369,3.1311,1.083,0.5,0.5
39.45,4,bullockcart,124.512,7.500,-0.1147,0.000,4.5,1.8
39.45,7,cattle,182.830,-3.745,-2.0667,0.000,2.2,0.9
39.55,2,pedestrian,140.065,6.269,-0.1216,1.084,0.5,0.5
39.55,3,pedestrian,107.642,1.346,3.2282,1.083,0.5,0.5
39.55,4,bullockcart,124.512,7.500,-0.1147,0.000,4.5,1.8
39.55,7,cattle,182.830,-3.745,-2.0667,0.000,2.2,0.9
39.65,2,pedestrian,140.201,6.279,-0.1341,1.084,0.5,0.5
39.65,3,pedestrian,107.534,1.347,3.1893,1.083,0.5,0.5
39.65,4,bullockcart,124.512,7.500,-0.1147,0.000,4.5,1.8
39.65,7,cattle,182.830,-3.745,-2.0667,0.000,2.2,0.9
39.75,2,pedestrian,140.330,6.248,-0.3217,1.084,0.5,0.5
39.75,3,pedestrian,107.426,1.334,3.1655,1.083,0.5,0.5
39.75,4,bullockcart,124.512,7.500,-0.1147,0.000,4.5,1.8
39.75,7,cattle,182.830,-3.745,-2.0667,0.000,2.2,0.9
39.85,2,pedestrian,140.460,6.223,-0.1463,1.084,0.5,0.5
39.85,3,pedestrian,107.318,1.320,3.1687,1.083,0.5,0.5
39.85,4,bullockcart,124.512,7.500,-0.1147,0.000,4.5,1.8
39.85,7,cattle,182.830,-3.745,-2.0667,0.000,2.2,0.9
39.95,2,pedestrian,140.590,6.203,-0.2861,1.084,0.5,0.5
39.95,3,pedestrian,107.210,1.316,3.1753,1.083,0.5,0.5
39.95,4,bullockcart,124.512,7.500,-0.1147,0.000,4.5,1.8
39.95,7,cattle,182.830,-3.745,-2.0667,0.000,2.2,0.9
40.05,2,pedestrian,140.719,6.180,-0.3653,1.084,0.5,0.5
40.05,3,pedestrian,107.102,1.311,3.1889,1.083,0.5,0.5
40.05,4,bullockcart,124.512,7.500,-0.1147,0.000,4.5,1.8
40.05,7,cattle,182.830,-3.745,-2.0667,0.000,2.2,0.9
40.15,2,pedestrian,140.840,6.124,-0.3720,1.084,0.5,0.5
40.15,3,pedestrian,106.993,1.320,3.0895,1.083,0.5,0.5
40.15,4,bullockcart,124.512,7.500,-0.1147,0.000,4.5,1.8
40.15,7,cattle,182.830,-3.745,-2.0667,0.000,2.2,0.9
40.25,2,pedestrian,140.971,6.112,-0.2104,1.084,0.5,0.5
40.25,3,pedestrian,106.885,1.307,3.2754,1.083,0.5,0.5
40.25,4,bullockcart,124.512,7.500,-0.1147,0.000,4.5,1.8
40.25,7,cattle,182.830,-3.745,-2.0667,0.000,2.2,0.9
40.35,2,pedestrian,141.099,6.085,-0.3650,1.084,0.5,0.5
40.35,3,pedestrian,106.776,1.317,3.0368,1.083,0.5,0.5
40.35,4,bullockcart,124.512,7.500,-0.1147,0.000,4.5,1.8
40.35,7,cattle,182.830,-3.745,-2.0667,0.000,2.2,0.9
40.45,2,pedestrian,141.221,6.047,-0.3912,1.084,0.5,0.5
40.45,3,pedestrian,106.668,1.321,3.0883,1.083,0.5,0.5
40.45,4,bullockcart,124.512,7.500,-0.1147,0.000,4.5,1.8
40.45,7,cattle,182.830,-3.745,-2.0667,0.000,2.2,0.9
40.55,2,pedestrian,141.347,6.033,-0.1977,1.084,0.5,0.5
40.55,3,pedestrian,106.560,1.318,3.2280,1.083,0.5,0.5
40.55,4,bullockcart,124.512,7.500,-0.1147,0.000,4.5,1.8
40.55,7,cattle,182.830,-3.745,-2.0667,0.000,2.2,0.9
40.65,2,pedestrian,141.465,5.988,-0.2962,1.084,0.5,0.5
40.65,3,pedestrian,106.452,1.305,3.1802,1.083,0.5,0.5
40.65,4,bullockcart,124.512,7.500,-0.1147,0.000,4.5,1.8
40.65,7,cattle,182.825,-3.759,-1.6888,0.150,2.2,0.9
40.75,2,pedestrian,141.586,5.950,-0.3597,1.084,0.5,0.5
40.75,3,pedestrian,106.343,1.306,3.2792,1.083,0.5,0.5
40.75,4,bullockcart,124.512,7.500,-0.1147,0.000,4.5,1.8
40.75,7,cattle,182.819,-3.773,-2.0136,0.150,2.2,0.9
40.85,2,pedestrian,141.714,5.943,-0.3150,1.084,0.5,0.5
40.85,3,pedestrian,106.236,1.277,3.3368,1.083,0.5,0.5
40.85,4,bullockcart,124.512,7.500,-0.1147,0.000,4.5,1.8
40.85,7,cattle,182.812,-3.786,-2.1772,0.150,2.2,0.9
40.95,2,pedestrian,141.830,5.918,-0.2248,1.084,0.5,0.5
40.95,3,pedestrian,106.129,1.246,3.3368,1.083,0.5,0.5
40.95,4,bullockcart,124.512,7.500,-0.1147,0.000,4.5,1.8
40.95,7,cattle,182.808,-3.800,-1.8903,0.150,2.2,0.9
41.05,2,pedestrian,141.951,5.911,-0.1976,1.084,0.5,0.5
41.05,3,pedestrian,106.020,1.273,3.1753,1.083,0.5,0.5
41.05,4,bullockcart,124.512,7.500,-0.1147,0.000,4.5,1.8
41.05,7,cattle,182.799,-3.812,-2.0925,0.150,2.2,0.9
41.15,2,pedestrian,142.067,5.886,-0.2503,1.084,0.5,0.5
41.15,3,pedestrian,105.912,1.268,3.2240,1.083,0.5,0.5
41.15,4,bullockcart,124.512,7.500,-0.1147,0.000,4.5,1.8
41.15,7,cattle,182.793,-3.826,-1.8358,0.150,2.2,0.9
41.25,2,pedestrian,142.188,5.876,-0.1522,1.084,0.5,0.5
41.25,3,pedestrian,105.803,1.266,3.1236,1.083,0.5,0.5
41.25,4,bullockcart,124.512,7.500,-0.1147,0.000,4.5,1.8
41.25,7,cattle,182.798,-3.840,-1.3655,0.150,2.2,0.9
41.35,2,pedestrian,142.294,5.824,-0.4269,1.084,0.5,0.5
41.35,3,pedestrian,105.695,1.276,3.1906,1.083,0.5,0.5
41.35,4,bullockcart,124.512,7.500,-0.1147,0.000,4.5,1.8
41.35,7,cattle,182.796,-3.854,-1.8442,0.150,2.2,0.9
41.45,2,pedestrian,142.399,5.787,-0.2574,1.084,0.5,0.5
41.45,3,pedestrian,105.587,1.255,3.2404,1.083,0.5,0.5
41.45,4,bullockcart,124.512,7.500,-0.1147,0.000,4.5,1.8
41.45,7,cattle,182.797,-3.869,-1.4350,0.150,2.2,0.9
41.55,2,pedestrian,142.509,5.766,-0.2499,1.084,0.5,0.5
41.55,3,pedestrian,105.478,1.280,3.0368,1.083,0.5,0.5
41.55,4,bullockcart,124.512,7.500,-0.1147,0.000,4.5,1.8
41.55,7,cattle,182.797,-3.884,-1.8942,0.150,2.2,0.9
41.65,2,pedestrian,142.625,5.764,-0.1858,1.084,0.5,0.5
41.65,3,pedestrian,105.370,1.263,3.2988,1.083,0.5,0.5
41.65,4,bullockcart,124.512,7.500,-0.1147,0.000,4.5,1.8
41.65,7,cattle,182.792,-3.898,-1.8815,0.150,2.2,0.9
41.75,2,pedestrian,142.723,5.702,-0.4307,1.084,0.5,0.5
41.75,3,pedestrian,105.262,1.260,3.1530,1.083,0.5,0.5
41.75,4,bullockcart,124.512,7.500,-0.1147,0.000,4.5,1.8
41.75,7,cattle,182.785,-3.911,-2.1331,0.150,2.2,0.9
41.85,2,pedestrian,142.825,5.660,-0.3225,1.084,0.5,0.5
41.85,3,pedestrian,105.154,1.261,3.2289,1.083,0.5,0.5
41.85,4,bullockcart,124.512,7.500,-0.1147,0.000,4.5,1.8
41.85,7,cattle,182.780,-3.925,-1.9267,0.150,2.2,0.9
41.95,2,pedestrian,142.924,5.614,-0.2576,1.084,0.5,0.5
41.95,3,pedestrian,105.046,1.250,3.0950,1.083,0.5,0.5
41.95,4,bullockcart,124.512,7.500,-0.1147,0.000,4.5,1.8
41.95,7,cattle,182.775,-3.939,-1.9558,0.150,2.2,0.9
42.05,2,pedestrian,143.038,5.615,-0.2232,1.084,0.5,0.5
42.05,3,pedestrian,104.938,1.224,3.2404,1.083,0.5,0.5
42.05,4,bullockcart,124.512,7.500,-0.1147,0.000,4.5,1.8
42.05,7,cattle,182.764,-3.948,-2.9095,0.150,2.2,0.9
42.15,2,pedestrian,143.154,5.627,-0.1677,1.084,0.5,0.5
42.15,3,pedestrian,104.831,1.203,3.2079,1.083,0.5,0.5
42.15,4,bullockcart,124.512,7.500,-0.1147,0.000,4.5,1.8
42.15,7,cattle,182.757,-3.960,-1.8140,0.150,2.2,0.9
42.25,2,pedestrian,143.267,5.628,-0.1311,1.084,0.5,0.5
42.25,3,pedestrian,104.724,1.174,3.2200,1.083,0.5,0.5
42.25,4,bullockcart,124.512,7.500,-0.1147,0.000,4.5,1.8
42.25,7,cattle,182.752,-3.954,2.1840,0.150,2.2,0.9
42.35,2,pedestrian,143.369,5.588,-0.2974,1.084,0.5,0.5
42.35,3,pedestrian,104.615,1.189,3.1987,1.083,0.5,0.5
42.35,4,bullockcart,124.512,7.500,-0.1147,0.000,4.5,1.8
42.35,7,cattle,182.740,-3.945,2.6807,0.150,2.2,0.9
42.45,2,pedestrian,143.470,5.547,-0.2216,1.084,0.5,0.5
42.45,3,pedestrian,104.508,1.164,3.3029,1.083,0.5,0.5
42.45,4,bullockcart,124.512,7.500,-0.1147,0.000,4.5,1.8
42.45,7,cattle,182.728,-3.937,2.6271,0.150,2.2,0.9
42.55,2,pedestrian,143.577,5.527,-0.2688,1.084,0.5,0.5
42.55,3,pedestrian,104.399,1.164,3.1987,1.083,0.5,0.5
42.55,4,bullockcart,124.512,7.500,-0.1147,0.000,4.5,1.8
42.55,7,cattle,182.716,-3.928,2.4724,0.150,2.2,0.9
42.65,2,pedestrian,143.687,5.517,-0.1746,1.084,0.5,0.5
42.65,3,pedestrian,104.290,1.177,3.0615,1.083,0.5,0.5
42.65,4,bullockcart,124.512,7.500,-0.1147,0.000,4.5,1.8
42.65,7,cattle,182.701,-3.924,2.8957,0.150,2.2,0.9
42.75,2,pedestrian,143.789,5.480,-0.3316,1.084,0.5,0.5
42.75,3,pedestrian,104.182,1.188,3.1822,1.083,0.5,0.5
42.75,4,bullockcart,124.512,7.500,-0.1147,0.000,4.5,1.8
42.75,7,cattle,182.687,-3.923,3.0257,0.150,2.2,0.9
42.85,2,pedestrian,143.890,5.439,-0.3374,1.084,0.5,0.5
42.85,3,pedestrian,104.074,1.161,3.3079,1.083,0.5,0.5
42.85,4,bullockcart,124.512,7.500,-0.1147,0.000,4.5,1.8
42.85,7,cattle,182.672,-3.923,3.2709,0.150,2.2,0.9
42.95,2,pedestrian,143.993,5.406,-0.4311,1.084,0.5,0.5
42.95,3,pedestrian,103.966,1.156,3.2031,1.083,0.5,0.5
42.95,4,bullockcart,124.512,7.500,-0.1147,0.000,4.5,1.8
42.95,7,cattle,182.658,-3.930,3.6224,0.150,2.2,0.9
43.05,2,pedestrian,144.107,5.409,-0.1642,1.084,0.5,0.5
43.05,3,pedestrian,103.858,1.143,3.2206,1.083,0.5,0.5
43.05,4,bullockcart,124.512,7.500,-0.1147,0.000,4.5,1.8
43.05,7,cattle,182.652,-3.934,0.6761,0.150,2.2,0.9
43.15,2,pedestrian,144.218,5.404,-0.1532,1.084,0.5,0.5
43.15,3,pedestrian,103.750,1.149,3.0459,1.083,0.5,0.5
43.15,4,bullockcart,124.512,7.500,-0.1147,0.000,4.5,1.8
43.15,7,cattle,182.661,-3.922,0.9317,0.150,2.2,0.9
43.25,2,pedestrian,144.312,5.339,-0.4311,1.084,0.5,0.5
43.25,3,pedestrian,103.642,1.133,3.1623,1.083,0.5,0.5
43.25,4,bullockcart,124.512,7.500,-0.1147,0.000,4.5,1.8
43.25,7,cattle,182.671,-3.911,0.5873,0.150,2.2,0.9
43.35,2,pedestrian,144.415,5.303,-0.2097,1.084,0.5,0.5
43.35,3,pedestrian,103.535,1.106,3.1268,1.083,0.5,0.5
43.35,4,bullockcart,124.512,7.500,-0.1147,0.000,4.5,1.8
43.35,7,cattle,182.681,-3.900,0.8967,0.150,2.2,0.9
43.45,2,pedestrian,144.512,5.251,-0.3629,1.084,0.5,0.5
43.45,3,pedestrian,103.427,1.097,3.2316,1.083,0.5,0.5
43.45,4,bullockcart,124.512,7.500,-0.1147,0.000,4.5,1.8
43.45,7,cattle,182.688,-3.886,1.0697,0.150,2.2,0.9
43.55,2,pedestrian,144.618,5.226,-0.1909,1.084,0.5,0.5
43.55,3,pedestrian,103.319,1.096,3.1035,1.083,0.5,0.5
43.55,4,bullockcart,124.512,7.500,-0.1147,0.000,4.5,1.8
43.55,7,cattle,182.692,-3.872,1.2740,0.150,2.2,0.9
43.65,2,pedestrian,144.715,5.171,-0.4311,1.084,0.5,0.5
43.65,3,pedestrian,103.210,1.113,3.2487,1.083,0.5,0.5
43.65,4,bullockcart,124.512,7.500,-0.1147,0.000,4.5,1.8
43.65,7,cattle,182.692,-3.857,1.7786,0.150,2.2,0.9
